"","Var1","Freq"
"1","Acer",246
"2","Cornus mas L.",138
"3","Cercis canadensis L.",105
"4","Hamamelis virginiana L.",91
"5","Cornus florida L.",87
"6","Quercus macrocarpa Michx.",86
"7","Aesculus glabra Willd.",77
"8","Acer rubrum L.",73
"9","Pinus strobus L.",73
"10","Tilia cordata Mill.",72
"11","Aesculus parviflora Walter",69
"12","Carpinus",68
"13","Hamamelis vernalis Sarg.",66
"14","Pyrus ussuriensis Maxim.",66
"15","Syringa pekinensis Rupr.",66
"16","Tsuga canadensis (L.) Carrière",66
"17","Viburnum lantana L.",65
"18","Amelanchier laevis Wiegand",60
"19","Quercus bicolor Willd.",60
"20","Tilia americana var. americana",58
"21","Acer tataricum subsp. ginnala (Maxim.) Wesm.",53
"22","Cercidiphyllum japonicum Siebold & Zucc.",53
"23","Malus × zumi 'Calocarpa'",53
"24","Quercus muehlenbergii Engelm.",52
"25","Thuja occidentalis L.",51
"26","Hydrangea paniculata Siebold",50
"27","Calycanthus floridus L.",45
"28","Ginkgo biloba L.",45
"29","Larix decidua Mill.",45
"30","Malus baccata var. mandshurica C.K.Schneid.",45
"31","Halesia carolina L.",44
"32","Malus baccata (L.) Borkh.",44
"33","Picea abies (L.) H.Karst.",44
"34","Viburnum dentatum L.",44
"35","Acer saccharum Marshall",42
"36","Buxus microphylla var. koreana Nakai ex E.H.Wilson",42
"37","Corylus americana Walter",42
"38","Malus floribunda Siebold ex Van Houtte",42
"39","Kolkwitzia amabilis Graebn.",41
"40","Magnolia kobus var. borealis Sarg.",41
"41","Tilia platyphyllos Scop.",41
"42","Carpinus caroliniana var. virginiana (Marshall) Fernald",40
"43","Cornus sericea subsp. sericea",40
"44","Pinus resinosa Aiton",40
"45","Quercus alba L.",40
"46","Acer saccharinum L.",39
"47","Crataegus crus-galli L.",39
"48","Malus hupehensis (Pamp.) Rehder",39
"49","Viburnum burejaeticum Regel & Herd",38
"50","Acer platanoides L.",37
"51","Lespedeza bicolor Turcz.",37
"52","Liriodendron tulipifera L.",37
"53","Pinus sylvestris L.",37
"54","Diospyros virginiana L.",36
"55","Ilex verticillata (L.) A.Gray",36
"56","Juglans nigra L.",36
"57","Koelreuteria paniculata Laxm.",36
"58","Magnolia stellata (Siebold & Zucc.) Maxim.",36
"59","Potentilla fruticosa L.",36
"60","Prunus spinosa L.",36
"61","Staphylea trifolia L.",36
"62","Syringa reticulata var. reticulata (Blume) Hara",36
"63","Viburnum opulus var. opulus",36
"64","Acer miyabei Maxim.",35
"65","Chionanthus virginicus L.",35
"66","Lonicera fragrantissima Lindl. & Paxton",35
"67","Malus toringoides (Rehder) Hughes",35
"68","Mespilus germanica L.",35
"69","Carya illinoinensis (Wangenh.) K.Koch",34
"70","Fraxinus pennsylvanica var. subintegerrima (Vahl) Fernald",34
"71","Lonicera × xylosteoides 'Clavey's Dwarf'",34
"72","Quercus prinoides Willd.",34
"73","Ulmus parvifolia Jacq.",34
"74","Aesculus pavia L.",33
"75","Caragana arborescens Lam.",33
"76","Cephalanthus occidentalis L.",33
"77","Euonymus maackii Rupr.",33
"78","Rhodotypos scandens (Thunb.) Makino",33
"79","Syringa wolfii C.K.Schneid.",33
"80","Fagus sylvatica L.",32
"81","Magnolia × soulangeana Soul.-Bod.",32
"82","Malus sargentii Rehder",32
"83","Quercus palustris Münchh. [1]",32
"84","Euonymus alatus (Thunb.) Siebold",31
"85","Ulmus americana L.",31
"86","Viburnum farreri Stearn",31
"87","Viburnum sargentii Koehne",31
"88","Malus 'Bob White'",30
"89","Malus 'Donald Wyman'",30
"90","Pinus tabulaeformis Carrière",30
"91","Quercus rubra L.",30
"92","Viburnum prunifolium L.",30
"93","Vitex negundo var. heterophylla (Franch.) Rehder",30
"94","Viburnum × burkwoodii Burkwood & Skipwith",29
"95","Acer palmatum × pseudosieboldianum",28
"96","Celtis occidentalis L.",28
"97","Hydrangea quercifolia W.Bartram",28
"98","Magnolia acuminata L.",28
"99","Mahonia aquifolium (Pursh) Nutt.",28
"100","Ostrya virginiana (Mill.) K.Koch",28
"101","Phellodendron amurense Rupr.",28
"102","Pinus banksiana Lamb.",28
"103","Weigela praecox (Lemoine) Bailey",28
"104","Alnus glutinosa (L.) Gaertn.",27
"105","Alnus incana subsp. rugosa (Du Roi) R.T.Clausen",27
"106","Clethra alnifolia L.",27
"107","Cornus drummondii C.A.Mey.",27
"108","Cornus officinalis Siebold & Zucc.",27
"109","Pseudotsuga menziesii var. glauca (Beissn.) Franco",27
"110","Quercus robur L.",27
"111","Sorbus aucuparia L.",27
"112","Ulmus davidiana var. japonica (Rehder) Nakai",27
"113","Acer campestre L.",26
"114","Acer tataricum L.",26
"115","Aesculus flava Sol.",26
"116","Betula nigra L.",26
"117","Fagus grandifolia Ehrh.",26
"118","Lindera benzoin (L.) Blume",26
"119","Myrica pensylvanica Mirb.",26
"120","Pyrus calleryana var. fauriei (C.K.Schneid.) Rehder",26
"121","Symphoricarpos albus var. laevigatus (Fernald) Blake",26
"122","Taxodium distichum (L.) Rich.",26
"123","Ulmus glabra Huds.",26
"124","Viburnum × juddii Rehder",26
"125","Viburnum lentago L.",26
"126","Cornus foemina subsp. racemosa",25
"127","Juglans cinerea L.",25
"128","Liquidambar styraciflua L.",25
"129","Malus 'Adams'",25
"130","Quercus ellipsoidalis E.J.Hill",25
"131","Tilia mongolica Maxim.",25
"132","Aesculus glabra var. sargentii Rehder",24
"133","Cladrastis kentukea (Dum.Cours.) Rudd",24
"134","Hydrangea arborescens 'Grandiflora'",24
"135","Thuja plicata Donn ex D.Don",24
"136","Ulmus pumila L.",24
"137","Viburnum cassinoides L.",24
"138","Aesculus discolor Pursh",23
"139","Exochorda racemosa subsp. racemosa",23
"140","Gymnocladus dioicus (L.) K.Koch",23
"141","Hamamelis vernalis f. carnea Rehder",23
"142","Hydrangea quercifolia 'Snow Queen'",23
"143","Hypericum kalmianum L.",23
"144","Lonicera xylosteum L.",23
"145","Philadelphus pekinensis Rupr.",23
"146","Rhododendron micranthum Turcz.",23
"147","Sorbus alnifolia (Siebold & Zucc.) K.Koch",23
"148","Syringa patula (Palib.) Nakai",23
"149","Syringa yunnanensis Franch.",23
"150","Acer campestre var. austriacum (Tratt.) DC.",22
"151","Acer miyabei 'Morton'",22
"152","Alnus incana (L.) Moench",22
"153","Betula populifolia Marshall",22
"154","Buxus microphylla var. koreana 'Wintergreen'",22
"155","Castanea mollissima Blume",22
"156","Cornus amomum subsp. obliqua (Raf.) J.S.Wilson",22
"157","Cotinus coggygria Scop.",22
"158","Magnolia tripetala (L.) L.",22
"159","Quercus montana Willd.",22
"160","Syringa pekinensis 'Morton'",22
"161","Tilia tomentosa Moench",22
"162","Acer mono Maxim.",21
"163","Acer pseudosieboldianum (Pax) Kom.",21
"164","Acer triflorum Kom.",21
"165","Aronia melanocarpa (Michx.) Elliott",21
"166","Callicarpa dichotoma (Lour.) K.Koch",21
"167","Calycanthus fertilis Walter",21
"168","Carpinus betulus L.",21
"169","Carya",21
"170","Catalpa ovata G.Don",21
"171","Crataegus phaenopyrum (L.f.) Medik.",21
"172","Cytisus supinus L.",21
"173","Malus sieboldii (Regel) Rehder",21
"174","Prunus americana Marshall",21
"175","Rhododendron mucronulatum Turcz.",21
"176","Ribes alpinum 'Pumilum'",21
"177","Taxus cuspidata Siebold & Zucc.",21
"178","Acer negundo var. violaceum Booth ex G.Kirchn.",20
"179","Acer platanoides 'Schwedleri'",20
"180","Aronia arbutifolia (L.) Pers.",20
"181","Catalpa × erubescens Carrière",20
"182","Hypericum prolificum L.",20
"183","Juglans mandshurica Maxim.",20
"184","Ligustrum vulgare L.",20
"185","Malus 'Mary Potter'",20
"186","Malus × arnoldiana (Rehder) Sarg. ex Rehder",20
"187","Physocarpus opulifolius (L.) Maxim.",20
"188","Quercus imbricaria Michx.",20
"189","Rosa rubiginosa L.",20
"190","Sorbaria sorbifolia (L.) A.Braun",20
"191","Styrax japonicus Siebold & Zucc.",20
"192","Viburnum dilatatum Thunb.",20
"193","Viburnum rufidulum Raf.",20
"194","Abies concolor (Gordon & Glend.) Lindl. ex Hildebr.",19
"195","Acer griseum (Franch.) Pax",19
"196","Acer palmatum Thunb.",19
"197","Betula alleghaniensis Britton",19
"198","Cornus alternifolia L.f.",19
"199","Cornus quinquenervis Franch.",19
"200","Cotoneaster multiflorus Bunge",19
"201","Cotoneaster multiflorus var. calocarpus Rehder & E.H.Wilson",19
"202","Malus baccata var. jackii Rehder",19
"203","Metasequoia glyptostroboides Hu & W.C.Cheng",19
"204","Platanus occidentalis L.",19
"205","Ptelea trifoliata L.",19
"206","Pyrus fauriei C.K.Schneid.",19
"207","Rosa mollis Sm.",19
"208","Rosa rugosa 'Frau Dagmar Hastrup'",19
"209","Rosa villosa L.",19
"210","Symphoricarpos occidentalis Hook.",19
"211","Syringa meyeri 'Palibin'",19
"212","Syringa reticulata var. amurensis (Rupr.) Pringle",19
"213","Ulmus laevis Pall.",19
"214","Viburnum opulus var. americanum Aiton",19
"215","Viburnum rafinesquianum Schult.",19
"216","Acer pensylvanicum L.",18
"217","Amorpha glabra Desf. ex Pers.",18
"218","Clematis integrifolia L.",18
"219","Cornus mas 'Golden Glory'",18
"220","Genista tinctoria L.",18
"221","Magnolia × loebneri 'Merrill'",18
"222","Magnolia virginiana L.",18
"223","Malus coronaria var. dasycalyx Rehder",18
"224","Pinus densiflora 'Umbraculifera'",18
"225","Quercus stellata Wangenh.",18
"226","Rhus aromatica Aiton",18
"227","Rosa carolina L.",18
"228","Salvia officinalis L.",18
"229","Securinega suffruticosa (Pall.) Rehder",18
"230","Spiraea alba Du Roi",18
"231","Tilia 'Redmond'",18
"232","Tilia americana 'Moltkei'",18
"233","Ulmus thomasii Sarg.",18
"234","Acer japonicum Thunb.",17
"235","Acer saccharum subsp. nigrum (F.Michx.) Desmarais",17
"236","Acer truncatum Bunge",17
"237","Aesculus hippocastanum L.",17
"238","Betula papyrifera Marshall",17
"239","Buddleja alternifolia Maxim.",17
"240","Caragana frutex (L.) K.Koch",17
"241","Caragana maximowicziana Kom.",17
"242","Carya ovata (Mill.) K.Koch",17
"243","Cotoneaster horizontalis Decne.",17
"244","Eleutherococcus sessiliflorus (Rupr. & Maxim.) S.Y.Hu",17
"245","Fraxinus excelsior L.",17
"246","Hydrangea arborescens 'Annabelle'",17
"247","Itea virginica 'Morton'",17
"248","Malus × adstringens Zabel",17
"249","Pinus nigra J.F.Arnold",17
"250","Potentilla fruticosa 'Grandiflora'",17
"251","Potentilla fruticosa var. veitchii (E.H.Wilson) Bean",17
"252","Prunus triloba Lindl.",17
"253","Pseudotsuga menziesii (Mirb.) Franco",17
"254","Pyrus communis L.",17
"255","Quercus shumardii Buckley",17
"256","Rhamnus cathartica L.",17
"257","Rhus typhina L.",17
"258","Sophora japonica L.",17
"259","Syringa reticulata subsp. reticulata",17
"260","Tilia cordata Mill. subsp. cordata",17
"261","Tilia japonica (Miq.) Simonk.",17
"262","Ulmus japonica (Rehder) Sarg.",17
"263","Viburnum farreri 'Album'",17
"264","Viburnum rafinesquianum var. affine (C.K.Schneid.) House",17
"265","Viburnum sieboldii Miq.",17
"266","Abeliophyllum distichum Nakai",16
"267","Aesculus",16
"268","Aesculus turbinata Blume",16
"269","Amelanchier × grandiflora Rehder",16
"270","Amorpha canescens Pursh",16
"271","Calamintha nepeta subsp. nepeta",16
"272","Carpinus caroliniana Walter",16
"273","Chaenomeles japonica (Thunb.) Lindl.",16
"274","Cornus amomum Mill.",16
"275","Corylus colurna L.",16
"276","Diervilla lonicera Mill.",16
"277","Eucommia ulmoides Oliv.",16
"278","Fothergilla major Lodd.",16
"279","Hemiptelea davidii (Hance) Planch.",16
"280","Lavandula angustifolia Mill.",16
"281","Magnolia × soulangeana 'Lennei'",16
"282","Magnolia denudata Desr.",16
"283","Malus",16
"284","Malus 'Professor Sprenger'",16
"285","Neviusia alabamensis Gray",16
"286","Prunus tomentosa Thunb.",16
"287","Pyrus betulaefolia Bunge",16
"288","Pyrus serrulata Rehder",16
"289","Rhus glabra L.",16
"290","Rosa davurica Pall.",16
"291","Salix alba 'Tristis'",16
"292","Salix purpurea L.",16
"293","Viburnum carlesii Hemsl.",16
"294","Viburnum molle Michx.",16
"295","Vitex agnus-castus f. latifolia (Mill.) Rehder",16
"296","Alnus serrulata (Aiton) Willd.",15
"297","Amelanchier humilis Wiegand",15
"298","Asimina triloba (L.) Dunal",15
"299","Callicarpa dichotoma 'Issai'",15
"300","Callicarpa japonica Thunb.",15
"301","Cydonia oblonga Mill.",15
"302","Euonymus atropurpureus Jacq.",15
"303","Exochorda racemosa (Lindl.) Rehder",15
"304","Hamamelis × intermedia Rehder",15
"305","Heptacodium miconioides Rehder",15
"306","Indigofera kirilowii Maxim. ex Palib.",15
"307","Juniperus chinensis L.",15
"308","Lonicera ruprechtiana Regel",15
"309","Maackia amurensis Maxim. & Rupr.",15
"310","Malus bracteata Rehder",15
"311","Malus ioensis 'Fimbriata'",15
"312","Malus ioensis (Alph. Wood) Britton",15
"313","Pinus parviflora Siebold & Zucc.",15
"314","Pinus ponderosa Douglas ex P.Lawson & C.Lawson",15
"315","Pinus rigida Mill.",15
"316","Pyrus pyrifolia (Burm.) Nakai",15
"317","Quercus × deamii Trel.",15
"318","Quercus acutissima Carruth.",15
"319","Rhododendron flavum (Hoffm.) G.Don",15
"320","Rhus aromatica 'Gro-low'",15
"321","Ribes odoratum H.L.Wendl.",15
"322","Sambucus canadensis L.",15
"323","Spiraea betulifolia 'Tor'",15
"324","Stachys monieri 'Hummelo'",15
"325","Syringa vulgaris L.",15
"326","Ulmus americana 'Moline'",15
"327","Viburnum × carlcephalum Burkwood",15
"328","Betula platyphylla var. japonica (Miq.) Hara",14
"329","Cornus kousa F.Buerger ex Hance",14
"330","Cotinus coggygria 'Royal Purple'",14
"331","Fontanesia fortunei Carrière",14
"332","Fraxinus quadrangulata Michx.",14
"333","Hydrangea paniculata 'Limelight'",14
"334","Kerria japonica (L.) DC.",14
"335","Larix laricina (Du Roi) K.Koch",14
"336","Leptodermis oblonga Bunge",14
"337","Lonicera chrysantha Turcz. ex Ledeb.",14
"338","Malus 'Profusion'",14
"339","Picea asperata Mast.",14
"340","Picea glauca (Moench) Voss",14
"341","Picea koyamae Shiras.",14
"342","Picea omorika (Pancic) Purk.",14
"343","Pinus mugo Turra",14
"344","Populus deltoides Marshall",14
"345","Populus maximowiczii Henry",14
"346","Prunus avium (L.) L.",14
"347","Prunus padus L.",14
"348","Prunus sargentii Rehder",14
"349","Quercus × macdanielii 'Clemons'",14
"350","Quercus dentata Thunb.",14
"351","Rosa glauca Pourr.",14
"352","Rosa setigera var. tomentosa Torr. & A.Gray",14
"353","Rubus odoratus L.",14
"354","Sassafras albidum (Nutt.) Nees",14
"355","Spiraea japonica 'Goldflame'",14
"356","Symphoricarpos orbiculatus Moench",14
"357","Tilia oliveri Szyszyl.",14
"358","Viburnum lantana 'Macrophyllum'",14
"359","Viburnum lantana 'Mohican'",14
"360","Viburnum mongolicum (Pall.) Rehder",14
"361","Acer mandshuricum Maxim.",13
"362","Acer palmatum × palmatum 'Sangu Kaku' [1]",13
"363","Acer spicatum Lam.",13
"364","Alnus maritima (Marshall) Muhl. ex Nutt.",13
"365","Amorpha fruticosa L.",13
"366","Berberis koreana Palib.",13
"367","Betula davurica Pall.",13
"368","Betula platyphylla Sukaczev",13
"369","Celtis tenuifolia Nutt.",13
"370","Chamaecyparis pisifera (Siebold & Zucc.) Endl.",13
"371","Chamaecyparis thyoides (L.) Britton, Sterns & Poggenb.",13
"372","Clethra alnifolia 'Ruby Spice'",13
"373","Cornus kousa var. chinensis Osborn",13
"374","Corylus avellana L.",13
"375","Crataegus viridis 'Winter King'",13
"376","Diervilla rivularis 'Morton'",13
"377","Forsythia suspensa (Thunb.) Vahl",13
"378","Fraxinus americana L.",13
"379","Hydrangea arborescens L.",13
"380","Ilex opaca Aiton",13
"381","Ilex verticillata 'Afterglow'",13
"382","Indet.",13
"383","Juniperus rigida Siebold & Zucc.",13
"384","Magnolia × loebneri 'Leonard Messel'",13
"385","Malus 'Red Jade'",13
"386","Malus transitoria (Batalin) C.K.Schneid.",13
"387","Malus yunnanensis (Franch.) C.K.Schneid.",13
"388","Morus australis Poir.",13
"389","Picea wilsonii Mast.",13
"390","Prinsepia sinensis (Oliv.) Oliv. ex Bean",13
"391","Prunus avium 'Plena'",13
"392","Prunus mandshurica Koehne",13
"393","Quercus velutina Lam.",13
"394","Rosa rugosa Thunb.",13
"395","Salix caprea L.",13
"396","Salix discolor Muhl.",13
"397","Sambucus nigra L.",13
"398","Spiraea fritschiana C.K.Schneid.",13
"399","Spiraea miyabei Koidz.",13
"400","Spiraea salicifolia L.",13
"401","Sporobolus heterolepis 'Tara'",13
"402","Syringa oblata var. dilatata (Nakai) Rehder",13
"403","Syringa reticulata subsp. amurensis (Rupr.) P.S.Green & M.C.Chang",13
"404","Ulmus 'Morton'",13
"405","Ulmus lamellosa C.Wang & S.L.Chang",13
"406","Viburnum acerifolium L.",13
"407","Viburnum dentatum var. lucidum Aiton",13
"408","Viburnum nudum L.",13
"409","Viburnum plicatum Thunb.",13
"410","Abies alba Mill.",12
"411","Acer carpinifolium Siebold & Zucc.",12
"412","Alnus hirsuta (Spach) Rupr.",12
"413","Aronia × prunifolia (Marshall) Rehder",12
"414","Aronia melanocarpa 'Morton'",12
"415","Berberis dolichobotrys Fedde",12
"416","Betula pumila L.",12
"417","Catalpa speciosa Teas",12
"418","Ceanothus americanus L.",12
"419","Chionanthus retusus Lindl. & Paxton",12
"420","Cotinus coggygria 'Nordine'",12
"421","Cotinus obovatus Raf.",12
"422","Cotoneaster 'Hessei'",12
"423","Cotoneaster adpressus var. praecox (Vilmor.) Bois & P.Berthault",12
"424","Cotoneaster divaricatus Rehder & E.H.Wilson",12
"425","Crataegus crus-galli var. inermis Lange",12
"426","Crataegus mollis (Torr. & A.Gray) Scheele",12
"427","Diervilla rivularis Gatt.",12
"428","Dirca palustris L.",12
"429","Eleutherococcus senticosus (Rupr. ex Maxim.) Maxim.",12
"430","Euonymus europaeus L.",12
"431","Hamamelis vernalis 'Autumn Embers'",12
"432","Hyssopus officinalis L.",12
"433","Ilex decidua Walter",12
"434","Larix gmelinii var. principis-rupprechtii (Mayr) Pilg.",12
"435","Ligustrum obtusifolium Siebold & Zucc.",12
"436","Lonicera sempervirens L.",12
"437","Magnolia salicifolia (Siebold & Zucc.) Maxim.",12
"438","Malus 'David'",12
"439","Malus 'Dolgo'",12
"440","Malus coronaria (L.) Mill.",12
"441","Malus spontanea (Makino) Makino",12
"442","Nyssa sylvatica Marshall",12
"443","Photinia floribunda (Lindl.) K.R.Robertson & J.B.Phipps",12
"444","Pinus flexilis James",12
"445","Platycladus orientalis (L.) Franco",12
"446","Populus tremuloides Michx.",12
"447","Prunus maximowiczii Rupr.",12
"448","Pyrus calleryana Decne.",12
"449","Pyrus serrulata × calleryana 'Autumn Blaze'",12
"450","Robinia hartwigii Koehne",12
"451","Spiraea japonica 'Crispa'",12
"452","Spiraea thunbergii Siebold ex Blume",12
"453","Spiraea trilobata L.",12
"454","Syringa microphylla Diels",12
"455","Ulmus 'Morton Glossy'",12
"456","Ulmus davidiana var. japonica 'Morton'",12
"457","Ulmus laciniata (Trautv.) Mayr",12
"458","Ulmus procera Salisb.",12
"459","Viburnum farreri 'Nanum'",12
"460","Vinca minor L.",12
"461","Yucca flaccida Haw.",12
"462","Acer × freemanii 'Marmo'",11
"463","Acer campestre 'Baillee'",11
"464","Acer ginnala Maxim.",11
"465","Acer rubrum 'Bowhall'",11
"466","Acer tegmentosum Maxim.",11
"467","Aesculus arguta Buckley",11
"468","Alnus japonica (Thunb.) Steud.",11
"469","Amelanchier sanguinea (Pursh) DC.",11
"470","Calamagrostis brachytricha Steud.",11
"471","Ceratostigma plumbaginoides Bunge",11
"472","Chaenomeles",11
"473","Clematis recta L.",11
"474","Colutea arborescens L.",11
"475","Cornus macrophylla Wall.",11
"476","Cornus sanguinea subsp. australis (C.A.Mey.)  & Jáv.",11
"477","Corylopsis glabrescens Franch. & Sav.",11
"478","Cotoneaster lucidus Schltdl.",11
"479","Crataegus monogyna Jacq.",11
"480","Crataegus pinnatifida Bunge",11
"481","Deutzia parviflora Bunge",11
"482","Elsholtzia stauntonii Benth.",11
"483","Euonymus alatus 'Compactus'",11
"484","Euonymus latifolius (L.) Mill.",11
"485","Euonymus phellomanus Loes.",11
"486","Forsythia ovata Nakai",11
"487","Frangula alnus Mill.",11
"488","Gleditsia triacanthos f. inermis (Castigl.) Zabel",11
"489","Hydrangea bretschneideri Dippel",11
"490","Hydrangea serrata (Thunb.) Ser.",11
"491","Indigofera amblyantha Craib",11
"492","Larix gmelinii var. olgensis (Henry) Ostenf. & Syrach",11
"493","Lespedeza thunbergii (DC.) Nakai",11
"494","Lonicera ruprechtiana var. calvescens Rehder",11
"495","Malus 'Snowbank'",11
"496","Malus prunifolia (Willd.) Borkh.",11
"497","Malus pumila Mill.",11
"498","Oxydendrum arboreum (L.) DC.",11
"499","Panicum virgatum 'Northwind'",11
"500","Phellodendron lavallei Dode",11
"501","Photinia villosa f. maximowicziana (H.Lev.) Rehder",11
"502","Pinus armandii Franch.",11
"503","Pinus bungeana Zucc. ex Endl.",11
"504","Pinus cembra L.",11
"505","Platanus × acerifolia 'Morton Circle'",11
"506","Populus alba L.",11
"507","Potentilla fruticosa 'Abbotswood'",11
"508","Prunus maackii Rupr.",11
"509","Prunus pensylvanica L.f.",11
"510","Prunus serotina Ehrh.",11
"511","Quercus × jackiana C.K.Schneid.",11
"512","Quercus coccinea Muenchh.",11
"513","Quercus texana Buckley",11
"514","Rhus chinensis Mill.",11
"515","Ribes alpinum L.",11
"516","Robinia pseudoacacia L.",11
"517","Rosa palustris Marshall",11
"518","Ruta graveolens L.",11
"519","Salix bebbiana Sarg.",11
"520","Symphoricarpos albus (L.) Blake",11
"521","Syringa patula 'Miss Kim'",11
"522","Syringa villosa Vahl",11
"523","Teucrium chamaedrys L.",11
"524","Ulmus chenmoui W.C.Cheng",11
"525","Ulmus szechuanica W.P.Fang",11
"526","Viburnum × rhytidophylloides Suringar",11
"527","Abies nordmanniana (Steven) Spach",10
"528","Acer barbinerve Maxim. ex Miq.",10
"529","Acer campestre subsp. leiocarpum (Wallr.) Pax",10
"530","Acer davidii subsp. grosseri (Pax) P.C.de Jong",10
"531","Acer japonicum 'Aconitifolium' × japonicum 'Aconitifolium'",10
"532","Acer platanoides 'Goldsworth Purple'",10
"533","Acer pseudoplatanus L.",10
"534","Acer saccharum 'Green Mountain'",10
"535","Acer saccharum subsp. schneckii (Rehder) Desmarais",10
"536","Aesculus × woerlitzensis Koehne",10
"537","Alnus glutinosa 'Pyramidalis'",10
"538","Amelanchier × grandiflora 'Autumn Brilliance'",10
"539","Amelanchier ovalis Medik.",10
"540","Arctostaphylos uva-ursi var. coactilis Fernald & J.F.Macbr.",10
"541","Berberis thunbergii DC.",10
"542","Betula lenta L.",10
"543","Buxus 'Wilson'",10
"544","Caragana brevifolia Kom.",10
"545","Carpinus cordata Blume",10
"546","Carya cordiformis (Wangenh.) K.Koch",10
"547","Cornus bretschneideri L.Henry",10
"548","Cornus mas 'Aurea'",10
"549","Cornus walteri Wangerin",10
"550","Cotoneaster dielsianus Pritz.",10
"551","Deutzia amurensis (Regel) Airy Shaw",10
"552","Fraxinus nigra Marshall",10
"553","Genista tinctoria var. hirsuta DC.",10
"554","Gleditsia triacanthos L.",10
"555","Hydrangea petiolaris Siebold & Zucc.",10
"556","Hydrangea radiata Walter",10
"557","Hypericum 'Sungold'",10
"558","Ilex verticillata 'Winter Red'",10
"559","Itea virginica 'Henry's Garnet'",10
"560","Juniperus chinensis 'Fairview'",10
"561","Maclura tricuspidata Carrière",10
"562","Magnolia ashei Weath.",10
"563","Malus 'Purple Prince'",10
"564","Malus 'Red Jewel'",10
"565","Malus 'Robinson'",10
"566","Malus 'Snowdrift'",10
"567","Malus 'Sutyzam'",10
"568","Malus 'Weepcanzam'",10
"569","Malus baccata 'Cerasiformis'",10
"570","Malus sikkimensis (Wenz.) Koehne",10
"571","Malus toringo 'Tina'",10
"572","Opuntia humifusa (Raf.) Raf.",10
"573","Pachysandra terminalis Siebold & Zucc.",10
"574","Paulownia tomentosa (Thunb.) Steud.",10
"575","Perovskia atriplicifolia Benth.",10
"576","Philadelphus schrenkii Rupr.",10
"577","Physocarpus intermedius f. parvifolius Rehder",10
"578","Physocarpus opulifolius 'Monlo'",10
"579","Picea rubens Sarg.",10
"580","Pinus heldreichii var. leucodermis (Antoine) Markgr. ex Fitschen",10
"581","Potentilla fruticosa var. parvifolia (Fisch. ex Lehm.) Th.Wolf",10
"582","Prunus mahaleb L.",10
"583","Pyracantha coccinea M.Roem.",10
"584","Pyrus calleryana f. tomentella Rehder",10
"585","Quercus aliena Blume",10
"586","Quercus gambelii Nutt.",10
"587","Rhododendron 'P.J.M.'",10
"588","Rosa arkansana Porter",10
"589","Rosa majalis Herrm.",10
"590","Rosa roxburghii f. normalis Rehder & E.H.Wilson",10
"591","Salix lucida Muhl.",10
"592","Sesleria autumnalis (Scop.) F.W.Schultz",10
"593","Sophora flavescens Aiton",10
"594","Sorbaria arborea var. glabrata Rehder",10
"595","Sorbus mougeotii Soy.-Will. & Godr.",10
"596","Spiraea betulifolia Pall.",10
"597","Spiraea douglasii var. menziesii (Hook.) C.Presl",10
"598","Tamarix parviflora DC.",10
"599","Tsuga caroliniana Engelm.",10
"600","Ulmus davidiana Planch.",10
"601","Ulmus davidiana var. mandshurica Skvortsov",10
"602","Viburnum",10
"603","Viburnum lentago f. sphaerocarpum Gray",10
"604","Viburnum schensianum Maxim.",10
"605","Viburnum wrightii Miq.",10
"606","Weigela florida (Bunge) A.DC.",10
"607","Wisteria macrostachya (Torr. & A.Gray) Nutt.",10
"608","Abies holophylla Maxim.",9
"609","Acer palmatum var. heptalobum Rehder",9
"610","Acer rubrum 'Columnare'",9
"611","Acer rubrum 'Frank Jr.'",9
"612","Alchemilla mollis (Buser) Rothm.",9
"613","Allium senescens subsp. montanum 'Summer Beauty'",9
"614","Amelanchier alnifolia (Nutt.) Nutt. ex M.Roem.",9
"615","Amelanchier stolonifera Wiegand",9
"616","Amsonia hubrichtii Woodson",9
"617","Baptisia australis (L.) R.Br.",9
"618","Berberis thunbergii 'Rose Glow'",9
"619","Betula pendula subsp. mandshurica (Regel) Ashburner & McAll.",9
"620","Betula schmidtii Regel",9
"621","Betula turkestanica Litv.",9
"622","Celtis bungeana Blume",9
"623","Cercis chinensis Bunge",9
"624","Comptonia peregrina (L.) J.M.Coult.",9
"625","Cornus mas f. flava (Weston) Rehder",9
"626","Cotoneaster acutifolius Turcz.",9
"627","Cotoneaster apiculatus Rehder & E.H.Wilson",9
"628","Cotoneaster melanocarpus Lodd.",9
"629","Crataegus coccinioides Ashe",9
"630","Crataegus punctata Jacq.",9
"631","Daphne giraldii Nitsche",9
"632","Deutzia × lemoinei 'Compacta'",9
"633","Deutzia ningpoensis Rehder",9
"634","Diervilla sessilifolia Buckley",9
"635","Elaeagnus umbellata Thunb.",9
"636","Euonymus verrucosa Scop.",9
"637","Fagus sylvatica (Atropunicea Group) 'Atropunicea'",9
"638","Forsythia viridissima var. koreana Rehder",9
"639","Fothergilla gardenii L.",9
"640","Fraxinus pennsylvanica Marshall",9
"641","Hedera helix L.",9
"642","Helianthemum grandiflorum (Scop.) DC.",9
"643","Hypericum ascyron subsp. pyramidatum (Aiton) N.Robson",9
"644","Juniperus × pfitzeriana (Pfitzer Group) 'Wilhelm Pfitzer'",9
"645","Juniperus virginiana 'Canaertii'",9
"646","Lonicera maackii (Rupr.) Maxim.",9
"647","Lonicera syringantha Maxim.",9
"648","Magnolia 'Elizabeth'",9
"649","Magnolia kobus DC.",9
"650","Magnolia stellata 'Green Star'",9
"651","Malus 'Frettingham Victoria'",9
"652","Malus 'Hopa'",9
"653","Malus 'Indian Magic'",9
"654","Malus 'Kirghisorm'",9
"655","Malus 'Louisa'",9
"656","Malus 'Ralph Shay'",9
"657","Malus 'Red Splendor'",9
"658","Malus baccata var. himalaica (Maxim.) C.K.Schneid.",9
"659","Malus coronaria 'Charlottae'",9
"660","Malus fusca (Raf.) C.K.Schneid.",9
"661","Malus spectabilis (Aiton) Borkh.",9
"662","Malus sylvestris (L.) Mill.",9
"663","Morus alba L.",9
"664","Pachysandra procumbens Michx.",9
"665","Picea",9
"666","Picea orientalis (L.) Peterm.",9
"667","Pinus flexilis 'Vanderwolfs Pyramid'",9
"668","Pinus jeffreyi Grev. & Balf. ex A.Murray",9
"669","Potentilla fruticosa 'Primrose Beauty'",9
"670","Pyrus calleryana var. dimorphophylla (Makino) Koidz.",9
"671","Pyrus fauriei × calleryana 'Autumn Blaze'",9
"672","Pyrus pashia D.Don",9
"673","Quercus × runcinata (A.DC.) Engelm.",9
"674","Quercus acerifolia (E.J.Palmer) Stoynoff & W.J.Hess",9
"675","Quercus oglethorpensis Duncan",9
"676","Quercus shumardii var. schneckii (Britton) Sarg.",9
"677","Rhododendron 'Calsap'",9
"678","Rhododendron catawbiense Michx.",9
"679","Ribes aureum Pursh",9
"680","Rosa amblyotis C.A.Mey.",9
"681","Rosa blanda Aiton",9
"682","Rosa multiflora var. cathayensis Rehder & E.H.Wilson",9
"683","Salix cinerea L.",9
"684","Sorbaria arborea C.K.Schneid.",9
"685","Sorbus aria (L.) Crantz",9
"686","Sorbus commixta Hedl.",9
"687","Sorbus decora (Sarg.) C.K.Schneid.",9
"688","Spiraea blumei G.Don",9
"689","Spiraea japonica 'Alpina'",9
"690","Spiraea japonica 'Froebelii'",9
"691","Spiraea nipponica f. rotundifolia (Nichols) Makino",9
"692","Spiraea trichocarpa Nakai",9
"693","Staphylea pinnata L.",9
"694","Stephanandra incisa 'Crispa'",9
"695","Styrax americanus Lam.",9
"696","Symplocos paniculata (Thunb.) Miq.",9
"697","Syringa × chinensis Willd.",9
"698","Tilia × zamoyskiana Wróbl.",9
"699","Tilia platyphyllos 'Laciniata'",9
"700","Tilia platyphyllos 'Pyramidalis'",9
"701","Ulmus castaneifolia Hemsl.",9
"702","Ulmus crassifolia Nutt.",9
"703","Ulmus elliptica K.Koch",9
"704","Ulmus laciniata var. nikkoensis Rehder",9
"705","Ulmus rubra Muhl.",9
"706","Vaccinium corymbosum L.",9
"707","Viburnum bitchiuense Makino",9
"708","Viburnum rhytidophyllum Hemsl.",9
"709","Acer 'Morton UW'",8
"710","Acer × freemanii 'Armstrong'",8
"711","Acer × freemanii A.E.Murray",8
"712","Acer cissifolium (Siebold & Zucc.) K.Koch",8
"713","Acer davidii Franch.",8
"714","Acer platanoides 'Superform'",8
"715","Aesculus × dupontii Sarg.",8
"716","Aesculus sylvatica W.Bartram",8
"717","Agastache 'Blue Fortune'",8
"718","Allium lusitanicum 'Summer Beauty'",8
"719","Andrachne colchica Fisch. & C.A.Mey.",8
"720","Aralia elata (Miq.) Seem.",8
"721","Baccharis halimifolia L.",8
"722","Betula occidentalis Hook.",8
"723","Carpinus betulus 'Fastigiata'",8
"724","Carpinus betulus 'Pyramidalis Erecta Nova'",8
"725","Cercis canadensis f. alba Rehder",8
"726","Chaenomeles speciosa 'Baltzii'",8
"727","Chamaedaphne calyculata (L.) Moench",8
"728","Chelone lyonii 'Hot Lips'",8
"729","Chionanthus virginicus var. maritimus Pursh",8
"730","Cornus coreana Wangerin",8
"731","Cornus pumila Koehne",8
"732","Cotoneaster integerrimus Medik.",8
"733","Cotoneaster tenuipes Rehder & E.H.Wilson",8
"734","Dalea purpurea Vent.",8
"735","Daphne mezereum L.",8
"736","Deutzia gracilis Siebold & Zucc.",8
"737","Elaeagnus multiflora Thunb.",8
"738","Euonymus hamiltonianus Wall.",8
"739","Forsythia 'Meadowlark'",8
"740","Forsythia × intermedia 'Beatrix Farrand'",8
"741","Fraxinus excelsior 'Hessei'",8
"742","Fraxinus mandshurica Rupr.",8
"743","Fraxinus tomentosa F.Michx.",8
"744","Geranium sanguineum 'Max Frei'",8
"745","Hippophae rhamnoides L.",8
"746","Hydrangea arborescens 'Dardom'",8
"747","Hydrangea paniculata 'Grandiflora'",8
"748","Hydrangea paniculata 'Unique'",8
"749","Hydrangea xanthoneura Diels",8
"750","Juglans ailantifolia Carrière",8
"751","Juniperus virginiana L.",8
"752","Kalopanax septemlobus (Thunb.) Koidz.",8
"753","Ligustrum vulgare 'Cheyenne'",8
"754","Lonicera ferdinandi Franch.",8
"755","Lonicera korolkowii Stapf",8
"756","Lonicera quinquelocularis Hardw.",8
"757","Lonicera reticulata Raf.",8
"758","Lycium chinense Mill.",8
"759","Mahonia repens (Lindl.) G.Don",8
"760","Malus 'Indian Summer'",8
"761","Malus 'Liset'",8
"762","Malus 'Selkirk'",8
"763","Malus 'Sentinel'",8
"764","Malus × zumi (Matsum.) Rehder",8
"765","Malus halliana Koehne",8
"766","Malus kansuensis (Batalin) C.K.Schneid.",8
"767","Malus lancifolia Rehder",8
"768","Malus pumila 'Niedzwetzkyana'",8
"769","Malus toringoides 'Macrocarpa'",8
"770","Malus tschonoskii (Maxim.) C.K.Schneid.",8
"771","Parrotia persica (DC.) C.A.Mey.",8
"772","Photinia villosa (Thunb.) DC.",8
"773","Physocarpus opulifolius 'Seward'",8
"774","Picea asperata var. asperata",8
"775","Picea pungens 'Hoopsii'",8
"776","Picea pungens Engelm.",8
"777","Pinus densiflora Siebold & Zucc.",8
"778","Pinus peuce Griseb.",8
"779","Pinus virginiana Mill.",8
"780","Pinus wallichiana A.B.Jacks.",8
"781","Potentilla fruticosa 'Goldfinger'",8
"782","Potentilla fruticosa var. vilmoriniana Komar.",8
"783","Prunus americana var. lanata (Sudw.) Mack. & Bush",8
"784","Pyrus communis var. pyraster L.",8
"785","Pyrus ussuriensis var. ovoidea (Rehder) Rehder",8
"786","Quercus × bebbiana C.K.Schneid.",8
"787","Quercus michauxii Nutt.",8
"788","Quercus mongolica Fisch. ex Ledeb. [1]",8
"789","Rhamnella franguloides Weberb.",8
"790","Rhododendron yedoense var. poukhanense (H.Lev.) Nakai",8
"791","Rhus typhina 'Dissecta'",8
"792","Robinia pseudoacacia 'Aurea'",8
"793","Rosa primula Boulenger",8
"794","Rosa virginiana Mill.",8
"795","Rudbeckia fulgida 'Goldsturm'",8
"796","Salix × rubens Schrank",8
"797","Salix myricoides Muhl.",8
"798","Salix sericea Marshall",8
"799","Satureja montana L.",8
"800","Shepherdia argentea (Pursh) Nutt.",8
"801","Sibiraea laevigata (L.) Maxim.",8
"802","Spiraea prunifolia Siebold & Zucc.",8
"803","Syringa × hyacinthiflora (Lemoine) Rehder",8
"804","Syringa laciniata Mill.",8
"805","Syringa vulgaris 'Ellen Willmott'",8
"806","Thuja occidentalis 'Umbraculifera'",8
"807","Tilia × euchlora K.Koch",8
"808","Tilia × europaea 'Pallida'",8
"809","Ulmus glaucescens var. lasiocarpa Rehder",8
"810","Ulmus macrocarpa Hance",8
"811","Ulmus minor Mill.",8
"812","Ulmus serotina Sarg.",8
"813","Viburnum lantana 'Aurea Marginata'",8
"814","Zelkova serrata (Thunb.) Makino",8
"815","Ziziphus jujuba Mill.",8
"816","Abelia chinensis R.Br.",7
"817","Abies homolepis Siebold & Zucc.",7
"818","Acer × freemanii 'Jeffersred'",7
"819","Acer circinatum Pursh",7
"820","Acer heldreichii Orph. ex Boiss.",7
"821","Acer monspessulanum L.",7
"822","Acer nikoense Maxim.",7
"823","Acer pseudosieboldianum × palmatum 'Koshimino'",7
"824","Acer saccharinum 'Laciniatum'",7
"825","Actaea racemosa L.",7
"826","Aesculus × arnoldiana Sarg.",7
"827","Aesculus glabra f. pallida (Willd.) Schelle",7
"828","Aesculus hippocastanum 'Umbraculifera'",7
"829","Aesculus parviflora f. serotina Rehder",7
"830","Aesculus turbinata var. pubescens Rehder",7
"831","Alchemilla mollis 'Auslese'",7
"832","Amelanchier canadensis (L.) Medik.",7
"833","Amorpha fruticosa var. angustifolia Pursh",7
"834","Amsonia tabernaemontana Walter",7
"835","Berberis beaniana C.K.Schneid.",7
"836","Berberis thunbergii 'Erecta'",7
"837","Betula pendula 'Dalecarlica'",7
"838","Betula pubescens Ehrh.",7
"839","Buxus 'Green Mountain'",7
"840","Carya laciniosa (F.Michx.) Loudon",7
"841","Celtis laevigata Willd.",7
"842","Cephalotaxus sinensis (Rehder & E.H.Wilson) H.L.Li",7
"843","Clematis heracleifolia DC.",7
"844","Clematis virginiana L.",7
"845","Cornus alba L.",7
"846","Corylus fargesii (Franch.) C.K.Schneid.",7
"847","Cotoneaster ambiguus Rehder & E.H.Wilson",7
"848","Cotoneaster apiculatus 'Blackburn'",7
"849","Cotoneaster tomentosus (Aiton) Lindl.",7
"850","Crataegus calpodendron (Ehrh.) Medik.",7
"851","Deutzia schneideriana Rehder",7
"852","Diervilla rivularis 'SMNDRSF'",7
"853","Echinacea pallida (Nutt.) Nutt.",7
"854","Echinacea purpurea 'Pica Bella'",7
"855","Elaeagnus angustifolia L.",7
"856","Forsythia giraldiana Lingelsh.",7
"857","Genista germanica var. inermis W.D.J.Koch",7
"858","Hakonechloa macra 'All Gold'",7
"859","Hamamelis 'Brevipetala'",7
"860","Heuchera villosa 'Autumn Bride'",7
"861","Hydrangea paniculata 'Bulk'",7
"862","Hydrangea scandens (L.f.) Ser.",7
"863","Hylotelephium spectabile 'Brilliant'",7
"864","Ilex verticillata f. chrysocarpa B.L.Rob.",7
"865","Itea virginica 'Sprich'",7
"866","Juniperus chinensis 'Ames'",7
"867","Juniperus sabina L.",7
"868","Juniperus virginiana 'Glauca'",7
"869","Juniperus virginiana 'Pendula'",7
"870","Larix kaempferi (Lamb.) Carrière",7
"871","Ligustrum tschonoskii Decne.",7
"872","Liriope spicata Lour.",7
"873","Lonicera alpigena L.",7
"874","Lonicera demissa Rehder",7
"875","Lonicera prolifera (Kirchn.) Rehder",7
"876","Lonicera tatarica 'Arnold Red'",7
"877","Lonicera vesicaria Komar.",7
"878","Magnolia obovata Thunb.",7
"879","Malus 'Chilko'",7
"880","Malus 'Jewelberry'",7
"881","Malus 'May's Delight'",7
"882","Malus 'Ormiston Roy'",7
"883","Malus 'Prairiefire'",7
"884","Malus 'Silver Moon'",7
"885","Malus 'White Cascade'",7
"886","Malus × micromalus Makino",7
"887","Malus baccata 'Aurantiaca'",7
"888","Malus baccata 'Columnaris'",7
"889","Malus glabrata Rehder",7
"890","Mertensia virginica (L.) Pers. ex Link",7
"891","Nepeta × faassenii 'Walker's Low'",7
"892","Orixa japonica Thunb.",7
"893","Paeonia suffruticosa Andr.",7
"894","Penstemon 'Dark Towers'",7
"895","Pinus aristata Engelm.",7
"896","Pinus edulis Engelm.",7
"897","Pinus ponderosa var. scopulorum Engelm.",7
"898","Pinus strobus 'Fastigiata'",7
"899","Polystichum acrostichoides (Michx.) Schott",7
"900","Populus × jackii Sarg.",7
"901","Populus grandidentata Michx.",7
"902","Populus sargentii Dode",7
"903","Prinsepia uniflora var. serrata Rehder",7
"904","Prunus nigra Aiton",7
"905","Prunus serrulata var. spontanea E.H.Wilson",7
"906","Prunus tenella Batsch",7
"907","Quercus lyrata Walter",7
"908","Quercus marilandica Muenchh.",7
"909","Quercus mongolica Fisch. ex Turcz. [2]",7
"910","Quercus palustris Muenchh. [2]",7
"911","Rhododendron 'Janet Blair'",7
"912","Rhododendron 'Nova Zembla'",7
"913","Rhododendron 'Roseum Elegans'",7
"914","Rhododendron 'Yaku Prince'",7
"915","Ribes americanum Mill.",7
"916","Ribes mandshuricum Komar.",7
"917","Ribes tenue Jancz.",7
"918","Robinia hispida L.",7
"919","Rosa 'Magnifica'",7
"920","Rosa rugosa 'Blanc Double de Coubert'",7
"921","Rosa woodsii Lindl.",7
"922","Rudbeckia fulgida var. speciosa 'Viettes Little Suzy'",7
"923","Salix pentandra L.",7
"924","Salvia × sylvestris 'Mainacht'",7
"925","Sambucus canadensis 'Acutiloba'",7
"926","Sorbaria sorbifolia 'Sem'",7
"927","Spiraea × cinerea 'Grefsheim'",7
"928","Spiraea nipponica var. tosaensis (Yatabe) Makino",7
"929","Stephanandra incisa (Thunb.) Zabel",7
"930","Syringa reflexa C.K.Schneid.",7
"931","Syringa reticulata subsp. pekinensis (Rupr.) P.S.Green & M.C.Chang",7
"932","Syringa reticulata subsp. reticulata 'Ivory Silk'",7
"933","Taxus cuspidata 'Nana'",7
"934","Thuja 'Green Giant'",7
"935","Tilia × europaea L.",7
"936","Ulmus 'Morton Red Tip'",7
"937","Ulmus × mesocarpa M.Kim & S.Lee",7
"938","Ulmus × notha G.Wilh. & G.Ware",7
"939","Ulmus bergmanniana C.K.Schneid.",7
"940","Ulmus sukaczevii Andr.",7
"941","Viburnum × jackii Rehder",7
"942","Viburnum × rhytidophylloides 'Alleghany'",7
"943","Viburnum × rhytidophylloides 'Willowwood'",7
"944","Viburnum prunifolium 'Guazam'",7
"945","Viburnum prunifolium 'McKRouge'",7
"946","Viburnum sargentii f. puberulum Kom.",7
"947","× Sorbaronia fallax (C.K.Schneid.) C.K.Schneid.",6
"948","Abies balsamea (L.) Mill.",6
"949","Abies nephrolepis (Trautv.) Maxim.",6
"950","Acer rubrum 'Autumn Flame'",6
"951","Acer saccharum subsp. grandidentatum (Nutt. ex Torr. & A.Gray) Desmarais",6
"952","Acer sterculiaceum subsp. franchetii (Pax) A.E.Murray",6
"953","Acer turkestanicum Pax",6
"954","Aesculus hippocastanum 'Baumannii'",6
"955","Aethionema pulchellum Boiss. & A.Huet ex Boiss.",6
"956","Alnus incana subsp. tenuifolia (Nutt.) Breitung",6
"957","Amelanchier × grandiflora 'Robin Hill'",6
"958","Amorpha nitens Boynton",6
"959","Anemone tomentosa 'Robustissima'",6
"960","Anemone tomentosa (Maxim.) C.P'ei",6
"961","Aronia arbutifolia 'Brilliantissima'",6
"962","Aruncus dioicus (Walter) Fernald",6
"963","Asclepias tuberosa L.",6
"964","Atriplex canescens (Pursh) James",6
"965","Berberis thunbergii 'Atropurpurea Nana'",6
"966","Berberis thunbergii 'Aurea'",6
"967","Broussonetia papyrifera (L.) L'Her.",6
"968","Bumelia lanuginosa var. oblongifolia (Nutt.) R.B.Clark",6
"969","Buxus 'Green Mound'",6
"970","Calamagrostis × acutiflora 'Karl Foerster'",6
"971","Carex grayi J.Carey",6
"972","Castanea dentata (Marshall) Borkh.",6
"973","Ceanothus herbaceus Raf.",6
"974","Celastrus orbiculatus Thunb.",6
"975","Celtis",6
"976","Chaenomeles × superba 'Nishikichidon'",6
"977","Chaenomeles japonica 'Taiojishi'",6
"978","Chaenomeles speciosa 'Candicans'",6
"979","Chamaecyparis lawsoniana (A.Murray bis) Parl.",6
"980","Coreopsis palmata Nutt.",6
"981","Coreopsis verticillata 'Zagreb'",6
"982","Corylus × colurnoides C.K.Schneid.",6
"983","Corylus sieboldiana var. mandshurica C.K.Schneid.",6
"984","Cotoneaster obscurus Rehder & E.H.Wilson",6
"985","Crataegus 'Hooks'",6
"986","Crataegus macrosperma Ashe",6
"987","Crataegus succulenta Schrad. ex Link",6
"988","Cryptomeria japonica (L.f.) D.Don",6
"989","Cytisus scoparius (L.) Link",6
"990","Deutzia glabrata Kom.",6
"991","Deutzia gracilis 'Aurea'",6
"992","Deutzia gracilis 'Duncan'",6
"993","Deutzia scabra Thunb.",6
"994","Diervilla sessilifolia 'Butterfly'",6
"995","Euonymus americanus L.",6
"996","Euonymus pauciflorus Maxim.",6
"997","Forsythia 'Sunrise'",6
"998","Fraxinus chinensis var. rhynchophylla (Hance) Hemsl.",6
"999","Fraxinus longicuspis var. sieboldiana (Blume) Lingelsh.",6
"1000","Geranium 'Jolly Bee'",6
"1001","Geranium 'Rozanne'",6
"1002","Hemerocallis 'Happy Returns'",6
"1003","Hydrangea heteromalla D.Don",6
"1004","Hydrangea macrophylla 'Bailmer'",6
"1005","Hydrangea quercifolia 'Alice'",6
"1006","Hypericum 'Hidcote'",6
"1007","Iberis sempervirens L.",6
"1008","Juniperus × pfitzeriana (Pfitzer Group) 'Kallay's Compact'",6
"1009","Juniperus chinensis 'Iowa'",6
"1010","Juniperus chinensis 'Keteleeri'",6
"1011","Juniperus chinensis 'Obelisk'",6
"1012","Juniperus chinensis 'Shoosmith'",6
"1013","Juniperus communis var. suecica (Mill.) Aiton",6
"1014","Juniperus horizontalis 'Wiltonii'",6
"1015","Juniperus horizontalis Moench",6
"1016","Juniperus virginiana 'Nova'",6
"1017","Juniperus virginiana var. crebra Fernald & Griscom",6
"1018","Ligustrum vulgare f. xanthocarpum (G.Don) Schelle",6
"1019","Lonicera × xylosteoides Tausch",6
"1020","Lonicera iberica M.Bieb.",6
"1021","Lonicera ledebourii Eschsch.",6
"1022","Lonicera maackii var. podocarpa Franch. ex Rehder",6
"1023","Lonicera maximowiczii (Rupr.) Regel",6
"1024","Lonicera morrowii A.Gray",6
"1025","Lonicera tatarica L.",6
"1026","Lonicera tenuipes Nakai",6
"1027","Maackia floribunda (Miq.) Takeda",6
"1028","Maclura pomifera (Raf.) C.K.Schneid.",6
"1029","Magnolia 'Wada's Memory'",6
"1030","Magnolia × proctoriana Rehder",6
"1031","Malus 'Adirondack'",6
"1032","Malus 'Beverly'",6
"1033","Malus 'Blanche Ames'",6
"1034","Malus 'Henningi'",6
"1035","Malus 'Orange'",6
"1036","Malus 'Prairifire'",6
"1037","Malus 'Strawberry Parfait'",6
"1038","Malus 'Winter Gold'",6
"1039","Malus 'Yellow Jewel'",6
"1040","Malus × purpurea (Barbier) Rehder",6
"1041","Malus brevipes (Rehder) Rehder",6
"1042","Malus flexilis",6
"1043","Malus hybrida Desf.",6
"1044","Malus orientalis Uglitzk.",6
"1045","Malus sieboldii var. arborescens Rehder",6
"1046","Neillia sinensis Oliv.",6
"1047","Neillia uekii Nakai",6
"1048","Ostryopsis davidiana (Baill.) Decne.",6
"1049","Paederia scandens (Lour.) Merr.",6
"1050","Periploca sepium Bunge",6
"1051","Perovskia 'Little Spire'",6
"1052","Philadelphus 'Miniature Snowflake'",6
"1053","Philadelphus tenuifolius Rupr. & Maxim.",6
"1054","Picea abies 'Acrocona'",6
"1055","Picea abies 'Cupressina'",6
"1056","Picea abies 'Inversa'",6
"1057","Picea abies 'Procumbens'",6
"1058","Picea glehnii (F.Schmidt) Mast.",6
"1059","Platanus × acerifolia (Aiton) Willd.",6
"1060","Populus × gileadensis Rouleau",6
"1061","Potentilla fruticosa 'McKays White'",6
"1062","Prunus incana (Pall.) Batsch",6
"1063","Prunus persica (L.) Batsch",6
"1064","Prunus subhirtella 'Pendula'",6
"1065","Pyrus fauriei × calleryana 'Pizzaz'",6
"1066","Pyrus phaeocarpa Rehder",6
"1067","Quercus × warei Green & W.J.Hess",6
"1068","Quercus cerris L.",6
"1069","Quercus georgiana M.A.Curtis",6
"1070","Quercus marilandica Münchh. [1]",6
"1071","Quercus phellos L.",6
"1072","Quercus variabilis Blume",6
"1073","Rhododendron 'English Roseum'",6
"1074","Rhododendron 'Westons Mayflower'",6
"1075","Rhododendron catawbiense f. album (Glass) Rehder",6
"1076","Rhus copallina var. latifolia Engl.",6
"1077","Ribes maximowiczianum Kom.",6
"1078","Rosa 'Belle Poitevine'",6
"1079","Rosa 'Meipoque'",6
"1080","Rosa 'Sea Foam'",6
"1081","Rosa 'Sir Thomas Lipton'",6
"1082","Rosa canina L.",6
"1083","Rosa corymbifera Borkh.",6
"1084","Rosa dumalis Bechst.",6
"1085","Rosa gallica L.",6
"1086","Rosa hugonis Hemsl.",6
"1087","Rosa pendulina L.",6
"1088","Rosa pimpinellifolia L.",6
"1089","Rosa wichuraiana Crep.",6
"1090","Rubus parviflorus Nutt.",6
"1091","Salix × fragilis L.",6
"1092","Salix amygdaloides Andersson",6
"1093","Salix elaeagnos Scop.",6
"1094","Salix humilis Marshall",6
"1095","Salix interior (Rowlee) Muhl.",6
"1096","Salix repens var. nitida (Ser.) Wender.",6
"1097","Sambucus racemosa subsp. pubens (Michx.) Hultén [1]",6
"1098","Schizachyrium scoparium (Michx.) Nash",6
"1099","Spiraea",6
"1100","Spiraea × cinerea Zabel",6
"1101","Spiraea chamaedryfolia L.",6
"1102","Spiraea corymbosa Raf.",6
"1103","Spiraea japonica L.",6
"1104","Spiraea japonica var. fortunei (Planch.) Rehder",6
"1105","Spiraea media F.Schmidt",6
"1106","Sporobolus heterolepis (A.Gray) A.Gray",6
"1107","Stachys officinalis 'Pink Cotton Candy'",6
"1108","Stewartia koreana Nakai ex Rehder",6
"1109","Stylophorum diphyllum (Michx.) Nutt.",6
"1110","Syringa 'Bailbelle'",6
"1111","Syringa vulgaris 'General Sheridan'",6
"1112","Taxus × media 'Everlow'",6
"1113","Taxus × media 'Runyan'",6
"1114","Taxus × media 'Vermeulen'",6
"1115","Taxus canadensis Marshall",6
"1116","Taxus wallichiana var. chinensis (Pilg.) Florin",6
"1117","Thuja occidentalis 'Filiformis'",6
"1118","Thuja occidentalis 'Wareana'",6
"1119","Thuja standishii (Gordon) Carrière",6
"1120","Thymus serpyllum L.",6
"1121","Tilia amurensis subsp. taquetii (C.K.Schneid.) Pigott",6
"1122","Tripterygium regelii Sprague & Takeda",6
"1123","Ulmus 'Morton Stalwart'",6
"1124","Ulmus × hollandica 'Groeneveld'",6
"1125","Ulmus alata Michx.",6
"1126","Ulmus bergmanniana var. lasiophylla C.K.Schneid.",6
"1127","Ulmus canescens Melville",6
"1128","Ulmus gaussenii W.C.Cheng",6
"1129","Ulmus microcarpa L.K.Fu",6
"1130","Ulmus parvifolia 'Hallelujah'",6
"1131","Ulmus pumila 'Pendula'",6
"1132","Ulmus wilsoniana C.K.Schneid.",6
"1133","Viburnum carlesii 'Compactum'",6
"1134","Viburnum dentatum 'Cardinal'",6
"1135","Viburnum molle f. leiophyllum Rehder",6
"1136","Viburnum plicatum f. tomentosum Rehder",6
"1137","Viburnum setigerum Hance",6
"1138","Viburnum sieboldii 'Wavecrest'",6
"1139","Vinca minor 'Bowles'",6
"1140","Vitex agnus-castus L.",6
"1141","Weigela 'Bokrasopin'",6
"1142","Weigela florida 'Variegata'",6
"1143","Xanthoceras sorbifolium Bunge",6
"1144","Xanthorhiza simplicissima Marshall",6
"1145","Yucca glauca Nutt.",6
"1146","Zanthoxylum simulans Hance",6
"1147","Abies grandis (Douglas ex D.Don) Lindl.",5
"1148","Abies lasiocarpa var. arizonica (Merriam) Lemmon",5
"1149","Acer cappadocicum Gled.",5
"1150","Acer forrestii Diels",5
"1151","Acer henryi Pax",5
"1152","Acer komarovii Pojark.",5
"1153","Acer maximowiczii Pax",5
"1154","Acer negundo L.",5
"1155","Acer palmatum × palmatum 'Shojo'",5
"1156","Acer platanoides 'Almira'",5
"1157","Acer platanoides 'Columnare'",5
"1158","Acer platanoides 'Crimson King'",5
"1159","Acer platanoides 'Emerald Queen'",5
"1160","Acer rufinerve Siebold & Zucc.",5
"1161","Acer saccharinum 'Pyramidale'",5
"1162","Acer saccharum subsp. leucoderme (Small) Desmarais",5
"1163","Acer stachyophyllum subsp. betulifolium (Maxim.) P.C.deJong",5
"1164","Aesculus chinensis Bunge",5
"1165","Aesculus glabra var. monticola Sarg.",5
"1166","Ampelopsis brevipedunculata var. maximowiczii (Regel) Rehder",5
"1167","Amsonia illustris Woodson",5
"1168","Anemone pulsatilla L.",5
"1169","Anemone sylvestris L.",5
"1170","Aristolochia clematitis",5
"1171","Artemisia absinthium L.",5
"1172","Berberis thunbergii 'Silver Beauty'",5
"1173","Betula nigra 'Cully'",5
"1174","Betula pendula Roth",5
"1175","Betula uber (Ashe) Fernald",5
"1176","Buddleja davidii 'Black Knight'",5
"1177","Campsis radicans (L.) Seem. ex Bureau",5
"1178","Carpinus caroliniana 'Ascendens'",5
"1179","Carpinus caroliniana 'J.N. Upright'",5
"1180","Cercis canadensis 'Pinkbud'",5
"1181","Cercis canadensis var. texensis (S.Watson) M.Hopkins",5
"1182","Chrysothamnus nauseosus (Pall.) Britton",5
"1183","Clematis apiifolia DC.",5
"1184","Clematis mandshurica Rupr.",5
"1185","Clematis serratifolia Rehder",5
"1186","Cornus controversa Hemsl.",5
"1187","Cornus florida 'Welchii'",5
"1188","Cornus rugosa Lam.",5
"1189","Cornus sericea subsp. sericea 'Cardinal'",5
"1190","Cotoneaster dammeri C.K.Schneid.",5
"1191","Cotoneaster racemiflorus (Desf.) Schltdl.",5
"1192","Crataegus douglasii Lindl.",5
"1193","Crataegus linearis 'Ovalifolia'",5
"1194","Daphne alpina L.",5
"1195","Deutzia grandiflora Bunge",5
"1196","Deutzia scabra 'Plena'",5
"1197","Diervilla × splendens (Carrière) Kirchn.",5
"1198","Eleutherococcus wardii (W.W.Sm.) S.Y.Hu",5
"1199","Euonymus europaeus 'Redcap'",5
"1200","Euonymus fortunei 'Coloratus'",5
"1201","Euonymus macroptera Rupr.",5
"1202","Fagus orientalis Lipsky",5
"1203","Fagus sylvatica 'Laciniata'",5
"1204","Fagus sylvatica 'Pendula'",5
"1205","Forestiera ligustrina (Michx.) Poir.",5
"1206","Forsythia × intermedia 'Arnold Giant'",5
"1207","Forsythia japonica var. saxatilis Nakai",5
"1208","Forsythia viridissima 'Bronxensis'",5
"1209","Fothergilla × intermedia 'Blue Shadow'",5
"1210","Fothergilla × intermedia 'KLMtwo'",5
"1211","Fraxinus chinensis Roxb.",5
"1212","Fraxinus excelsior 'Westhof's Glorie'",5
"1213","Fraxinus oxycarpa Willd.",5
"1214","Fraxinus velutina Torr.",5
"1215","Genista germanica L.",5
"1216","Geranium × magnificum Hyl.",5
"1217","Geranium sanguineum var. striatum Weston",5
"1218","Gleditsia japonica Miq.",5
"1219","Hamamelis × intermedia 'Heather'",5
"1220","Helianthemum nummularium subsp. grandiflorum (Scop.) Schinz & Thell.",5
"1221","Hibiscus laevis All.",5
"1222","Hosta 'Blue Angel'",5
"1223","Hosta 'Paul's Glory'",5
"1224","Hydrangea arborescens 'PIIHA-I'",5
"1225","Hydrangea bretschneideri var. glabrescens Rehder",5
"1226","Hydrangea cinerea Small",5
"1227","Hydrangea macrophylla 'Nikko Blue'",5
"1228","Hydrangea macrophylla 'PIIHM-I'",5
"1229","Hydrangea paniculata 'Burgundy Lace'",5
"1230","Hydrangea paniculata 'Jane'",5
"1231","Hydrangea paniculata 'Kyushu'",5
"1232","Hydrangea paniculata 'Pink Diamond'",5
"1233","Hydrangea paniculata 'Tardiva'",5
"1234","Hydrangea serrata 'MAK20'",5
"1235","Iliamna remota Greene",5
"1236","Itea virginica L.",5
"1237","Juniperus × pfitzeriana (Pfitzer Group) 'Pfitzeriana Glauca'",5
"1238","Juniperus chinensis 'Columnaris'",5
"1239","Juniperus chinensis 'Hetzii'",5
"1240","Juniperus chinensis 'Maney'",5
"1241","Juniperus horizontalis 'Douglasii'",5
"1242","Juniperus procumbens (Siebold ex Endl.) Miq.",5
"1243","Juniperus virginiana 'Silver Spreader'",5
"1244","Kerria japonica 'Pleniflora'",5
"1245","Larix gmelinii (Rupr.) Kuzen.",5
"1246","Lavandula angustifolia 'Munstead'",5
"1247","Leitneria floridana Chapm.",5
"1248","Leucothoe fontanesiana (Steud.) Sleumer",5
"1249","Ligustrum obtusifolium var. regelianum (Koehne) Rehder",5
"1250","Lonicera × muscaviensis Rehder",5
"1251","Lonicera microphylla Willd. ex Schult.",5
"1252","Lonicera standishii Jacques",5
"1253","Lonicera tatarica 'Alba'",5
"1254","Magnolia 'Red Baron'",5
"1255","Magnolia × soulangeana 'Alexandrina'",5
"1256","Magnolia macrophylla Michx.",5
"1257","Malus 'Chrishozam'",5
"1258","Malus 'Ellwangeriana'",5
"1259","Malus 'Erie'",5
"1260","Malus 'Harvest Gold'",5
"1261","Malus 'Molazam'",5
"1262","Malus 'Radiant'",5
"1263","Malus 'Royalty'",5
"1264","Malus 'Ruby Luster'",5
"1265","Malus × robusta (Carrière) Rehder",5
"1266","Malus × soulardii (L.H.Bailey) Britton",5
"1267","Malus × sublobata (Dippel) Rehder",5
"1268","Malus ioensis 'Klehmii'",5
"1269","Malus prattii (Hemsl.) C.K.Schneid.",5
"1270","Malus rockii Rehder",5
"1271","Malus yunnanensis var. veitchii Rehder",5
"1272","Morus mongolica (Bureau) C.K.Schneid.",5
"1273","Nepeta × faassenii 'Blue Wonder'",5
"1274","Oenothera macrocarpa Nutt.",5
"1275","Osmunda cinnamomea L.",5
"1276","Panicum virgatum 'Rotstrahlbusch'",5
"1277","Pennisetum alopecuroides (L.) Spreng.",5
"1278","Perovskia abrotanoides Kar.",5
"1279","Picea abies 'Microsperma'",5
"1280","Picea meyeri Rehder & E.H.Wilson",5
"1281","Picea obovata Ledeb.",5
"1282","Picea omorika 'Bruns'",5
"1283","Picrasma quassioides (D.Don) Benn.",5
"1284","Pieris floribunda (Pursh) Benth. & Hook.",5
"1285","Pinus",5
"1286","Pinus nigra var. cebennensis (Godr.) Rehder",5
"1287","Pinus pungens Lamb.",5
"1288","Pinus sylvestris 'Watereri'",5
"1289","Potentilla fruticosa 'Jackman'",5
"1290","Prunus armeniaca var. ansu Maxim.",5
"1291","Prunus cerasifera var. divaricata (Ledeb.) Bailey",5
"1292","Prunus incisa Thunb.",5
"1293","Prunus insititia L.",5
"1294","Prunus munsoniana Wight & Hedrick",5
"1295","Pterostyrax hispida Siebold & Zucc.",5
"1296","Pyrus arnoldiana (Rehder) Sarg.",5
"1297","Pyrus calleryana 'Bradford'",5
"1298","Pyrus pyraster Burgsd.",5
"1299","Quercus",5
"1300","Quercus × benderi Baen.",5
"1301","Quercus × fernowii Trel.",5
"1302","Quercus × guadalupensis Sarg.",5
"1303","Quercus × humidicola E.J.Palmer",5
"1304","Quercus × saulii C.K.Schneid.",5
"1305","Quercus × warei 'Long'",5
"1306","Quercus aliena var. acutiserrata Maxim. ex Wenz.",5
"1307","Quercus arkansana Sarg.",5
"1308","Quercus hartwissiana Steven [1]",5
"1309","Quercus petraea (Matt.) Liebl. [1]",5
"1310","Quercus petraea subsp. iberica (Steven ex M.Bieb.) Krassiln. [1]",5
"1311","Quercus robur 'Fastigiata'",5
"1312","Rhododendron",5
"1313","Rhododendron 'Besse Howells'",5
"1314","Rhododendron 'Boule de Neige'",5
"1315","Rhododendron 'Cecile'",5
"1316","Rhododendron 'Conemaugh'",5
"1317","Rhododendron 'Landmark'",5
"1318","Rhododendron 'Madison Snow'",5
"1319","Rhododendron 'Roseum Superbum'",5
"1320","Rhododendron dauricum 'Madison Snow'",5
"1321","Rhododendron dauricum L.",5
"1322","Rhododendron sichotense Pojark.",5
"1323","Ribes komarovii Pojark.",5
"1324","Robinia pseudoacacia 'Unifoliola'",5
"1325","Rosa 'BAIset'",5
"1326","Rosa pimpinellifolia var. altaica (Willd.) Thory",5
"1327","Ruellia humilis Nutt.",5
"1328","Salix × sepulcralis Simonk.",5
"1329","Salix × smithiana Willd.",5
"1330","Salix miyabeana Seemen",5
"1331","Salix sachalinensis 'Sekka'",5
"1332","Salvia nemorosa 'Caradonna'",5
"1333","Salvia verticillata 'Purple Rain'",5
"1334","Sambucus racemosa L.",5
"1335","Sorbus intermedia (Ehrh.) Pers.",5
"1336","Sorbus pohuashanensis (Hance) Hedl.",5
"1337","Spiraea × arguta Zabel",5
"1338","Spiraea douglasii var. douglasii Hook.",5
"1339","Spiraea hypericifolia L.",5
"1340","Spiraea japonica 'Anthony Waterer'",5
"1341","Spiraea latifolia (Aiton) Borkh.",5
"1342","Spiraea menziesii Hook.",5
"1343","Spiraea miyabei var. glabrata Rehder",5
"1344","Symphoricarpos × chenaultii 'Hancock'",5
"1345","Syringa 'Charles Nordine'",5
"1346","Syringa amurensis var. japonica",5
"1347","Syringa pekinensis 'Zhang Zhiming'",5
"1348","Syringa vulgaris 'Prince de Beauvau'",5
"1349","Syringa vulgaris 'Thunberg'",5
"1350","Taxus",5
"1351","Taxus × media 'Green Wave'",5
"1352","Taxus × media 'Hicksii'",5
"1353","Taxus × media 'Kelseyi'",5
"1354","Taxus × media 'Viridis'",5
"1355","Thalictrum rochebrunianum Franch. & Sav.",5
"1356","Thuja occidentalis 'Gracilis'",5
"1357","Thuja occidentalis 'Hetz Midget'",5
"1358","Thuja plicata 'KLMfive'",5
"1359","Tilia × europaea 'Tortuosa'",5
"1360","Tilia americana var. caroliniana (Mill.) Castigl.",5
"1361","Tilia americana var. heterophylla 'Continental Appeal'",5
"1362","Tilia cordata subsp. sibirica (M.B.Bayer) Pigott",5
"1363","Tilia dasystyla subsp. caucasica (V.Engl.) Pigott",5
"1364","Tilia tomentosa 'Erecta'",5
"1365","Tradescantia ohiensis Raf.",5
"1366","Ulmus 'Frontier'",5
"1367","Ulmus × hollandica 'Vegeta'",5
"1368","Ulmus procera 'Christine Buisman'",5
"1369","Ulmus pseudopropinqua Wang & Li",5
"1370","Viburnum dentatum 'Ralph Senior'",5
"1371","Viburnum dentatum 'Synnestvedt'",5
"1372","Viburnum lantana 'Aureum'",5
"1373","Viburnum lantana 'Variegatum'",5
"1374","Viburnum opulus var. americanum 'Compactum'",5
"1375","Viburnum opulus var. americanum 'Hahs'",5
"1376","Viburnum opulus var. americanum 'J.N. Select'",5
"1377","Viburnum orientale Pall.",5
"1378","Viburnum plicatum 'Newport'",5
"1379","Viburnum sargentii 'Flavum'",5
"1380","Zanthoxylum americanum Mill.",5
"1381","Zelkova sinica C.K.Schneid.",5
"1382","Abelia biflora Turcz.",4
"1383","Abelia mosanensis I.C.Chung ex Nakai",4
"1384","Abies nordmanniana 'Tortifolia'",4
"1385","Abies nordmanniana subsp. equi-trojani (Asch. & Sint. ex Boiss.) Coode & Cullen",4
"1386","Acer argutum Maxim.",4
"1387","Acer barbatum Michx.",4
"1388","Acer buergerianum Miq.",4
"1389","Acer crataegifolium Siebold & Zucc.",4
"1390","Acer negundo var. interius (Britton) Sarg.",4
"1391","Acer nigrum F.Michx.",4
"1392","Acer palmatum subsp. amoenum (Carrière) H.Hara",4
"1393","Acer pictum subsp. mono H.Ohashi",4
"1394","Acer platanoides 'Chas. F. Irish'",4
"1395","Acer platanoides 'Palmatifidum'",4
"1396","Acer rubrum 'Schlesingeri'",4
"1397","Acer rubrum var. drummondii (Hook. & Arn. ex Nutt.) Sarg.",4
"1398","Acer saccharinum 'Beebe Cutleaf Weeping'",4
"1399","Acer saccharinum 'Pendulum'",4
"1400","Acer saccharinum 'Skinneri'",4
"1401","Acer tschonoskii Maxim.",4
"1402","Adiantum pedatum L.",4
"1403","Aesculus × ambigua",4
"1404","Aesculus × bushii 'Aaron1'",4
"1405","Aesculus glabra var. leucodermis Sarg.",4
"1406","Ailanthus altissimus (Mill.) Swingle",4
"1407","Akebia trifoliata (Thunb.) Koidz.",4
"1408","Allium 'Windy City'",4
"1409","Allium cernuum Roth",4
"1410","Alnus incana 'Laciniata'",4
"1411","Alnus sibirica (Spach) Turcz. ex Kom.",4
"1412","Amelanchier arborea (F.Michx.) Fernald",4
"1413","Ampelopsis japonica (Thunb.) Makino",4
"1414","Amsonia tabernaemontana 'Blue Ice'",4
"1415","Aronia melanocarpa 'Viking'",4
"1416","Artemisia abrotanum L.",4
"1417","Artemisia alba Turra",4
"1418","Aruncus 'Horatio'",4
"1419","Astilbe 'Straussenfeder'",4
"1420","Astilbe chinensis 'Superba'",4
"1421","Baptisia 'Solar Flare'",4
"1422","Berberis × mentorensis L.M.Ames",4
"1423","Berberis poiretii C.K.Schneid.",4
"1424","Betula",4
"1425","Betula fruticosa Pall.",4
"1426","Betula humilis Schrank",4
"1427","Betula pendula 'Youngii'",4
"1428","Brunnera macrophylla 'Jack Frost'",4
"1429","Brunnera macrophylla (Adams) I.M.Johnst.",4
"1430","Buxus 'Glencoe'",4
"1431","Callirhoe involucrata (Torr. & A.Gray) A.Gray",4
"1432","Caragana pygmaea (L.) DC.",4
"1433","Carpinus coreana Nakai",4
"1434","Carpinus orientalis Mill.",4
"1435","Caryopteris × clandonensis 'Blue Knoll'",4
"1436","Castanea pumila (L.) Mill.",4
"1437","Catalpa × erubescens 'Purpurea'",4
"1438","Catalpa speciosa Warder ex Engelm. [1]",4
"1439","Chaenomeles × superba 'Hi-no-Tsukasa'",4
"1440","Chaenomeles × superba 'Shinonome'",4
"1441","Chaenomeles speciosa 'Toyo-Nishiki'",4
"1442","Chaenomeles speciosa 'Umbilicata'",4
"1443","Clematis × jouiniana C.K.Schneid.",4
"1444","Clematis alpina (L.) Mill.",4
"1445","Clematis flammula L.",4
"1446","Clematis fusca Turcz.",4
"1447","Clematis nannophylla",4
"1448","Clematis terniflora DC.",4
"1449","Clematis vitalba L.",4
"1450","Clematis viticella L.",4
"1451","Clethra acuminata Michx.",4
"1452","Clethra alnifolia 'September Beauty'",4
"1453","Colutea cilicica Boiss. et Balansa",4
"1454","Coriaria japonica A.Gray",4
"1455","Cornus florida 'Cloud 9'",4
"1456","Cornus florida 'Sweetwater Red'",4
"1457","Cornus sericea subsp. sericea 'Flaviramea'",4
"1458","Corydalis lutea (L.) DC.",4
"1459","Corylopsis veitchiana Bean",4
"1460","Corylus avellana 'Contorta'",4
"1461","Cotoneaster acutifolius var. villosulus Rehder & E.H.Wilson",4
"1462","Cotoneaster adpressus Bois",4
"1463","Cotoneaster dammeri 'Skogsholmen'",4
"1464","Cotoneaster salicifolius var. rugosus (Pritz.) Rehder & E.H.Wilson",4
"1465","Crataegus erythropoda Ashe",4
"1466","Crataegus pedicellata Sarg.",4
"1467","Crataegus pruinosa (H.L.Wendl.) K.Koch",4
"1468","Crataegus pseudoheterophylla subsp. pseudoheterophylla Pojark.",4
"1469","Cupressus bakeri Jeps.",4
"1470","Daphne × burkwoodii 'Carol Mackie'",4
"1471","Daphne caucasica Pall.",4
"1472","Deschampsia cespitosa 'Schottland'",4
"1473","Deutzia × magnifica 'Formosa'",4
"1474","Eleutherococcus henryi Oliv.",4
"1475","Ephedra distachya L.",4
"1476","Eryngium yuccifolium Michx.",4
"1477","Euonymus alata 'Nordine'",4
"1478","Euonymus nikoensis Nakai",4
"1479","Evodia daniellii (Benn.) Hemsl.",4
"1480","Exochorda racemosa subsp. giraldii (Hesse) F. Y. Gao & Maesen",4
"1481","Fagus sylvatica (Atropunicea Group) 'Rohanii'",4
"1482","Ficus carica L.",4
"1483","Forestiera neomexicana A.Gray",4
"1484","Forsythia 'Courtasol'",4
"1485","Forsythia × intermedia 'Arnold Dwarf'",4
"1486","Forsythia suspensa var. fortunei (Lindl.) Rehder",4
"1487","Fraxinus americana f. iodocarpa Fernald",4
"1488","Fraxinus angustifolia Vahl",4
"1489","Fraxinus angustifolia var. australis (Gay) C.K.Schneid.",4
"1490","Fraxinus biltmoreana Beadle",4
"1491","Fraxinus excelsior 'Pendula'",4
"1492","Fraxinus oxycarpa var. tamariscifolia (Vahl) Lingelsh. ex Engler",4
"1493","Fraxinus platypoda Oliv.",4
"1494","Fraxinus pubinervis Blume",4
"1495","Geranium macrorrhizum 'Ingwersen's Variety'",4
"1496","Geum triflorum Pursh",4
"1497","Gillenia trifoliata (L.) Moench",4
"1498","Gleditsia triacanthos 'Moraine'",4
"1499","Grewia biloba var. parviflora (Bunge) Hand.-Mazz.",4
"1500","Halimodendron halodendron (Pall.) Voss ex D.Fairchild",4
"1501","Hamamelis mollis 'Wisley Supreme'",4
"1502","Hamamelis mollis Oliv.",4
"1503","Helianthemum nummularium (L.) Mill.",4
"1504","Heuchera 'Guacamole'",4
"1505","Hippocrepis emerus subsp. emerus",4
"1506","Hosta 'August Moon'",4
"1507","Hosta 'So Sweet'",4
"1508","Hosta 'Sum and Substance'",4
"1509","Hydrangea arborescens 'NCHA1'",4
"1510","Hydrangea paniculata 'DVP Pinky'",4
"1511","Hydrangea paniculata 'RENHY'",4
"1512","Hydrangea quercifolia 'Pee Wee'",4
"1513","Hydrangea quercifolia 'Sikes Dwarf'",4
"1514","Hydrangea radiata 'Samantha'",4
"1515","Hypericum hookerianum 'Hidcote'",4
"1516","Ilex verticillata 'Red Sprite'",4
"1517","Iris sibirica 'Caesar's Brother'",4
"1518","Juniperus",4
"1519","Juniperus × pfitzeriana (Pfitzer Group) 'Globosa'",4
"1520","Juniperus × pfitzeriana (Pfitzer Group) 'Pfitzeriana Aurea'",4
"1521","Juniperus communis 'Oblonga Pendula'",4
"1522","Juniperus communis var. depressa Pursh",4
"1523","Juniperus sabina 'Fastigiata'",4
"1524","Juniperus virginiana 'Blue Rapids'",4
"1525","Juniperus virginiana 'Pseudocupressus'",4
"1526","Kalmia latifolia L.",4
"1527","Lavandula angustifolia 'Hidcote'",4
"1528","Lespedeza thunbergii 'Edo Shibori'",4
"1529","Ligustrum vulgare 'Aureovariegatum'",4
"1530","Ligustrum vulgare 'Lodense'",4
"1531","Lobelia cardinalis L.",4
"1532","Lonicera",4
"1533","Lonicera × amoena 'Alba'",4
"1534","Lonicera alpigena 'Nana'",4
"1535","Lonicera caerulea var. glabrescens Herder",4
"1536","Lonicera caprifolium L.",4
"1537","Lonicera morrowi Gray",4
"1538","Lonicera praeflorens Batalin",4
"1539","Magnolia 'Betty'",4
"1540","Magnolia 'Butterflies'",4
"1541","Magnolia 'Gold Star'",4
"1542","Magnolia 'Yellow Fever'",4
"1543","Magnolia fraseri Walter",4
"1544","Magnolia officinalis var. biloba Rehder & E.H.Wilson",4
"1545","Malus 'Camzam'",4
"1546","Malus 'JFS-KW5'",4
"1547","Malus 'Joy Morton'",4
"1548","Malus 'Kirk'",4
"1549","Malus 'Neville Copeman'",4
"1550","Malus 'Peachblow'",4
"1551","Malus 'Red Baron'",4
"1552","Malus 'Red Peacock'",4
"1553","Malus 'Sparkler'",4
"1554","Malus 'Sugar Tyme'",4
"1555","Malus 'Velvet Pillar'",4
"1556","Malus 'White Angel'",4
"1557","Malus 'William Sim'",4
"1558","Malus × platycarpa 'Hoopesii'",4
"1559","Malus × purpurea 'Aldenhamensis'",4
"1560","Malus ioensis 'Nova'",4
"1561","Malus prunifolia var. rinkii (Koidz.) Rehder",4
"1562","Malus pumila var. paradisiaca (L.) C.K.Schneid.",4
"1563","Malus spectabilis 'Riversii'",4
"1564","Matteuccia struthiopteris (L.) Tod.",4
"1565","Molinia caerulea subsp. caerulea 'Moorhexe'",4
"1566","Morus alba 'Pendula'",4
"1567","Nepeta × faassenii Bergmans ex Stearns",4
"1568","Origanum laevigatum 'Herrenhausen'",4
"1569","Origanum vulgare 'Aureum'",4
"1570","Penstemon digitalis 'Husker Red'",4
"1571","Perovskia atriplicifolia 'Denim n Lace'",4
"1572","Phellodendron sachalinense (F.Schmidt) Sarg.",4
"1573","Philadelphus lewisii Pursh",4
"1574","Physocarpus monogynus (Torr.) Coult.",4
"1575","Picea glauca 'Pendula'",4
"1576","Picea glauca var. densata Bailey",4
"1577","Picea jezoensis (Siebold & Zucc.) Carrière",4
"1578","Picea mariana (Mill.) Britton, Sterns & Poggenb.",4
"1579","Picea pungens 'Glauca Pendula'",4
"1580","Picea schrenkiana Fisch. & C.A.Mey.",4
"1581","Picea torano (Siebold ex K.Koch) Koehne",4
"1582","Pieris japonica (Thunb.) D.Don ex G.Don",4
"1583","Pinus contorta var. latifolia Engelm. ex S.Watson",4
"1584","Pinus mugo var. rostrata (Antoine) Hoopes",4
"1585","Pinus nigra var. caramanica (Loudon) Rehder",4
"1586","Pinus nigra var. maritima (Aiton) Melville",4
"1587","Pinus strobus 'Nana'",4
"1588","Pinus strobus 'Pendula'",4
"1589","Pinus thunbergii Parl.",4
"1590","Polygonum polymorphum Ledeb.",4
"1591","Populus × canescens (Aiton) Sm.",4
"1592","Populus alba 'Richardii'",4
"1593","Potentilla fruticosa 'Goldstar'",4
"1594","Potentilla fruticosa 'Snowflake'",4
"1595","Potentilla fruticosa 'Yellowbird'",4
"1596","Prunus × juddii E.S.Anderson",4
"1597","Prunus × yedoensis 'Perpendens'",4
"1598","Prunus × yedoensis Matsum.",4
"1599","Prunus buergeriana Miq.",4
"1600","Prunus cyclamina Koehne",4
"1601","Prunus dasycarpa Ehrh.",4
"1602","Prunus fruticosa Pall.",4
"1603","Prunus padus var. commutata Dippel",4
"1604","Pseudolarix amabilis (J.Nelson) Rehder",4
"1605","Pyrus × micromalus (Makino) Bailey",4
"1606","Pyrus atrosanguinea (Späth) C.K.Schneid.",4
"1607","Pyrus elaeagrifolia Pall.",4
"1608","Quercus 'K.B. Crystal'",4
"1609","Quercus × exacta Trel.",4
"1610","Quercus × schuettei Trel.",4
"1611","Quercus × subfalcata Trel.",4
"1612","Quercus robur 'Concordia'",4
"1613","Quercus serrata Murray [1]",4
"1614","Rhamnus davurica var. nipponica Makino",4
"1615","Rhamnus frangula subsp. asplenifolia Dippel",4
"1616","Rhamnus japonica Maxim.",4
"1617","Rhododendron 'April Rose'",4
"1618","Rhododendron japonicum (A.Gray) J.V.Suringar",4
"1619","Rhododendron maximum L.",4
"1620","Rhododendron obtusum var. kaempferi (Planch.) E.H.Wilson",4
"1621","Rhododendron schlippenbachii",4
"1622","Rhus copallina var. latifolia 'Morton'",4
"1623","Rhus trilobata Nutt. ex Torr. & A.Gray",4
"1624","Rodgersia aesculifolia Batalin",4
"1625","Rosa 'BAIine'",4
"1626","Rosa 'Dwarf Pavement'",4
"1627","Rosa 'Hansa'",4
"1628","Rosa 'Jacink'",4
"1629","Rosa 'Meipitac'",4
"1630","Rosa 'Nearly Wild'",4
"1631","Rosa 'Radrazz'",4
"1632","Rosa 'Schneekoppe'",4
"1633","Rosa bella Rehder & E.H.Wilson",4
"1634","Rosa gallica 'Versicolor'",4
"1635","Rosa rugosa 'Pink Grootendorst'",4
"1636","Rosa tomentosa Sm.",4
"1637","Rubus allegheniensis Porter",4
"1638","Salix × pontederana Schleich.",4
"1639","Salix × wimmeriana Gren. & Godr.",4
"1640","Salix alba L.",4
"1641","Salix babylonica 'Crispa'",4
"1642","Salix cinerea 'Variegata'",4
"1643","Salix eriocephala Michx.",4
"1644","Salix grandifolia Ser.",4
"1645","Salix jessoensis Seemen",4
"1646","Salix matsudana 'Tortuosa'",4
"1647","Salix siuzevii Seemen",4
"1648","Schisandra chinensis Baill.",4
"1649","Silphium integrifolium Michx.",4
"1650","Silphium laciniatum L.",4
"1651","Sorbus alnifolia var. lobulata Rehder",4
"1652","Sorbus discolor (Maxim.) Maxim.",4
"1653","Spiraea 'J.N. Select A'",4
"1654","Spiraea nipponica",4
"1655","Spiraea pubescens",4
"1656","Spiraea virginiana Britton",4
"1657","Staphylea bumalda DC.",4
"1658","Stewartia pseudocamellia",4
"1659","Symphoricarpos × chenaultii 'Erect'",4
"1660","Symphoricarpos × doorenbosii 'Kordes'",4
"1661","Symphoricarpos albus 'Turesson'",4
"1662","Symphytum officinale L.",4
"1663","Syringa 'Maureen'",4
"1664","Syringa 'Nokomis'",4
"1665","Syringa × persica L.",4
"1666","Syringa vulgaris 'Dr. Trouanowsky'",4
"1667","Syringa vulgaris 'Macrostachya'",4
"1668","Syringa vulgaris 'Michel Buchner'",4
"1669","Syringa vulgaris 'Mme. A. J. Klettenberg'",4
"1670","Syringa vulgaris 'Mme. Catherine Bruchet'",4
"1671","Syringa vulgaris 'Perle Von Teltow'",4
"1672","Taxus × media 'Berg'",4
"1673","Taxus × media 'Brownii'",4
"1674","Taxus × media 'Densiformis'",4
"1675","Taxus × media 'Thayerae'",4
"1676","Taxus baccata 'Repandens'",4
"1677","Taxus baccata L.",4
"1678","Tetraneuris herbacea Greene",4
"1679","Thuja koraiensis Nakai",4
"1680","Thuja occidentalis 'Cloth of Gold'",4
"1681","Thuja occidentalis 'Compacta'",4
"1682","Thuja occidentalis 'Douglasii Aurea'",4
"1683","Thuja occidentalis 'Globosa'",4
"1684","Thuja occidentalis 'Hoopesii'",4
"1685","Thuja occidentalis 'Little Champion'",4
"1686","Thuja occidentalis 'Martinii'",4
"1687","Thuja occidentalis 'Silver Tip'",4
"1688","Thuja occidentalis 'Skogholm'",4
"1689","Thuja occidentalis 'Smithiana'",4
"1690","Thymus pulegioides L.",4
"1691","Thymus serpyllum 'Lanuginosus'",4
"1692","Tilia",4
"1693","Tilia × orbicularis (Carrière) Jouin",4
"1694","Tilia americana 'McKSentry'",4
"1695","Tilia americana var. heterophylla (Vent.) Loudon",4
"1696","Tilia cordata 'Greenspire'",4
"1697","Tilia insularis Nakai",4
"1698","Tilia platyphyllos 'Orebro'",4
"1699","Tilia platyphyllos subsp. cordifolia (Besser) C.K.Schneid. [1]",4
"1700","Tilia tuan Szyszyl.",4
"1701","Ulmus 'New Horizon'",4
"1702","Ulmus × hollandica 'Major'",4
"1703","Ulmus americana × pumila",4
"1704","Ulmus carpinifolia 'Umbraculifera'",4
"1705","Ulmus harbinensis S.Q.Nie & G.Q.Huang",4
"1706","Veronicastrum virginicum (L.) Farw.",4
"1707","Viburnum 'Cayuga'",4
"1708","Viburnum × rhytidophylloides 'Holland'",4
"1709","Viburnum carlesii 'J.N. Select'",4
"1710","Viburnum dentatum var. pubescens Aiton",4
"1711","Viburnum ichangense (Hemsl.) Rehder",4
"1712","Viburnum lantana 'Versicolor'",4
"1713","Viburnum plicatum f. tomentosum 'Molly Schroeder'",4
"1714","Viburnum prunifolium 'Wilson'",4
"1715","Viburnum rufidulum 'Morton'",4
"1716","Weigela 'Red Prince'",4
"1717","Weigela florida 'Purpurea'",4
"1718","Wisteria sinensis (Sims) Sweet",4
"1719","Abies balsamea var. phanerolepis Fernald",3
"1720","Abies cilicica (Antoine & Kotschy) Carrière",3
"1721","Abies concolor var. lowiana (Gordon) Lemmon",3
"1722","Abies lasiocarpa (Hook.) Nutt.",3
"1723","Abies sibirica Ledeb.",3
"1724","Abies veitchii Lindl.",3
"1725","Acanthopanax henryi (Oliv.) Harms",3
"1726","Acanthopanax sieboldianus (Makino) Koidz.",3
"1727","Acer × freemanii 'Jenner'",3
"1728","Acer davidii × davidii subsp. grosseri",3
"1729","Acer diabolicum Blume ex K.Koch",3
"1730","Acer heldreichii var. macropterum (Vis.) Pax",3
"1731","Acer japonicum 'Aconitifolium'",3
"1732","Acer macrophyllum Pursh",3
"1733","Acer mono f. subtrifidum (Makino) Rehder",3
"1734","Acer negundo var. texanum Pax",3
"1735","Acer oliverianum Pax",3
"1736","Acer opalus var. obtusatum (Willd.) Henry",3
"1737","Acer pauciflorum W.P.Fang",3
"1738","Acer platanoides 'Erectum'",3
"1739","Acer platanoides 'Rubrum'",3
"1740","Acer platanoides 'Undulatum'",3
"1741","Acer pycnanthum K.Koch",3
"1742","Acer saccharinum 'Aureum'",3
"1743","Acer saccharum 'Coleman'",3
"1744","Acer saccharum 'Senecaense'",3
"1745","Acer saccharum 'Temples Upright'",3
"1746","Acer stachyophyllum Hiern",3
"1747","Actinidia arguta (Siebold & Zucc.) Planch. ex Miq.",3
"1748","Actinidia kolomikta (Maxim. & Rupr.) Maxim.",3
"1749","Aesculus × carnea 'Plantierensis'",3
"1750","Aesculus glabra 'J.N. Select'",3
"1751","Aesculus hippocastanum 'Pyramidalis'",3
"1752","Albizia julibrissin 'Ernest Wilson'",3
"1753","Allium 'Millenium'",3
"1754","Allium lusitanicum 'Summer Peek-a-Boo'",3
"1755","Allium schoenoprasum 'Pink Giant'",3
"1756","Allium schoenoprasum L.",3
"1757","Alnus viridis subsp. crispa (Aiton) Turrill",3
"1758","Amelanchier × grandiflora 'Princess Diana'",3
"1759","Amorpha fruticosa var. oblongifolia E.J.Palmer",3
"1760","Amsonia 'Lemon Drop'",3
"1761","Aristolochia manshuriensis Kom.",3
"1762","Aristolochia tomentosa Sims",3
"1763","Artemisia pontica L.",3
"1764","Artemisia stelleriana Besser",3
"1765","Aster sericeus Vent.",3
"1766","Astilbe 'Fanal'",3
"1767","Astilbe 'Rheinland'",3
"1768","Astilbe chinensis Franch. & Sav.",3
"1769","Baptisia × bicolor 'Starlite'",3
"1770","Baptisia leucophaea Nutt.",3
"1771","Berberis amurensis Rupr.",3
"1772","Berberis circumserrata (C.K.Schneid.) C.K.Schneid.",3
"1773","Berberis thunbergii 'Atropurpurea'",3
"1774","Berberis thunbergii 'Thornless'",3
"1775","Berberis virgetorum C.K.Schneid.",3
"1776","Berchemia scandens (Hill) K.Koch",3
"1777","Betula dahurica Pall.",3
"1778","Betula ermanii Cham.",3
"1779","Betula forrestii (W.W.Sm.) Hand.-Mazz.",3
"1780","Betula glandulosa Michx.",3
"1781","Betula maximowicziana Regel",3
"1782","Betula pubescens subsp. tortuosa (Ledeb.) Nyman",3
"1783","Boltonia asteroides 'Snowbank'",3
"1784","Bromus kalmii A.Gray",3
"1785","Buddleja albiflora Hemsl.",3
"1786","Buddleja davidii 'Empire Blue'",3
"1787","Buxus microphylla 'Compacta'",3
"1788","Buxus sempervirens L.",3
"1789","Callicarpa dichotoma 'Early Amethyst'",3
"1790","Callitropsis nootkatensis 'Glauca Pendula'",3
"1791","Caragana arborescens 'Lorbergii'",3
"1792","Caragana boisii C.K.Schneid.",3
"1793","Caragana rosea Turcz. ex Kom.",3
"1794","Carex vulpinoidea Michx.",3
"1795","Carpinus betulus f. incisa Aiton",3
"1796","Carpinus japonica Blume",3
"1797","Carpinus laxiflora var. macrostachya Oliv.",3
"1798","Caryopteris × clandonensis 'Blue Mist'",3
"1799","Caryopteris × clandonensis Simmonds",3
"1800","Caryopteris incana (Thunb. ex Houtt.) Miq.",3
"1801","Catalpa bignonioides Walter",3
"1802","Ceanothus americanus var. pitcheri Torr. & A.Gray",3
"1803","Celastrus scandens L.",3
"1804","Cercis canadensis 'Forest Pansy'",3
"1805","Cercis canadensis 'Wither's Pink Charm'",3
"1806","Cercis siliquastrum L.",3
"1807","Chaenomeles × californica 'Arthur Colby'",3
"1808","Chaenomeles × superba 'Crimson and Gold'",3
"1809","Chaenomeles × superba 'High Noon'",3
"1810","Chaenomeles × superba 'Juliet'",3
"1811","Chaenomeles × superba 'Kinjishi'",3
"1812","Chaenomeles × superba 'Texas Scarlet'",3
"1813","Chaenomeles × superba (Frahm) Rehder",3
"1814","Chamaecyparis obtusa 'Nana Gracilis'",3
"1815","Chelone glabra L.",3
"1816","Chelone obliqua var. speciosa Pennell & Wherry",3
"1817","Chrysanthemum parthenium (L.) Bernh.",3
"1818","Clematis brevicaudata DC.",3
"1819","Clematis glauca Willd.",3
"1820","Clematis koreana Kom.",3
"1821","Colutea istria Mill.",3
"1822","Coreopsis tripteris L.",3
"1823","Cornus × slavinii Rehder",3
"1824","Cornus alba 'Spaethii'",3
"1825","Cornus alternifolia 'W. Stackman'",3
"1826","Cornus foemina Mill.",3
"1827","Cornus sanguinea 'Winter Flame'",3
"1828","Cornus sanguinea L.",3
"1829","Corylus avellana 'Aurea'",3
"1830","Cotinus coggygria 'Ancot'",3
"1831","Cotinus coggygria 'Purpureus'",3
"1832","Cotoneaster conspicuus var. decorus P.G.Russell",3
"1833","Cotoneaster melanocarpus var. laxiflorus (Lindl.) C.K.Schneid.",3
"1834","Cotoneaster submultiflorus Popov",3
"1835","Cotoneaster uniflorus Bunge",3
"1836","Cotoneaster zabelii C.K.Schneid.",3
"1837","Crataegus × lambertiana Lange",3
"1838","Crataegus × verruculosa Sarg.",3
"1839","Crataegus crus-galli var. salicifolia (Medik.) Aiton",3
"1840","Crataegus dsungarica Zabel ex Lange",3
"1841","Crataegus maximowiczii C.K.Schneid.",3
"1842","Crataegus mordenensis 'Toba' [1]",3
"1843","Crataegus pentagyna Waldst. & Kit.",3
"1844","Crataegus praecoqua Sarg.",3
"1845","Crataegus punctata 'Ohio Pioneer'",3
"1846","Crataegus viridis L.",3
"1847","Cytisus austriacus L.",3
"1848","Cytisus hirsutus L.",3
"1849","Daphne axilliflora (Keissl.) Pobed.",3
"1850","Deutzia × lemoinei Lemoine",3
"1851","Deutzia gracilis 'Nikko'",3
"1852","Deutzia scabra 'Watereri'",3
"1853","Deutzia sieboldiana Maxim.",3
"1854","Diervilla lonicera 'Copper'",3
"1855","Diervilla lonicera 'Wilbraham'",3
"1856","Dipelta floribunda Maxim.",3
"1857","Dryopteris affinis (Lowe) Fraser-Jenk.",3
"1858","Dryopteris carthusiana (Vill.) H.P.Fuchs",3
"1859","Dryopteris goldiana (Hook. ex Goldie) A.Gray",3
"1860","Echinacea purpurea 'Bravado'",3
"1861","Echinacea purpurea 'Virgin'",3
"1862","Elaeagnus commutata Bernh. ex Rydb.",3
"1863","Eleutherococcus divaricatus (Siebold & Zucc.) S.Y.Hu",3
"1864","Epimedium × rubrum C.Morren",3
"1865","Epimedium × versicolor 'Sulphureum'",3
"1866","Euonymus obovatus Nutt.",3
"1867","Euonymus oxyphyllus Miq.",3
"1868","Evodia hupehensis Dode",3
"1869","Fallopia baldschuanica (Regel) Holub",3
"1870","Filipendula ulmaria (L.) Maxim.",3
"1871","Forestiera acuminata (Michx.) Poir.",3
"1872","Forsythia 'Northern Gold'",3
"1873","Forsythia viridissima var. koreana 'Kumson'",3
"1874","Fothergilla 'Mount Airy'",3
"1875","Fothergilla × intermedia 'KLMfifteen'",3
"1876","Fothergilla × intermedia 'Mount Airy'",3
"1877","Frangula purshiana (DC.) J.G.Cooper",3
"1878","Fraxinus excelsior 'Aurea'",3
"1879","Fraxinus pallisiae Wilmott ex Pallis",3
"1880","Fraxinus pennsylvanica 'Summit'",3
"1881","Fraxinus potamophila Herd",3
"1882","Fraxinus spaethiana Lingelsh.",3
"1883","Fraxinus syriaca Boiss.",3
"1884","Galium odoratum (L.) Scop.",3
"1885","Geranium × oxonianum 'Katherine Adele'",3
"1886","Geranium macrorrhizum 'Czakor'",3
"1887","Geranium sanguineum L.",3
"1888","Ginkgo biloba 'Autumn Gold'",3
"1889","Ginkgo biloba 'Fastigiata'",3
"1890","Ginkgo biloba 'PNI 2720'",3
"1891","Ginkgo biloba 'Princeton Sentry'",3
"1892","Gleditsia aquatica Marshall",3
"1893","Gleditsia triacanthos 'Imperial'",3
"1894","Gleditsia triacanthos 'Shademaster'",3
"1895","Gleditsia triacanthos 'Skyline'",3
"1896","Hamamelis × intermedia 'Arnold Promise'",3
"1897","Hamamelis × intermedia 'Diane'",3
"1898","Hamamelis × intermedia 'Harlow Carr'",3
"1899","Helenium autumnale L.",3
"1900","Helleborus niger L.",3
"1901","Helleborus orientalis Lam.",3
"1902","Helwingia japonica (Thunb.) F.Dietr.",3
"1903","Hemerocallis thunbergii Baker",3
"1904","Heuchera 'Raspberry Regal'",3
"1905","Heuchera 'Regina'",3
"1906","Hibiscus syriacus 'DVPazurri'",3
"1907","Hibiscus syriacus L.",3
"1908","Hosta 'Frosted Jade'",3
"1909","Hosta 'Gunsmoke'",3
"1910","Hosta 'Krossa Regal'",3
"1911","Hosta 'Pearl Lake'",3
"1912","Hosta 'Regal Splendor'",3
"1913","Hosta 'Shade Fanfare'",3
"1914","Hosta 'Stiletto'",3
"1915","Hosta 'Touch of Class'",3
"1916","Hosta × tardiana 'June'",3
"1917","Hosta ventricosa Stearn",3
"1918","Hydrangea arborescens 'Abetwo'",3
"1919","Hydrangea arborescens 'Emerald Lace'",3
"1920","Hydrangea arborescens 'Hayes Starburst'",3
"1921","Hydrangea arborescens 'SMNHALR'",3
"1922","Hydrangea paniculata 'HYPMAD II'",3
"1923","Hydrangea paniculata 'Le Vasterival'",3
"1924","Hydrangea paniculata 'Praecox'",3
"1925","Hydrangea paniculata 'Ruby'",3
"1926","Hydrangea paniculata 'White Lace'",3
"1927","Hydrangea paniculata 'White Moth'",3
"1928","Hydrangea serrata 'MAKD'",3
"1929","Hylotelephium spectabile 'Autumn Fire'",3
"1930","Hypericum frondosum 'Sunburst'",3
"1931","Ilex crenata var. paludosa (Nakai) Hara ex Ohwi",3
"1932","Ilex glabra (L.) A.Gray",3
"1933","Ilex longipes Chapm. ex Trel.",3
"1934","Ilex opaca 'Miss Helen'",3
"1935","Ilex serrata Thunb.",3
"1936","Ilex verticillata 'Stop Light'",3
"1937","Juniperus 'J.N. Select Blue'",3
"1938","Juniperus × pfitzeriana (Pfitzer Group) 'Pfitzeriana Compacta'",3
"1939","Juniperus ashei Buchholz",3
"1940","Juniperus chinensis 'Femina'",3
"1941","Juniperus chinensis 'Old Gold'",3
"1942","Juniperus chinensis 'Sea Green'",3
"1943","Juniperus chinensis var. sargentii A.Henry",3
"1944","Juniperus communis 'Ashfordii'",3
"1945","Juniperus communis L.",3
"1946","Juniperus scopulorum 'Pathfinder'",3
"1947","Juniperus scopulorum Sarg.",3
"1948","Juniperus squamata 'Meyeri'",3
"1949","Juniperus squamata var. fargesii Rehder & E.H.Wilson",3
"1950","Juniperus virginiana 'Cupressifolia'",3
"1951","Juniperus virginiana 'Globosa'",3
"1952","Juniperus virginiana 'Greenspreader'",3
"1953","Juniperus virginiana 'Schottii'",3
"1954","Laburnum anagyroides Medik.",3
"1955","Lamium maculatum 'Beacon Silver'",3
"1956","Lamium maculatum 'Chequers'",3
"1957","Larix",3
"1958","Ledum groenlandicum Oeder",3
"1959","Liatris aspera Michx.",3
"1960","Ligularia 'Little Rocket'",3
"1961","Ligularia dentata 'Britt-Marie Crawford'",3
"1962","Ligularia dentata 'Othello'",3
"1963","Ligularia stenocephala 'The Rocket'",3
"1964","Ligustrum vulgare 'Aureum'",3
"1965","Liquidambar formosana Hance",3
"1966","Liriodendron tulipifera 'Aureomarginatum'",3
"1967","Lobelia siphilitica L.",3
"1968","Lonicera × notha Zabel",3
"1969","Lonicera × salicifolia (Dippel) Zabel",3
"1970","Lonicera canadensis J.Bartram & W.Bartram ex Marshall",3
"1971","Lonicera chamissoi Kirillov ex Bunge",3
"1972","Lonicera chrysantha var. regeliana (Kirchn.) Zabel",3
"1973","Lonicera henryi Hemsl.",3
"1974","Lonicera korolkowii 'Floribunda'",3
"1975","Lonicera nigra L.",3
"1976","Lonicera thibetica Bureau & Franch.",3
"1977","Lonicera trichosantha Bureau & Franch.",3
"1978","Lonicera villosa (Michx.) Schult.",3
"1979","Lonicera xylosteum 'Compacta'",3
"1980","Lonicera xylosteum f. mollis (Regel) Rehder",3
"1981","Maackia amurensis 'Summertime'",3
"1982","Maackia chinensis Takeda",3
"1983","Magnolia 'Yellow Lantern'",3
"1984","Magnolia × loebneri 'Spring Snow'",3
"1985","Magnolia × soulangeana 'Liliputin'",3
"1986","Magnolia liliiflora Desr.",3
"1987","Magnolia sprengeri Pamp.",3
"1988","Mahonia × decumbens Stace",3
"1989","Malus 'Amaszam'",3
"1990","Malus 'Barbara Ann'",3
"1991","Malus 'Candymint Sargent'",3
"1992","Malus 'Christmas Holly'",3
"1993","Malus 'Cinzam'",3
"1994","Malus 'Gorgeous'",3
"1995","Malus 'Hargozam'",3
"1996","Malus 'JFS KW213MX'",3
"1997","Malus 'JFS KW214MX'",3
"1998","Malus 'Joan'",3
"1999","Malus 'Kingsmere'",3
"2000","Malus 'Lanzam'",3
"2001","Malus 'Nipissing'",3
"2002","Malus 'Oekonomierat Echtermeyer'",3
"2003","Malus 'Pretty Marjory'",3
"2004","Malus 'Pumpkin Pie'",3
"2005","Malus 'Redbird'",3
"2006","Malus 'Royal Beauty'",3
"2007","Malus 'Scbrazam'",3
"2008","Malus × purpurea 'Hoser'",3
"2009","Malus × purpurea 'Lemoinei'",3
"2010","Malus × purpurea 'Schafer'",3
"2011","Malus armeniacaefolia hort. ex Lavallée",3
"2012","Malus baccata 'Fructo-flavo'",3
"2013","Malus baccata 'Gracilis'",3
"2014","Malus sargentii 'Select A'",3
"2015","Malus sylvestris 'Plena'",3
"2016","Malus toringo (Siebold) Siebold ex de Vriese",3
"2017","Miscanthus sinensis 'Malepartus'",3
"2018","Miscanthus sinensis 'Zebrinus'",3
"2019","Morus rubra L.",3
"2020","Nepeta 'Early Bird'",3
"2021","Nepeta × faassenii 'Dropmore'",3
"2022","Nepeta × faassenii 'Select Blue'",3
"2023","Osmunda regalis L.",3
"2024","Ostrya carpinifolia Scop.",3
"2025","Pachysandra terminalis 'Green Carpet'",3
"2026","Paeonia",3
"2027","Paeonia 'Abalone Pearl'",3
"2028","Paeonia 'Argosy'",3
"2029","Paeonia suffruticosa 'Hana-daigin'",3
"2030","Panicum virgatum 'Dallas Blues'",3
"2031","Panicum virgatum 'Shenandoah'",3
"2032","Parthenium integrifolium L.",3
"2033","Paxistima canbyi Gray",3
"2034","Penstemon digitalis Nutt. ex Sims",3
"2035","Petasites hybridus (L.) P.Gaertn., B.Mey. & Scherb.",3
"2036","Phellodendron chinense var. glabriusculum C.K.Schneid.",3
"2037","Philadelphus coronarius 'Aureus'",3
"2038","Philadelphus schrenkii var. jackii Koehne",3
"2039","Philadelphus subcanus Koehne",3
"2040","Phlox 'Minnie Pearl'",3
"2041","Phlox paniculata 'Laura'",3
"2042","Physocarpus intermedius (Rydb.) C.K.Schneid.",3
"2043","Physocarpus opulifolius 'Donna May'",3
"2044","Physocarpus opulifolius 'Luteus'",3
"2045","Physocarpus opulifolius 'Nugget'",3
"2046","Physocarpus stellatus (Rydb.) Rehder",3
"2047","Physostegia virginiana 'Vivid'",3
"2048","Picea abies 'Virgata'",3
"2049","Picea alcoquiana var. alcoquiana 'Howells Dwarf'",3
"2050","Picea engelmannii (Parry) Engelm.",3
"2051","Picea glauca 'Aurea'",3
"2052","Picea orientalis 'Gowdy'",3
"2053","Pinus koraiensis Siebold & Zucc.",3
"2054","Pinus monticola Douglas ex D.Don",3
"2055","Pinus sylvestris 'Albyns'",3
"2056","Pinus sylvestris 'Fastigiata'",3
"2057","Pinus uncinata Mill. ex Mirb. subsp. uncinata",3
"2058","Plantago cynops L.",3
"2059","Platycarya strobilacea Siebold & Zucc.",3
"2060","Populus angulata Aiton",3
"2061","Populus balsamifera L.",3
"2062","Populus koreana Rehder",3
"2063","Populus tremula L.",3
"2064","Potentilla fruticosa 'Goldstar' [1]",3
"2065","Potentilla fruticosa 'Longacre'",3
"2066","Potentilla fruticosa 'UMan'",3
"2067","Prinsepia uniflora Batalin",3
"2068","Prunus × yedoensis 'Shidare Yoshino'",3
"2069","Prunus angustifolia Marshall",3
"2070","Prunus armeniaca L.",3
"2071","Prunus cerasifera Ehrh.",3
"2072","Prunus dasycarpa var. persicifolia (Loisel.) Rehder",3
"2073","Prunus grayana",3
"2074","Prunus tenella var. campestris (Besser) Rehder",3
"2075","Prunus virginiana 'Shubert'",3
"2076","Prunus virginiana L.",3
"2077","Prunus virginiana var. melanocarpa (A.Nelson) Sarg.",3
"2078","Pseudolarix kaempferi Gordon",3
"2079","Psoralidium tenuiflorum (Pursh) Rydb.",3
"2080","Pterocarya stenoptera DC.",3
"2081","Pycnanthemum virginianum (L.) T.Durand & B.D.Jacks.",3
"2082","Pyracantha coccinea 'Lalandei'",3
"2083","Pyracantha coccinea 'Pauciflora'",3
"2084","Pyrus calleryana 'Autumn Blaze'",3
"2085","Pyrus salicifolia 'Pendula'",3
"2086","Quercus × sargentii Rehder",3
"2087","Quercus buckleyi Nixon & Dorr",3
"2088","Quercus dalechampii Ten.",3
"2089","Quercus glandulifera Blume",3
"2090","Quercus hemisphaerica W.Bartram ex Willd. [1]",3
"2091","Quercus pagoda Raf.",3
"2092","Quercus robur 'Crispa'",3
"2093","Quercus robur subsp. pedunculiflora (K.Koch) Menitsky",3
"2094","Quercus rubra 'Schrefeldii'",3
"2095","Quercus rubra var. borealis (F.Michx.) Farw.",3
"2096","Quercus shumardii var. acerifolia E.J.Palmer",3
"2097","Quercus sinuata var. sinuata",3
"2098","Quercus wutaishanica Mayr",3
"2099","Rhamnus frangula 'Columnaris'",3
"2100","Rhamnus parvifolia Bunge",3
"2101","Rhamnus purshiana DC.",3
"2102","Rhamnus saxatilis Jacq.",3
"2103","Rhododendron 'Album Elegans'",3
"2104","Rhododendron 'Fawley'",3
"2105","Rhododendron 'Holden'",3
"2106","Rhododendron 'Hong Kong'",3
"2107","Rhododendron 'Narcissiflora'",3
"2108","Rhododendron 'Renne'",3
"2109","Rhododendron 'Scintillation'",3
"2110","Rhododendron calendulaceum (Michx.) Torr.",3
"2111","Rhododendron carolinianum Rehder",3
"2112","Rhododendron occidentale (Torr. & A.Gray) A.Gray",3
"2113","Rhododendron smirnowii Trautv.",3
"2114","Rhododendron vaseyi Gray",3
"2115","Ribes fasciculatum var. chinense Maxim.",3
"2116","Ribes missouriense Nutt.",3
"2117","Ribes rubrum L.",3
"2118","Robinia pseudoacacia 'Monophylla Pendula'",3
"2119","Rosa 'ANGelsie'",3
"2120","Rosa 'Delicata'",3
"2121","Rosa 'Ferdy'",3
"2122","Rosa 'Jens Munk'",3
"2123","Rosa 'Meiflopan'",3
"2124","Rosa 'Radsun'",3
"2125","Rosa acicularis Lindl.",3
"2126","Rosa arkansana var. suffulta (Greene) Cockrell",3
"2127","Rosa beggeriana Schrenk",3
"2128","Rosa gymnocarpa Nutt.",3
"2129","Rosa helenae Rehder & E.H.Wilson",3
"2130","Rosa multiflora 'Nana'",3
"2131","Rosa multiflora Thunb.",3
"2132","Rosa rugosa 'Albo-plena'",3
"2133","Rosa sweginzowii Koehne",3
"2134","Rubus cockburnianus Hemsl.",3
"2135","Rubus crataegifolius Bunge",3
"2136","Rudbeckia fulgida var. fulgida",3
"2137","Rudbeckia subtomentosa Pursh",3
"2138","Salix × mollissima Ehrh.",3
"2139","Salix × rubra Huds.",3
"2140","Salix × seringeana Gaudin",3
"2141","Salix amygdalina L.",3
"2142","Salix daphnoides Vill.",3
"2143","Salix gracilistyla 'Melanostachys'",3
"2144","Salix matsudana Koidz.",3
"2145","Salix medemii Boiss.",3
"2146","Salix medwedewii Dode",3
"2147","Sassafras albidum var. molle (Raf.) Fernald",3
"2148","Saururus cernuus L.",3
"2149","Sciadopitys verticillata (Thunb.) Siebold & Zucc.",3
"2150","Scilla siberica Haw.",3
"2151","Smilax tamnoides L.",3
"2152","Sorbus × arnoldiana Rehder",3
"2153","Sorbus × thuringiaca 'Quercifolia'",3
"2154","Sorbus austriaca (Beck) Hedl.",3
"2155","Sorbus torminalis (L.) Crantz",3
"2156","Spiraea douglasii Hook.",3
"2157","Spiraea flexuosa Fisch.",3
"2158","Spiraea japonica 'Little Princess'",3
"2159","Spiraea japonica 'Norman'",3
"2160","Spiraea mollifolia Rehder",3
"2161","Spiraea nipponica 'Snowmound'",3
"2162","Stephanandra tanakae (Franch. & Sav.) Franch. & Sav.",3
"2163","Styrax obassia Siebold & Zucc.",3
"2164","Syringa 'Alice Eastwood'",3
"2165","Syringa 'Buffon'",3
"2166","Syringa 'Claude Bernard'",3
"2167","Syringa 'Declaration'",3
"2168","Syringa 'Necker'",3
"2169","Syringa 'Swarthmore'",3
"2170","Syringa × hyacinthiflora 'Evangeline'",3
"2171","Syringa oblata subsp. dilatata (Nakai) P.S.Green & M.C.Chang",3
"2172","Syringa vulgaris 'Alexander Hamilton'",3
"2173","Syringa vulgaris 'Boussingault'",3
"2174","Syringa vulgaris 'Charles Joly'",3
"2175","Syringa vulgaris 'Decaisne'",3
"2176","Syringa vulgaris 'Edouard Andre'",3
"2177","Syringa vulgaris 'Fuerst Buelow'",3
"2178","Syringa vulgaris 'Henri Martin'",3
"2179","Syringa vulgaris 'Henry Clay'",3
"2180","Syringa vulgaris 'Krasavitsa Moskvy'",3
"2181","Syringa vulgaris 'Mme. Briot'",3
"2182","Syringa vulgaris 'Mme. Lemoine'",3
"2183","Syringa vulgaris 'Paul Deschanel'",3
"2184","Syringa vulgaris 'Pearl'",3
"2185","Syringa vulgaris 'Stadtgartner Rothpletz'",3
"2186","Syringa vulgaris 'Vergissmeinnicht'",3
"2187","Syringa vulgaris 'Victor Lemoine'",3
"2188","Taxodium distichum 'Cascade Falls'",3
"2189","Taxodium distichum 'Mickelson'",3
"2190","Taxodium distichum 'Shawnee Brave'",3
"2191","Taxus × hunnewelliana Rehder",3
"2192","Taxus × media 'Anthony Wayne'",3
"2193","Taxus × media 'Halloriana'",3
"2194","Taxus cuspidata 'Expansa'",3
"2195","Thuja occidentalis 'Aureovariegata'",3
"2196","Thuja occidentalis 'Bail John'",3
"2197","Thuja occidentalis 'Bodmeri'",3
"2198","Thuja occidentalis 'Columbia'",3
"2199","Thuja occidentalis 'Ellwangeriana'",3
"2200","Thuja occidentalis 'Intermedia'",3
"2201","Thuja occidentalis 'Leptoclada'",3
"2202","Thuja occidentalis 'Nigra'",3
"2203","Thuja occidentalis 'Pumila'",3
"2204","Thuja occidentalis 'Reevesii'",3
"2205","Thuja occidentalis 'Winona'",3
"2206","Thuja occidentalis 'Woodwardii'",3
"2207","Thuja plicata 'Elegantissima'",3
"2208","Thymus × citriodorus (Pers.) Schreb. ex Schweigg. & Korte",3
"2209","Thymus praecox Opiz",3
"2210","Thymus serpyllum 'Citriodorus'",3
"2211","Tilia americana 'Dentata'",3
"2212","Tilia chinensis Maxim.",3
"2213","Tilia platyphyllos 'Rubra'",3
"2214","Tilia platyphyllos subsp. platyphyllos",3
"2215","Tilia tomentosa 'Sterling'",3
"2216","Torreya nucifera (L.) Siebold & Zucc.",3
"2217","Tsuga canadensis 'Fremdii'",3
"2218","Ulmus 'Morton Plainsman'",3
"2219","Ulmus 'Patriot'",3
"2220","Ulmus × hollandica 'Klemmer'",3
"2221","Ulmus americana 'Littleford'",3
"2222","Ulmus americana 'Morden'",3
"2223","Ulmus americana 'Valley Forge'",3
"2224","Ulmus americana 'Washington'",3
"2225","Ulmus changii W.C.Cheng",3
"2226","Ulmus davidiana var. japonica 'Validation'",3
"2227","Ulmus glaucescens Franch.",3
"2228","Ulmus minor 'Pendula'",3
"2229","Ulmus minor × pumila",3
"2230","Ulmus parvifolia 'Garden City'",3
"2231","Ulmus pumila 'Dropmore'",3
"2232","Vaccinium angustifolium var. laevifolium House",3
"2233","Vernonia arkansana DC.",3
"2234","Veronica fruticans Jacq.",3
"2235","Veronica incana L. [1]",3
"2236","Viburnum dentatum 'Christom'",3
"2237","Viburnum dentatum 'KLMseventeen'",3
"2238","Viburnum dentatum var. deamii (Rehder) Fernald",3
"2239","Viburnum ellipticum Hook.",3
"2240","Viburnum farreri 'KLMW'",3
"2241","Viburnum glomeratum Maxim.",3
"2242","Viburnum nudum 'Bulk'",3
"2243","Viburnum opulus var. americanum 'Bailey Compact'",3
"2244","Viburnum opulus var. opulus 'Aureum'",3
"2245","Viburnum opulus var. opulus 'Roseum'",3
"2246","Viburnum opulus var. opulus 'Xanthocarpum'",3
"2247","Viburnum plicatum f. plicatum 'Mary Milton'",3
"2248","Viburnum plicatum f. tomentosum 'Shasta'",3
"2249","Viburnum plicatum var. plicatum 'Kerns Pink'",3
"2250","Vinca minor 'Ralph Shugert'",3
"2251","Vitis riparia Michx.",3
"2252","Weigela 'Argenteo-marginata Varie'",3
"2253","Weigela 'Groenewegenii'",3
"2254","Weigela 'Olympiade'",3
"2255","Weigela 'Styriaca'",3
"2256","Weigela 'Tango'",3
"2257","Weigela 'Vanicek'",3
"2258","Weigela decora (Nakai) Nakai",3
"2259","Weigela florida 'Alexandra'",3
"2260","Weigela florida 'Brigela'",3
"2261","Weigela florida 'Pink Delight'",3
"2262","Weigela florida 'Walweigeye'",3
"2263","Weigela subsessilis (Nakai) Bailey",3
"2264","× Amelasorbus jackii Rehder",2
"2265","× Heucherella 'Dayglow Pink'",2
"2266","× Sorbaronia dippelii (Zabel) C.K.Schneid.",2
"2267","× Sorbaronia hybrida (Moench) C.K.Schneid.",2
"2268","Abies cephalonica Loudon",2
"2269","Abies chensiensis Tiegh.",2
"2270","Abies concolor 'Conica'",2
"2271","Abies fraseri (Pursh) Poir.",2
"2272","Abies procera 'Glauca'",2
"2273","Acer × freemanii 'Bailston'",2
"2274","Acer × freemanii 'DTR 102'",2
"2275","Acer argutum × campestre var. austriacum",2
"2276","Acer campestre 'Postelense'",2
"2277","Acer campestre var. austriacum × platanoides 'Almira'",2
"2278","Acer campestre var. austriacum × platanoides 'Undulatum'",2
"2279","Acer cappadocicum 'Aureum'",2
"2280","Acer carpinifolium × tataricum",2
"2281","Acer carpinifolium × tataricum subsp. ginnala [2]",2
"2282","Acer caudatum subsp. multiserratum A.E.Murray",2
"2283","Acer ceriferum Rehder",2
"2284","Acer glabrum × tataricum",2
"2285","Acer glabrum Torr.",2
"2286","Acer grandidentatum Nutt.",2
"2287","Acer hyrcanum Fisch. & C.A.Mey.",2
"2288","Acer micranthum Siebold & Zucc.",2
"2289","Acer miyabei 'JFS-KW3AMI'",2
"2290","Acer miyabei subsp. miaotaiense (P.C.Tsoong) A.E.Murray",2
"2291","Acer negundo 'Crispum Variegatum'",2
"2292","Acer negundo 'Pseudocalifornicum'",2
"2293","Acer negundo 'Rubescens'",2
"2294","Acer palmatum 'Atropurpureum'",2
"2295","Acer palmatum 'Burgundy Lace'",2
"2296","Acer palmatum subsp. matsumurae Koidz.",2
"2297","Acer pentapomicum J.L.Stewart",2
"2298","Acer platanoides 'Faassen's Black'",2
"2299","Acer platanoides 'Globosum'",2
"2300","Acer platanoides 'Pond'",2
"2301","Acer platanoides 'Undulatum' × platanoides",2
"2302","Acer platanoides 'Undulatum' × truncatum [1]",2
"2303","Acer pseudoplatanus 'Esk Sunset'",2
"2304","Acer pseudoplatanus 'Purpureum'",2
"2305","Acer rubrum 'Franksred'",2
"2306","Acer rubrum 'October Glory'",2
"2307","Acer rubrum 'Silhouette'",2
"2308","Acer saccharum 'Sweet Shadow Cut-Leaf'",2
"2309","Acer tataricum subsp. ginnala 'Compactum'",2
"2310","Acer tataricum subsp. semenovii (Regel & Herder) A.E.Murray",2
"2311","Acer tataricum subsp. tataricum",2
"2312","Acer tataricum x truncatum",2
"2313","Acer tegmentosum 'Joe Witt'",2
"2314","Acer yui W.P.Fang",2
"2315","Achillea 'Anthea'",2
"2316","Achillea 'Moonshine'",2
"2317","Achillea millefolium 'Paprika'",2
"2318","Actaea simplex 'Atropurpurea'",2
"2319","Actaea simplex (DC.) Wormsk. ex Prantl",2
"2320","Aegopodium podagraria 'Variegatum'",2
"2321","Aesculus × arnoldiana 'Autumn Splendor'",2
"2322","Aesculus × mutabilis var. induta Sarg.",2
"2323","Aesculus × mutabilis var. penduliflora Sarg.",2
"2324","Aesculus pavia 'Atrosanguinea'",2
"2325","Aesculus splendens Sarg.",2
"2326","Agastache foeniculum 'Golden Jubilee'",2
"2327","Ajuga reptans L.",2
"2328","Akebia quinata (Houtt.) Decne.",2
"2329","Albizia julibrissin var. rosea (Carrière) Mouill.",2
"2330","Allium schoenoprasum 'Schnittlauch'",2
"2331","Allium thunbergii 'Ozawa'",2
"2332","Alnus × spaethii Callier",2
"2333","Alnus maritima subsp. oklahomensis J.A.Schrad. & W.R.Graves",2
"2334","Alyssum montanum L.",2
"2335","Alyssum saxatile 'Compactum'",2
"2336","Alyssum saxatile L.",2
"2337","Amelanchier",2
"2338","Amelanchier × grandiflora 'Forest Prince'",2
"2339","Amelanchier alnifolia 'Obelisk'",2
"2340","Amelanchier canadensis 'Nana'",2
"2341","Amelanchier canadensis 'Prince William'",2
"2342","Amelanchier laevis 'Prince Charles'",2
"2343","Amelanchier spicata (Lam.) K.Koch",2
"2344","Ampelopsis brevipedunculata Trautv.",2
"2345","Ampelopsis delavayana Planch.",2
"2346","Ampelopsis humulifolia Bunge",2
"2347","Amsonia 'Halfway to Arkansas'",2
"2348","Andrachne chinensis Bunge",2
"2349","Andropogon gerardii Vitman",2
"2350","Anemone × hybrida 'Party Dress'",2
"2351","Anemone × hybrida 'September Charm'",2
"2352","Anemone × hybrida 'Whirlwind'",2
"2353","Aquilegia canadensis L.",2
"2354","Aralia cordata 'Sun King'",2
"2355","Aristolochia durior Hill",2
"2356","Armoracia rusticana 'Variegata'",2
"2357","Artemisia frigida Willd.",2
"2358","Asarum canadense L.",2
"2359","Asclepias meadii Torr. ex A.Gray",2
"2360","Asclepias verticillata L.",2
"2361","Aster laevis L.",2
"2362","Aster novae-angliae L.",2
"2363","Astilbe 'Delft Lace'",2
"2364","Astilbe 'Deutschland'",2
"2365","Astilbe 'Maggie Daley'",2
"2366","Astilbe 'Zuster Theresa'",2
"2367","Astilbe × arendsii 'Brautschleier'",2
"2368","Astilbe × arendsii 'Weisse Gloria'",2
"2369","Astilbe chinensis 'Vision in Red'",2
"2370","Astilbe chinensis 'Visions'",2
"2371","Astilbe koreana Nakai",2
"2372","Astilboides tabularis (Hemsl.) Engler",2
"2373","Athyrium 'Ghost'",2
"2374","Athyrium filix-femina 'Cristatum'",2
"2375","Atraphaxis frutescens (L.) Eversm.",2
"2376","Aurinia saxatilis 'Compacta'",2
"2377","Baptisia 'Chocolate Chip'",2
"2378","Baptisia alba (L.) R.Br.",2
"2379","Baptisia sphaerocarpa Nutt.",2
"2380","Belamcanda chinensis (L.) DC.",2
"2381","Berberis 'Tara'",2
"2382","Berberis × ottawensis 'Golden Ring'",2
"2383","Berberis julianae C.K.Schneid.",2
"2384","Berberis thunbergii 'Concorde'",2
"2385","Berchemia racemosa Siebold & Zucc.",2
"2386","Bergenia crassifolia (L.) Fritsch",2
"2387","Betula coerulea Blanch.",2
"2388","Betula cordifolia Regel",2
"2389","Betula costata Trautv.",2
"2390","Betula litwinowii Doluch.",2
"2391","Betula oycoviensis Besser",2
"2392","Betula papyrifera var. kenaica (W.H.Evans) Henry",2
"2393","Betula pendula 'Purpurea'",2
"2394","Betula pendula 'Tristis'",2
"2395","Betula platyphylla var. mandshurica (Regel) Hara",2
"2396","Betula populifolia 'Whitespire'",2
"2397","Betula utilis D.Don",2
"2398","Brunnera macrophylla 'Langtrees'",2
"2399","Brunnera macrophylla 'Looking Glass'",2
"2400","Buddleja 'White Ball'",2
"2401","Buddleja davidii 'Ile de France'",2
"2402","Buddleja davidii 'Royal Red'",2
"2403","Buddleja davidii 'Summer Beauty'",2
"2404","Buddleja davidii 'White Bouquet'",2
"2405","Buddleja davidii 'White Profusion'",2
"2406","Buddleja davidii Franch.",2
"2407","Buxus 'Green Velvet'",2
"2408","Buxus microphylla 'JW Singer'",2
"2409","Calamagrostis × acutiflora 'Avalanche'",2
"2410","Calamintha nepeta 'Montrose White'",2
"2411","Calocedrus decurrens (Torr.) Florin",2
"2412","Campanula poscharskyana Degen",2
"2413","Caragana × sophoraefolia Tausch",2
"2414","Caragana arborescens 'Pendula'",2
"2415","Caragana brevispina Royle",2
"2416","Caragana microphylla Lam.",2
"2417","Caragana spinosa (L.) Vahl ex Hornem.",2
"2418","Carex muskingumensis Schwein.",2
"2419","Carpinus betulus 'Purpurea'",2
"2420","Carpinus caroliniana 'J.N. Strain'",2
"2421","Carpinus caroliniana var. virginiana × laxiflora v. macrostachya",2
"2422","Carpinus fargesiana Winkl.",2
"2423","Carya ovalis (Wangenh.) Sarg.",2
"2424","Caryopteris × clandonensis 'Longwood Blue'",2
"2425","Cassia hebecarpa Fernald",2
"2426","Castanea henryi (Skan) Rehder & E.H.Wilson",2
"2427","Cedrela sinensis Juss.",2
"2428","Celtis reticulata Torr.",2
"2429","Celtis spinosa Spreng.",2
"2430","Celtis tetrandra Roxb.",2
"2431","Centaurea montana L.",2
"2432","Centranthus ruber (L.) DC.",2
"2433","Cephalanthus occidentalis 'Sputnik'",2
"2434","Cephalotaxus nana Nakai",2
"2435","Cercis canadensis 'Covey'",2
"2436","Cercis canadensis 'Greswan'",2
"2437","Cercis canadensis 'Hearts of Gold'",2
"2438","Cercis canadensis 'MN Strain'",2
"2439","Cercis canadensis 'UMN7101'",2
"2440","Cercis canadensis 'Vanilla Twist'",2
"2441","Chaenomeles × superba 'Cameo'",2
"2442","Chaenomeles × superba 'Della Robbia'",2
"2443","Chaenomeles × superba 'Fire Dance'",2
"2444","Chaenomeles × superba 'Fusion'",2
"2445","Chaenomeles × superba 'Jet Trail'",2
"2446","Chaenomeles × superba 'Knap Hill Scarlet'",2
"2447","Chaenomeles × superba 'Margaret Adams'",2
"2448","Chaenomeles × superba 'Spring Fashion'",2
"2449","Chaenomeles speciosa 'Eximia'",2
"2450","Chaenomeles speciosa 'Spitfire'",2
"2451","Chaenomeles speciosa 'Starlight'",2
"2452","Chaenomeles speciosa (Sweet) Nakai",2
"2453","Chamaebatiaria millefolium (Torr.) Maxim.",2
"2454","Chamaecyparis nootkatensis (D.Don) Spach",2
"2455","Chamaecyparis obtusa (Siebold & Zucc.) Endl.",2
"2456","Chamaecyparis pisifera 'Filifera Golden Charm'",2
"2457","Chamaecyparis pisifera 'Filifera'",2
"2458","Chamaecyparis pisifera 'Golden Pincushion'",2
"2459","Chamaecyparis pisifera 'Lemon Thread'",2
"2460","Chamaecyparis pisifera 'Plumosa Aurea'",2
"2461","Chasmanthium latifolium (Michx.) H.O.Yates",2
"2462","Chelone obliqua L.",2
"2463","Cladrastis kentukea 'Rosea'",2
"2464","Clematis",2
"2465","Clematis 'Will Goodwin'",2
"2466","Clematis aethusifolia Turcz.",2
"2467","Clematis pitcheri Torr. & A.Gray",2
"2468","Clematis viticaulis Steele",2
"2469","Clerodendron trichotomum Thunb.",2
"2470","Clethra alnifolia 'Caleb'",2
"2471","Clethra alnifolia 'Chattanooga'",2
"2472","Clethra alnifolia 'Crystalina'",2
"2473","Clethra alnifolia 'Sixteen Candles'",2
"2474","Clethra barbinervis Siebold & Zucc.",2
"2475","Cocculus trilobus (Thunb.) DC.",2
"2476","Colutea brevialata Lange",2
"2477","Colutea orientalis Mill.",2
"2478","Colutea persica Boiss.",2
"2479","Coreopsis verticillata 'Grandiflora'",2
"2480","Coreopsis verticillata 'Moonbeam'",2
"2481","Cornus",2
"2482","Cornus × horseyi Rehder",2
"2483","Cornus alba 'Argenteomarginata'",2
"2484","Cornus controversa 'June Snow-JFS'",2
"2485","Cornus darvasica (Pojark.) Pilip.",2
"2486","Cornus florida 'Rubra'",2
"2487","Cornus kousa 'Greensleeves'",2
"2488","Cornus kousa var. chinensis 'Milky Way'",2
"2489","Cornus racemosa 'Green Carpet'",2
"2490","Cornus racemosa Lam.",2
"2491","Cornus sericea subsp. sericea 'Alleman's Dwarf'",2
"2492","Corylopsis coreana Uyeki",2
"2493","Corylopsis sinensis Hemsl.",2
"2494","Corylopsis spicata Siebold & Zucc.",2
"2495","Corylus 'Purple Haze'",2
"2496","Corylus 'Rosita'",2
"2497","Corylus avellana 'Fuscorubra'",2
"2498","Corylus avellana 'Heterophylla'",2
"2499","Corylus avellana 'Pendula'",2
"2500","Corylus chinensis Franch.",2
"2501","Corylus heterophylla var. sutchuenensis Franch.",2
"2502","Cotinus coggygria 'Rubrifolius'",2
"2503","Cotoneaster dammeri 'Nordic Carpet'",2
"2504","Cotoneaster horizontalis 'Wilsonii'",2
"2505","Cotoneaster horizontalis var. perpusillus C.K.Schneid.",2
"2506","Cotoneaster hupehensis Rehder & E.H.Wilson",2
"2507","Cotoneaster obscurus var. cornifolius Rehder & E.H.Wilson",2
"2508","Cotoneaster racemiflorus var. soongoricus (Regel & Herder) C.K.Schneid.",2
"2509","Cotoneaster racemiflorus var. veitchii Rehder & Wilson",2
"2510","Cotoneaster roseus Edgew.",2
"2511","Cotoneaster zabelii var. miniatus Rehder & Wilson",2
"2512","Crataegus",2
"2513","Crataegus × simulata Sarg.",2
"2514","Crataegus chrysocarpa Ashe",2
"2515","Crataegus delectata Sarg.",2
"2516","Crataegus fecunda Sarg.",2
"2517","Crataegus flabellata (Bosc ex Spach) K.Koch",2
"2518","Crataegus formosa Sarg.",2
"2519","Crataegus insperata Sarg.",2
"2520","Crataegus napaea Sarg.",2
"2521","Crataegus pisifera Sarg.",2
"2522","Crataegus pringlei Sarg.",2
"2523","Crataegus pruinosa var. brachypoda (Sarg.) E.J.Palmer",2
"2524","Crataegus punctata var. pausiaca (Ashe) E.J.Palmer",2
"2525","Crataegus suavis Sarg.",2
"2526","Crataegus submollis Sarg.",2
"2527","Cydonia oblonga 'Maliformis'",2
"2528","Cytisus nigricans L.",2
"2529","Cytisus vulpinus hort.",2
"2530","Dalea candida (Michx.) Michx. ex Willd.",2
"2531","Daphne × burkwoodii 'Somerset'",2
"2532","Daphne cneorum L.",2
"2533","Decaisnea fargesii (Griff.) Hook.f. & Thomson",2
"2534","Dianthus 'Feuerhexe'",2
"2535","Dianthus carthusianorum L.",2
"2536","Dianthus gratianopolitanus",2
"2537","Dicentra 'Luxuriant'",2
"2538","Diervilla 'G2X885411'",2
"2539","Diervilla 'G2X88544'",2
"2540","Dipteronia sinensis Oliv.",2
"2541","Echinacea 'CBG Cone 2'",2
"2542","Echinacea 'Sunset'",2
"2543","Echinacea purpurea 'Balscblum'",2
"2544","Echinacea purpurea 'Balscoberr'",2
"2545","Echinacea purpurea 'Butterfly Kisses'",2
"2546","Echinacea purpurea 'Kims Knee High'",2
"2547","Echinacea purpurea 'PAS702918'",2
"2548","Echinacea purpurea 'Prairie Frost'",2
"2549","Echinacea purpurea 'Prairie Splendor'",2
"2550","Echinacea purpurea (L.) Moench",2
"2551","Ehretia thyrsiflora (Siebold & Zucc.) Nakai",2
"2552","Elaeagnus angustifolia var. orientalis (L.) Kuntze",2
"2553","Ephedra distachya subsp. helvetica (C.A.Mey.) Asch. & Graebn.",2
"2554","Ephedra equisetina Bunge",2
"2555","Epimedium × perralchicum 'Frohnleiten'",2
"2556","Epimedium stellulatum Stearn",2
"2557","Euonymus europaea 'Alba'",2
"2558","Euonymus europaea 'Aldenhamensis'",2
"2559","Euonymus europaea 'Aucubaefolia'",2
"2560","Euonymus europaea 'Variegata'",2
"2561","Euonymus fortunei 'Carrierei'",2
"2562","Euonymus fortunei 'Minimus'",2
"2563","Euonymus fortunei 'Vegeta'",2
"2564","Euonymus kiautschovicus Loes.",2
"2565","Euonymus lanceifolius Loes.",2
"2566","Euonymus nana var. turkestanica Dieck",2
"2567","Euonymus nanus M.Bieb.",2
"2568","Euonymus sachalinensis (F.Schmidt) Maxim.",2
"2569","Euonymus semiexsertus Koehne",2
"2570","Eupatorium perfoliatum L.",2
"2571","Euphorbia cyparissias L.",2
"2572","Eutrochium dubium 'Little Joe'",2
"2573","Eutrochium maculatum (L.) E.E.Lamont",2
"2574","Fagus sylvatica 'Fastigiata'",2
"2575","Fagus sylvatica 'Red Obelisk'",2
"2576","Fagus sylvatica 'Rotundifolia'",2
"2577","Fagus sylvatica 'Tortuosa'",2
"2578","Fagus sylvatica 'Zlatia'",2
"2579","Fagus sylvatica (Atropunicea Group) 'Spaethiana'",2
"2580","Fallugia paradoxa (D.Don) Endl. ex Torr.",2
"2581","Festuca glauca 'Meerblau'",2
"2582","Forsythia × intermedia 'Karl Sax'",2
"2583","Forsythia × intermedia 'Mertensiana'",2
"2584","Forsythia × intermedia 'Spring Glory'",2
"2585","Forsythia × intermedia Zabel",2
"2586","Forsythia viridissima 'Klein Autumnal'",2
"2587","Forsythia viridissima Lindl.",2
"2588","Fothergilla × intermedia 'Red Licorice'",2
"2589","Fothergilla gardenii 'Julia'",2
"2590","Fothergilla gardenii 'Suzanne'",2
"2591","Fraxinus",2
"2592","Fraxinus americana 'Autumn Purple'",2
"2593","Fraxinus angustifolia 'Monophylla'",2
"2594","Fraxinus angustifolia subsp. oxycarpa (M.Bieb. ex Willd.) Franco et Rocha Afonso",2
"2595","Fraxinus anomala Torr. ex S.Watson",2
"2596","Fraxinus baroniana Diels",2
"2597","Fraxinus bungeana DC.",2
"2598","Fraxinus chinensis subsp. rhynchophylla (Hance) E.Murray",2
"2599","Fraxinus holotricha Koehne",2
"2600","Fraxinus insularis Hemsl.",2
"2601","Fraxinus pennsylvanica var. austinii Fernald",2
"2602","Fraxinus sogdiana Bunge",2
"2603","Fraxinus stylosa Lingelsh.",2
"2604","Fraxinus texensis (Gray) Sarg.",2
"2605","Galanthus nivalis L.",2
"2606","Genista ovata Waldst. & Kit.",2
"2607","Genista pilosa L.",2
"2608","Genista radiata (L.) Scop.",2
"2609","Gentiana 'True Blue'",2
"2610","Geranium × cantabrigiense 'ABPP'",2
"2611","Geranium × cantabrigiense 'Biokovo'",2
"2612","Geranium × cantabrigiense 'Karmina'",2
"2613","Geranium ibericum 'Platypetalum'",2
"2614","Geranium macrorrhizum 'Spessart'",2
"2615","Geranium maculatum L.",2
"2616","Geranium sanguineum var. prostratum (Cav.) Pers.",2
"2617","Geum 'Champagne'",2
"2618","Ginkgo biloba 'Canopy'",2
"2619","Ginkgo biloba 'Chi-Chi'",2
"2620","Ginkgo biloba 'Pendula'",2
"2621","Gleditsia triacanthos 'Sunburst'",2
"2622","Hakonechloa macra 'Beni-kaze'",2
"2623","Hamamelis 'Rochester'",2
"2624","Hamamelis × intermedia 'Barmstedt Gold'",2
"2625","Hamamelis × intermedia 'Birgit'",2
"2626","Hamamelis × intermedia 'Copper Glow'",2
"2627","Hamamelis × intermedia 'Livia'",2
"2628","Hamamelis × intermedia 'Pallida'",2
"2629","Hamamelis japonica 'Canary Yellow'",2
"2630","Hamamelis japonica Siebold & Zucc.",2
"2631","Hamamelis vernalis 'KLMHH'",2
"2632","Hamamelis vernalis 'KLMMM'",2
"2633","Hamamelis vernalis 'KLMNINETEEN'",2
"2634","Hamamelis vernalis 'KLMPP'",2
"2635","Hamamelis vernalis 'Purple Ribbons'",2
"2636","Hamamelis vernalis 'Red Imp'",2
"2637","Hamamelis virginiana 'Harvest Moon'",2
"2638","Hamamelis virginiana 'Pendula'",2
"2639","Hedera helix 'Thorndale'",2
"2640","Helianthus divaricatus 'Heuser'",2
"2641","Helleborus 'Berry Swirl'",2
"2642","Helleborus 'Golden Sunrise'",2
"2643","Hemerocallis 'Cherry Cheeks'",2
"2644","Hemerocallis 'Chicago Apache'",2
"2645","Hemerocallis 'Moonlit Masquerade'",2
"2646","Hemerocallis 'Stella d Oro'",2
"2647","Heuchera 'Cathedral Windows'",2
"2648","Heuchera 'Obsidian'",2
"2649","Heuchera 'Pewter Veil'",2
"2650","Heuchera 'Velvet Night'",2
"2651","Heuchera villosa 'Citronelle'",2
"2652","Heuchera villosa 'Purpurea'",2
"2653","Hibiscus 'Cranberry Crush'",2
"2654","Hibiscus 'Perfect Storm'",2
"2655","Hibiscus syriacus 'Antong Two'",2
"2656","Hibiscus syriacus 'Flogi'",2
"2657","Hibiscus syriacus 'Floru'",2
"2658","Hibiscus syriacus 'ILVO37'",2
"2659","Hibiscus syriacus 'JWNWOOD4'",2
"2660","Holodiscus discolor (Pursh) Maxim.",2
"2661","Hosta 'Abiqua Drinking Gourd'",2
"2662","Hosta 'American Sweetheart'",2
"2663","Hosta 'Blue Cadet'",2
"2664","Hosta 'Daybreak'",2
"2665","Hosta 'Empress Wu'",2
"2666","Hosta 'Fragrant Bouquet'",2
"2667","Hosta 'Gold Regal'",2
"2668","Hosta 'Green Sheen'",2
"2669","Hosta 'Guacamole'",2
"2670","Hosta 'Hadspen Blue'",2
"2671","Hosta 'Inniswood'",2
"2672","Hosta 'Island Breeze'",2
"2673","Hosta 'Northern Exposure'",2
"2674","Hosta 'On Stage'",2
"2675","Hosta 'Piedmont Gold'",2
"2676","Hosta 'Sagae'",2
"2677","Hosta 'Summer Music'",2
"2678","Hosta 'Whirlwind'",2
"2679","Hosta × tardiana 'Halcyon'",2
"2680","Hosta sieboldiana 'Frances Williams'",2
"2681","Hosta sieboldiana 'Great Expectations'",2
"2682","Hosta tokudama 'Flavocircinalis'",2
"2683","Hydrangea arborescens 'Balsam'",2
"2684","Hydrangea arborescens 'Eco Pink Puff'",2
"2685","Hydrangea arborescens 'Haas Halo'",2
"2686","Hydrangea arborescens 'NCHA2'",2
"2687","Hydrangea arborescens 'NCHA4'",2
"2688","Hydrangea arborescens 'NCHA8'",2
"2689","Hydrangea arborescens 'Total Eclipse'",2
"2690","Hydrangea cinerea 'Pink Pincushion'",2
"2691","Hydrangea macrophylla 'Blushing Bride'",2
"2692","Hydrangea macrophylla 'Lynn'",2
"2693","Hydrangea paniculata 'Brussels Lace'",2
"2694","Hydrangea paniculata 'Dharuma'",2
"2695","Hydrangea paniculata 'Paszam'",2
"2696","Hydrangea paniculata 'SMHPFL'",2
"2697","Hydrangea quercifolia 'Ruby Slippers'",2
"2698","Hydrangea quercifolia 'Snow Flake'",2
"2699","Hydrangea radiata 'MCC'",2
"2700","Hydrangea serrata 'Blue Billow'",2
"2701","Hydrangea serrata 'SMNMAKTSR'",2
"2702","Hydrangea serrata 'Spreading Beauty'",2
"2703","Hydrangea serrata var. megacarpa (Ohwi) H.Ohba",2
"2704","Hylotelephium spectabile 'Neon'",2
"2705","Hypericum × vanfleetii Rehder",2
"2706","Hypericum frondosum Michx.",2
"2707","Hypericum sphaerocarpum Michx.",2
"2708","Iberis sempervirens 'Snowflake'",2
"2709","Ilex 'Sparkleberry'",2
"2710","Ilex × meserveae 'Blue Girl'",2
"2711","Ilex crenata 'Convexa'",2
"2712","Ilex opaca 'Big Red'",2
"2713","Ilex opaca 'Bountiful'",2
"2714","Ilex opaca 'Canary'",2
"2715","Ilex opaca 'Carnival'",2
"2716","Ilex opaca 'Hedgeholly'",2
"2717","Ilex opaca 'Miss Courtney'",2
"2718","Ilex opaca 'Old Heavy Berry'",2
"2719","Ilex opaca 'St. Mary'",2
"2720","Ilex opaca 'Yule'",2
"2721","Ilex pedunculosa Miq.",2
"2722","Ilex verticillata 'Jim Dandy'",2
"2723","Ilex verticillata 'Late Male'",2
"2724","Ilex verticillata 'Maryland Beauty'",2
"2725","Indigofera potaninii Craib",2
"2726","Iris cristata Sol. ex Aiton",2
"2727","Iris setosa Pall. ex Link",2
"2728","Itea virginica 'Merlot'",2
"2729","Juglans nigra 'Laciniata'",2
"2730","Juglans regia L.",2
"2731","Juniperus × pfitzeriana (Pfitzer Group) 'Pendula'",2
"2732","Juniperus × pfitzeriana (Pfitzer Group) 'Sea Green'",2
"2733","Juniperus chinensis 'Hooks'",2
"2734","Juniperus chinensis 'Olympia'",2
"2735","Juniperus chinensis 'Robusta'",2
"2736","Juniperus chinensis 'Shimpaku'",2
"2737","Juniperus chinensis 'Spartan'",2
"2738","Juniperus chinensis 'Story'",2
"2739","Juniperus communis 'Cracovia'",2
"2740","Juniperus communis 'Depressa Aurea'",2
"2741","Juniperus communis var. communis",2
"2742","Juniperus formosana Hayata",2
"2743","Juniperus horizontalis 'Bar Harbor'",2
"2744","Juniperus horizontalis 'Hughes'",2
"2745","Juniperus horizontalis 'Limeglow'",2
"2746","Juniperus horizontalis 'Monber'",2
"2747","Juniperus horizontalis 'Plumosa'",2
"2748","Juniperus horizontalis 'Silver Sheen'",2
"2749","Juniperus horizontalis 'Variegata'",2
"2750","Juniperus osteosperma (Torr.) Little",2
"2751","Juniperus oxycedrus L.",2
"2752","Juniperus procumbens 'Nana'",2
"2753","Juniperus sabina 'Broadmoor'",2
"2754","Juniperus sabina 'Tamariscifolia'",2
"2755","Juniperus sabina var. tamariscifolia Aiton",2
"2756","Juniperus scopulorum 'Moffetii'",2
"2757","Juniperus scopulorum 'Springtime'",2
"2758","Juniperus virginiana 'Burkii'",2
"2759","Juniperus virginiana 'Cinerascens'",2
"2760","Juniperus virginiana 'Elegantissima'",2
"2761","Juniperus virginiana 'Glenn Dale'",2
"2762","Juniperus virginiana 'Grey Owl'",2
"2763","Juniperus virginiana 'Taylor'",2
"2764","Juniperus virginiana 'Triomphe d'Angers'",2
"2765","Kirengeshoma palmata Yatabe",2
"2766","Laburnum × watereri (A.C.Rosenthal & Bermann) Dippel",2
"2767","Lamium maculatum 'Pink Pewter'",2
"2768","Lamium maculatum 'White Nancy'",2
"2769","Lamprocapnos spectabilis 'Goldheart'",2
"2770","Lamprocapnos spectabilis (L.) Fukuhara",2
"2771","Larix sibirica Ledeb.",2
"2772","Lespedeza capitata Michx.",2
"2773","Liatris spicata 'Kobold'",2
"2774","Ligularia 'The Rocket'",2
"2775","Ligularia przewalskii (Maxim.) Diels",2
"2776","Ligustrum delavayanum Har.",2
"2777","Lilium 'Brunello'",2
"2778","Lilium 'Miss Feya'",2
"2779","Linum perenne L.",2
"2780","Liquidambar orientalis Mill.",2
"2781","Liquidambar styraciflua 'Aurea'",2
"2782","Liriodendron tulipifera 'Fastigiatum'",2
"2783","Liriope muscari 'Big Blue'",2
"2784","Liriope muscari 'Silvery Sunproof'",2
"2785","Lonicera × amoena 'Arnoldiana'",2
"2786","Lonicera × amoena Zabel",2
"2787","Lonicera × bella 'Candida'",2
"2788","Lonicera × heckrottii Rehder",2
"2789","Lonicera × muendeniensis Rehder",2
"2790","Lonicera × notha 'Carneorosea'",2
"2791","Lonicera caerulea 'Viridifolia'",2
"2792","Lonicera caerulea L.",2
"2793","Lonicera deflexicalyx Batalin",2
"2794","Lonicera heteroloba Batalin",2
"2795","Lonicera involucrata (Richardson) Banks ex Spreng.",2
"2796","Lonicera maximowiczii subsp. sachalinensis (F.Schmidt) Nedol.",2
"2797","Lonicera periclymenum L.",2
"2798","Lonicera tatarica 'Sibirica'",2
"2799","Lonicera tatsienensis Franch.",2
"2800","Lychnis coronaria",2
"2801","Lyonia ligustrina (L.) DC.",2
"2802","Magnolia 'Ann'",2
"2803","Magnolia 'Elegant Spring'",2
"2804","Magnolia 'Gold Cup'",2
"2805","Magnolia 'Gorgeous'",2
"2806","Magnolia 'Iufer'",2
"2807","Magnolia 'Ivory Chalice'",2
"2808","Magnolia 'Jane'",2
"2809","Magnolia 'Limelight'",2
"2810","Magnolia 'March Til Frost'",2
"2811","Magnolia 'Marillyn'",2
"2812","Magnolia 'NCMX1'",2
"2813","Magnolia 'Simple Pleasures'",2
"2814","Magnolia 'Ultimate Yellow'",2
"2815","Magnolia 'Yellow Bird'",2
"2816","Magnolia × loebneri 'Ballerina'",2
"2817","Magnolia acuminata var. subcordata 'Miss Honeybee'",2
"2818","Magnolia cordata Michx.",2
"2819","Magnolia pyramidata W.Bartram",2
"2820","Magnolia sieboldii K.Koch",2
"2821","Magnolia stellata 'Rohrbach'",2
"2822","Magnolia stellata 'Rosea'",2
"2823","Magnolia stellata 'Royal Star'",2
"2824","Magnolia stellata 'Rubra'",2
"2825","Mahonia repens f. subcordata Rehder",2
"2826","Malus 'Alexis'",2
"2827","Malus 'Almey'",2
"2828","Malus 'Arrow'",2
"2829","Malus 'Burgundy'",2
"2830","Malus 'Canary'",2
"2831","Malus 'Coral Cascade'",2
"2832","Malus 'Coralcole'",2
"2833","Malus 'Cowichan'",2
"2834","Malus 'Dorothea'",2
"2835","Malus 'Doubloons'",2
"2836","Malus 'Garry'",2
"2837","Malus 'Giant Wild Crab'",2
"2838","Malus 'Gibbs Golden Gage'",2
"2839","Malus 'Guinzam'",2
"2840","Malus 'Hillieri'",2
"2841","Malus 'JFS KW139MX'",2
"2842","Malus 'Kibele'",2
"2843","Malus 'Leprechaun'",2
"2844","Malus 'Linda'",2
"2845","Malus 'Little Troll'",2
"2846","Malus 'Lullaby'",2
"2847","Malus 'Luwick'",2
"2848","Malus 'Maria'",2
"2849","Malus 'Mazam'",2
"2850","Malus 'Morning Sun'",2
"2851","Malus 'Pink Beauty'",2
"2852","Malus 'Prairie Maid'",2
"2853","Malus 'Prairie Rose'",2
"2854","Malus 'Red Barron'",2
"2855","Malus 'Sinai Fire'",2
"2856","Malus 'Timiskaming'",2
"2857","Malus 'Tomiko'",2
"2858","Malus 'Van Eseltine'",2
"2859","Malus 'Wild Red Crab'",2
"2860","Malus 'Wynema'",2
"2861","Malus × hartwigii Koehne",2
"2862","Malus × heterophylla Spach [1]",2
"2863","Malus × magdeburgensis Hartwig",2
"2864","Malus × platycarpa Rehder",2
"2865","Malus × purpurea 'Eleyi'",2
"2866","Malus × purpurea 'Kornicensis'",2
"2867","Malus × robusta 'Persicifolia'",2
"2868","Malus × robusta var. persicifolia Rehder",2
"2869","Malus × scheideckeri Spath ex Zabel",2
"2870","Malus baccata var. baccata",2
"2871","Malus coronaria var. elongata (Rehder) Rehder",2
"2872","Malus florentina (Zuccagni) C.K.Schneid.",2
"2873","Malus glaucescens Rehder",2
"2874","Malus ioensis var. palmeri Rehder",2
"2875","Malus kirghisorum Al.Fed. & Fed.",2
"2876","Malus prunifolia 'Fastigiata'",2
"2877","Malus pumila 'Apetala'",2
"2878","Malus sargentii 'Rosea'",2
"2879","Malus spectabilis 'Plena'",2
"2880","Malus transitoria 'Schmidtcutleaf'",2
"2881","Malus zhaojiaoensis N.G.Jiang",2
"2882","Meliosma dilleniifolia subsp. cuneifolia (Franch.) Beusekom",2
"2883","Menispermum canadense L.",2
"2884","Mentha spicata L.",2
"2885","Mespilus canescens J.B.Phipps",2
"2886","Metasequoia glyptostroboides 'Ogon'",2
"2887","Microbiota decussata Komar.",2
"2888","Miscanthus sinensis 'Morning Light'",2
"2889","Monarda 'Blue Moon'",2
"2890","Monarda 'Leading Lady Lilac'",2
"2891","Monarda didyma 'ACrade'",2
"2892","Myosotis palustris 'Semperflorens'",2
"2893","Myrica gale L.",2
"2894","Napaea dioica L.",2
"2895","Narcissus pseudonarcissus L.",2
"2896","Nepeta × faassenii 'Kitten Around'",2
"2897","Nepeta grandiflora 'Dawn to Dusk'",2
"2898","Nepeta subsessilis",2
"2899","Oenothera missouriensis Sims",2
"2900","Onoclea sensibilis L.",2
"2901","Origanum 'Kent Beauty'",2
"2902","Osmanthus americanus (L.) A.Gray",2
"2903","Ostrya japonica Sarg.",2
"2904","Pachysandra terminalis 'Green Sheen'",2
"2905","Pachysandra terminalis 'Kingwood'",2
"2906","Pachysandra terminalis 'Silver Edge'",2
"2907","Paeonia 'Bowl of Cream'",2
"2908","Paeonia 'Constance Spry'",2
"2909","Paeonia 'Felix Supreme'",2
"2910","Paeonia delavayi Franch.",2
"2911","Paeonia lactiflora 'Kansas'",2
"2912","Paeonia lactiflora 'Mrs Franklin D.'",2
"2913","Paeonia obovata subsp. obovata",2
"2914","Paeonia suffruticosa 'Jitsugetsu-nishiki'",2
"2915","Paeonia suffruticosa 'Renkaku'",2
"2916","Panicum virgatum 'Blue Tower'",2
"2917","Parrotia persica 'Burgundy'",2
"2918","Parthenocissus quinquefolia (L.) Planch.",2
"2919","Parthenocissus tricuspidata 'Veitchii'",2
"2920","Penstemon digitalis 'Pink Dawn'",2
"2921","Penstemon procerus Douglas ex Graham",2
"2922","Phellodendron japonicum Maxim.",2
"2923","Philadelphus 'Natchez'",2
"2924","Philadelphus coronarius L.",2
"2925","Philadelphus purpurascens (Koehne) Rehder",2
"2926","Phlox 'Katherine'",2
"2927","Phlox carolina 'Miss Lingard'",2
"2928","Phlox paniculata 'Blue Paradise'",2
"2929","Phlox paniculata 'David'",2
"2930","Phlox paniculata 'Jeana'",2
"2931","Phlox paniculata 'Miss Jessica'",2
"2932","Photinia villosa var. zollingeri C.K.Schneid.",2
"2933","Physocarpus capitatus (Pursh) Kuntze",2
"2934","Physocarpus opulifolius 'Podaras 3'",2
"2935","Picea 'Troemner'",2
"2936","Picea abies 'Argenteospica'",2
"2937","Picea abies 'Cincinnata'",2
"2938","Picea abies 'Clanbrassiliana'",2
"2939","Picea abies 'Cobra'",2
"2940","Picea abies 'Echiniformis'",2
"2941","Picea abies 'Frohburg'",2
"2942","Picea abies 'Nidiformis'",2
"2943","Picea abies 'Pyramidata'",2
"2944","Picea asperata var. heterolepis (Rehder & E.H.Wilson) W.C.Cheng",2
"2945","Picea glauca 'Eagle Rock'",2
"2946","Picea mariana 'Aurea'",2
"2947","Picea maximowiczii Regel ex Mast.",2
"2948","Picea omorika 'Pendula'",2
"2949","Picea orientalis 'Connecticut Turnpike'",2
"2950","Picea pungens 'Globosa'",2
"2951","Pinus 'Spaan'",2
"2952","Pinus banksiana × contorta",2
"2953","Pinus densiflora 'Golden Ghost'",2
"2954","Pinus nigra subsp. laricio 'Pygmaea'",2
"2955","Pinus pumila 'Jeddeloh'",2
"2956","Pinus sylvestris subsp. argentea Stev.",2
"2957","Pinus uncinata subsp. uncinata 'Novak'",2
"2958","Platanus × acerifolia 'Bloodgood'",2
"2959","Platycodon grandiflorus 'Astra Pink'",2
"2960","Platycodon grandiflorus 'Fuji Blue'",2
"2961","Platycodon grandiflorus 'Mariesii'",2
"2962","Platycodon grandiflorus 'Sentimental Blue'",2
"2963","Polemonium reptans L.",2
"2964","Polygonatum biflorum (Walter) Elliott",2
"2965","Polygonatum latifolium 'Dwarf Form'",2
"2966","Polygonum 'Border Jewel'",2
"2967","Polygonum amplexicaule 'Speciosa'",2
"2968","Polygonum aubertii L.Henry",2
"2969","Polygonum bistorta 'Superbum'",2
"2970","Polygonum cuspidatum var. compactum (Hook.f.) Bailey",2
"2971","Populus alba 'Pyramidalis'",2
"2972","Populus heterophylla L.",2
"2973","Populus yunnanensis Dode",2
"2974","Potentilla fruticosa 'Pink Beauty'",2
"2975","Primula 'Pink Snowflakes'",2
"2976","Prunus",2
"2977","Prunus 'Hally Jolivette'",2
"2978","Prunus besseyi Bailey",2
"2979","Prunus maritima Marshall",2
"2980","Prunus salicina Lindl.",2
"2981","Prunus sargentii 'Rancho'",2
"2982","Prunus subhirtella 'Autumnalis'",2
"2983","Prunus subhirtella 'Pendula Rosea'",2
"2984","Prunus subhirtella Miq. [2]",2
"2985","Prunus subhirtella var. ascendens (Makino) E.H.Wilson",2
"2986","Pseudotsuga menziesii 'Pendula'",2
"2987","Pseudotsuga menziesii 'Pyramidata'",2
"2988","Ptelea trifoliata 'Aurea'",2
"2989","Pterocarya hupehensis Skan",2
"2990","Pterocarya rhoifolia Siebold & Zucc.",2
"2991","Pteroceltis tatarinowii Maxim.",2
"2992","Pulmonaria 'Majeste'",2
"2993","Pulmonaria 'Raspberry Splash'",2
"2994","Pulmonaria 'Roy Davidson'",2
"2995","Pyracantha angustifolia (Franch.) C.K.Schneid.",2
"2996","Pyrus 'Decaisne'",2
"2997","Pyrus amygdaliformis Vill.",2
"2998","Pyrus bretschneideri Rehder",2
"2999","Pyrus calleryana 'Pizzaz'",2
"3000","Pyrus fusca (Raf.) C.K.Schneid.",2
"3001","Pyrus hupehensis (Pamp.) Rehder",2
"3002","Pyrus korshinskyi Litv.",2
"3003","Pyrus nivalis Jacq.",2
"3004","Pyrus pyrifolia var. culta (Makino) Nakai",2
"3005","Pyrus ussuriensis 'Bailfrost'",2
"3006","Pyrus ussuriensis maxim. x p. s Rehder",2
"3007","Quercus 'Chimney Fire'",2
"3008","Quercus 'JFS-KW1QX'",2
"3009","Quercus × bimundorum 'JFS-KW1QX'",2
"3010","Quercus × bushii Sarg.",2
"3011","Quercus × macdanielii Green & W.J.Hess",2
"3012","Quercus × runcinata (A.DC.) Engelmann ex Gray [1]",2
"3013","Quercus × sternbergii Luebbert [1]",2
"3014","Quercus × warei 'Nadler'",2
"3015","Quercus arizonica Sarg.",2
"3016","Quercus boyntonii Beadle",2
"3017","Quercus coccinea Münchh. [1]",2
"3018","Quercus dentata 'Pinnatifida'",2
"3019","Quercus ilicifolia Wangenh.",2
"3020","Quercus infectoria subsp. veneris (A.Kern.) Meikle",2
"3021","Quercus invaginata Trel.",2
"3022","Quercus laurifolia Michx.",2
"3023","Quercus lusitanica Lam.",2
"3024","Quercus macrocarpa 'Eckman'",2
"3025","Quercus macrocarpa 'Lippert'",2
"3026","Quercus muhlenbergii Engelm.",2
"3027","Quercus pyrenaica Willd.",2
"3028","Quercus robur 'Argenteomarginata'",2
"3029","Quercus robur 'Heterophylla'",2
"3030","Quercus robur 'Pectinata'",2
"3031","Quercus robur 'Salicifolia'",2
"3032","Ratibida pinnata (Vent.) Barnhart",2
"3033","Rhamnus alnifolia L'Her.",2
"3034","Rhamnus cathartica var. pubescens Bean",2
"3035","Rhamnus crenata Siebold & Zucc.",2
"3036","Rhamnus lanceolata Pursh",2
"3037","Rhamnus pallasii Fisch. & C.A.Mey.",2
"3038","Rhamnus ussuriensis J.J.Vassil.",2
"3039","Rhamnus utilis Decne.",2
"3040","Rhododendron 'April Mist'",2
"3041","Rhododendron 'Bouquet de Flore'",2
"3042","Rhododendron 'Brazil'",2
"3043","Rhododendron 'Colin Kendrick'",2
"3044","Rhododendron 'County of York'",2
"3045","Rhododendron 'Daviesii'",2
"3046","Rhododendron 'Desiree'",2
"3047","Rhododendron 'Elie'",2
"3048","Rhododendron 'Fireball'",2
"3049","Rhododendron 'Gibraltar'",2
"3050","Rhododendron 'Hino-Red'",2
"3051","Rhododendron 'Homebush'",2
"3052","Rhododendron 'Ignatius Sargent'",2
"3053","Rhododendron 'Knap Hill Red'",2
"3054","Rhododendron 'Mandarin Lights'",2
"3055","Rhododendron 'Marjorie'",2
"3056","Rhododendron 'Mikkeli'",2
"3057","Rhododendron 'Mist Maiden'",2
"3058","Rhododendron 'Nancy Waterer'",2
"3059","Rhododendron 'P.J.M. Compacta'",2
"3060","Rhododendron 'P.J.M. Elite'",2
"3061","Rhododendron 'Parsons Gloriosum'",2
"3062","Rhododendron 'Peter Tigerstedt'",2
"3063","Rhododendron 'Pioneer'",2
"3064","Rhododendron 'Primrose'",2
"3065","Rhododendron 'The General'",2
"3066","Rhododendron 'White Lights'",2
"3067","Rhododendron × laetevirens Rehder",2
"3068","Rhododendron × viscosepalum Rehder",2
"3069","Rhododendron bakeri (W.P.Lemmon & McKay) H.H.Hume",2
"3070","Rhododendron carolinianum var. album (Rehder) Rehder",2
"3071","Rhododendron catawbiense 'Boursault'",2
"3072","Rhododendron molle (Blume) G.Don",2
"3073","Rhododendron mucronulatum var. ciliatum Nakai",2
"3074","Rhododendron viscosum (L.) Torr.",2
"3075","Rhus aromatica var. illinoensis (Greene) Rehder",2
"3076","Rhus potaninii",2
"3077","Rhus punjabensis var. sinica (Diels) Rehder & E.H.Wilson",2
"3078","Rhus typhina 'Laciniata'",2
"3079","Ribes alpinum 'Green Mound'",2
"3080","Ribes giraldii Jancz.",2
"3081","Ribes sativum (Rchb.) Syme",2
"3082","Robinia pseudoacacia 'Ohio Prostrate'",2
"3083","Robinia pseudoacacia 'Tortuosa'",2
"3084","Rosa",2
"3085","Rosa 'BAIeam'",2
"3086","Rosa 'BAIfairy'",2
"3087","Rosa 'BAIrage'",2
"3088","Rosa 'Carefree Beauty'",2
"3089","Rosa 'Empress Josephine'",2
"3090","Rosa 'Henry Hudson'",2
"3091","Rosa 'JACruwhi'",2
"3092","Rosa 'Knock Out'",2
"3093","Rosa 'Madame Zoetmans'",2
"3094","Rosa 'Meicoublan'",2
"3095","Rosa 'Meidomonac'",2
"3096","Rosa 'Meimirrote'",2
"3097","Rosa 'Polareis'",2
"3098","Rosa 'Purple Pavement'",2
"3099","Rosa 'Radtko'",2
"3100","Rosa 'Simplicity'",2
"3101","Rosa × penzanceana Rehder",2
"3102","Rosa albertii Regel",2
"3103","Rosa damascena 'Four Seasons' [1]",2
"3104","Rosa foetida 'Bicolor'",2
"3105","Rosa inodora Fr.",2
"3106","Rosa marginata Wallr.",2
"3107","Rosa micrantha Borrer ex Sm.",2
"3108","Rosa moschata 'Robin Hood'",2
"3109","Rosa roxburghii var. hirtula (Regel) Rehder & E.H.Wilson",2
"3110","Rosa rugosa 'Delicata'",2
"3111","Rosa setigera Michx.",2
"3112","Rosa setipoda Hemsl. & E.H.Wilson",2
"3113","Rubus leucodermis Douglas ex Torr. & A.Gray",2
"3114","Rubus occidentalis L.",2
"3115","Rudbeckia hirta L.",2
"3116","Salix × simulatrix F.B.White",2
"3117","Salix × tsugaluensis 'Ginme'",2
"3118","Salix aegyptiaca L.",2
"3119","Salix aurantha 'Aurea'",2
"3120","Salix cordata Michx.",2
"3121","Salix eleagnos Scop.",2
"3122","Salix irrorata Andersson",2
"3123","Salix myrsinifolia Salisb.",2
"3124","Salix purpurea 'Nana'",2
"3125","Salix rigida Muhl.",2
"3126","Salix rorida Laksch.",2
"3127","Salix serissima (Bailey) Fernald",2
"3128","Sambucus kamtschatica E.Wolf",2
"3129","Sambucus nigra 'Albovariegata'",2
"3130","Sambucus nigra 'Aurea'",2
"3131","Sambucus sieboldiana (Miq.) Graebn.",2
"3132","Sapium sebiferum (L.) Dum.Cours.",2
"3133","Securigera varia (L.) Lassen",2
"3134","Sedum 'Baileyi'",2
"3135","Sedum 'Vera Jameson'",2
"3136","Shepherdia canadensis (L.) Nutt.",2
"3137","Silphium glutinosum J.R.Allison",2
"3138","Solidago riddellii Frank",2
"3139","Solidago rigida L.",2
"3140","Solidago rugosa 'Fireworks'",2
"3141","Sorbus amurensis Koehne",2
"3142","Sorbus discolor × pohuashanensis",2
"3143","Sorbus hupehensis C.K.Schneid.",2
"3144","Sorbus hybrida L.",2
"3145","Sorbus latifolia (Lam.) Pers.",2
"3146","Sorbus sambucifolia (Cham. & Schltdl.) M.Roem.",2
"3147","Sorghastrum nutans (L.) Nash",2
"3148","Spiraea × sanssouciana K.Koch",2
"3149","Spiraea × vanhouttei (Briot) Zabel",2
"3150","Spiraea albiflora",2
"3151","Spiraea betulifolia 'COURISPI01'",2
"3152","Spiraea bullata",2
"3153","Spiraea crenata L.",2
"3154","Spiraea decumbens W.Koch",2
"3155","Spiraea japonica 'Fortunei'",2
"3156","Spiraea japonica 'KLMthirteen'",2
"3157","Spiraea japonica 'Walbuma'",2
"3158","Spiraea japonica var. ovalifolia Franch.",2
"3159","Spiraea mongolica",2
"3160","Stachys byzantina 'Big Ears'",2
"3161","Stachyurus praecox Siebold & Zucc.",2
"3162","Stewartia ovata (Cav.) Weath.",2
"3163","Symphoricarpos × doorenbosii 'Kolmgala'",2
"3164","Symphoricarpos hesperius G.N.Jones",2
"3165","Symphoricarpos orbiculatus f. leucocarpus (D.M.Andrews) Rehder",2
"3166","Symphyotrichum oblongifolium 'October Skies'",2
"3167","Symphytum grandiflorum 'Hidcote Blue'",2
"3168","Symphytum grandiflorum A.DC.",2
"3169","Syringa",2
"3170","Syringa 'Annabel'",2
"3171","Syringa 'Dawn'",2
"3172","Syringa 'Lamartine'",2
"3173","Syringa 'Norah'",2
"3174","Syringa 'Pascal'",2
"3175","Syringa 'Red Pixie'",2
"3176","Syringa 'Turgot'",2
"3177","Syringa 'Vauban'",2
"3178","Syringa 'Villars'",2
"3179","Syringa × chinensis 'Alba'",2
"3180","Syringa × persica 'Alba'",2
"3181","Syringa debelderorum J.L.Fiala",2
"3182","Syringa meyeri 'Pink Palibin'",2
"3183","Syringa meyeri C.K.Schneid.",2
"3184","Syringa oblata var. giraldii (Lemoine) Rehder",2
"3185","Syringa pubescens Turcz.",2
"3186","Syringa reticulata (Blume) Hara",2
"3187","Syringa reticulata subsp. amurensis 'Golden Eclipse'",2
"3188","Syringa reticulata subsp. reticulata 'Summer Snow'",2
"3189","Syringa rhodopea Velen.",2
"3190","Syringa velutina Komar.",2
"3191","Syringa vulgaris 'Adelaide Dunbar'",2
"3192","Syringa vulgaris 'Azura Plena'",2
"3193","Syringa vulgaris 'Belle de Nancy'",2
"3194","Syringa vulgaris 'Capitaine Perrault'",2
"3195","Syringa vulgaris 'Charlotte Morgan'",2
"3196","Syringa vulgaris 'Colbert'",2
"3197","Syringa vulgaris 'Corinne'",2
"3198","Syringa vulgaris 'Croix de Brahy'",2
"3199","Syringa vulgaris 'Desfontaines'",2
"3200","Syringa vulgaris 'Dr. Masters'",2
"3201","Syringa vulgaris 'Emil Liebig'",2
"3202","Syringa vulgaris 'Esther Staley'",2
"3203","Syringa vulgaris 'Fuerst Liechtenstein'",2
"3204","Syringa vulgaris 'Gen Sheridan'",2
"3205","Syringa vulgaris 'Gerrie Schoonenberg'",2
"3206","Syringa vulgaris 'Gilbert'",2
"3207","Syringa vulgaris 'Grand Duc Constantin'",2
"3208","Syringa vulgaris 'Guizot'",2
"3209","Syringa vulgaris 'Jeanne dArc'",2
"3210","Syringa vulgaris 'Le Printemps'",2
"3211","Syringa vulgaris 'Leon Gambetta'",2
"3212","Syringa vulgaris 'Lilarosa'",2
"3213","Syringa vulgaris 'Ludwig Spaeth'",2
"3214","Syringa vulgaris 'Mademoiselle Fernande Viger'",2
"3215","Syringa vulgaris 'Marichal de Bassompierre'",2
"3216","Syringa vulgaris 'Maurice de Vilmorin'",2
"3217","Syringa vulgaris 'Mme. Florent Stepman'",2
"3218","Syringa vulgaris 'Mme. Henri Guillaudi'",2
"3219","Syringa vulgaris 'Mme. Leon Simon'",2
"3220","Syringa vulgaris 'Montaigne'",2
"3221","Syringa vulgaris 'Monument'",2
"3222","Syringa vulgaris 'Paul Hariot'",2
"3223","Syringa vulgaris 'Philemon'",2
"3224","Syringa vulgaris 'Pierre Joigneaux'",2
"3225","Syringa vulgaris 'President Carnoy'",2
"3226","Syringa vulgaris 'President Poincare'",2
"3227","Syringa vulgaris 'Prince of Wales'",2
"3228","Syringa vulgaris 'Priscilla'",2
"3229","Syringa vulgaris 'Reine Elisabeth'",2
"3230","Syringa vulgaris 'Roi Albert'",2
"3231","Syringa vulgaris 'Rubra Insignis'",2
"3232","Syringa vulgaris 'Ruhm von Horstenstein'",2
"3233","Syringa vulgaris 'Senateur Vollano'",2
"3234","Syringa vulgaris 'Valetteana'",2
"3235","Syringa vulgaris 'Vestale'",2
"3236","Syringa vulgaris 'Violetta'",2
"3237","Syringa vulgaris 'Virginite'",2
"3238","Tanacetum vulgare 'Isla Gold'",2
"3239","Taxodium distichum 'Pendens'",2
"3240","Taxus × media 'Berryhill'",2
"3241","Taxus × media 'Hatfieldii'",2
"3242","Taxus × media 'Moon'",2
"3243","Taxus × media 'Sentinalis'",2
"3244","Taxus × media 'Tauntonii'",2
"3245","Taxus × media 'Wardii'",2
"3246","Taxus × media Rehder",2
"3247","Taxus cuspidata 'Hinsdale Dark Green'",2
"3248","Taxus cuspidata 'Pendula'",2
"3249","Taxus cuspidata 'Prostrata'",2
"3250","Thalictrum tuberiferum",2
"3251","Thuja occidentalis 'Asplenifolia'",2
"3252","Thuja occidentalis 'Brabant'",2
"3253","Thuja occidentalis 'Buchananii'",2
"3254","Thuja occidentalis 'Danica'",2
"3255","Thuja occidentalis 'Hetz Wintergreen'",2
"3256","Thuja occidentalis 'Holmstrup'",2
"3257","Thuja occidentalis 'Hudsonica'",2
"3258","Thuja occidentalis 'Janed Gold'",2
"3259","Thuja occidentalis 'Lutea'",2
"3260","Thuja occidentalis 'Malonyana'",2
"3261","Thuja occidentalis 'Pulcherrima'",2
"3262","Thuja occidentalis 'Rosenthalii'",2
"3263","Thuja occidentalis 'Spiralis'",2
"3264","Thuja occidentalis 'Sunkist'",2
"3265","Thuja occidentalis 'Techny'",2
"3266","Thuja occidentalis 'Vervaeneana'",2
"3267","Thuja occidentalis 'Zmatlik'",2
"3268","Thuja plicata 'Atrovirens'",2
"3269","Thuja plicata 'Excelsa'",2
"3270","Thujopsis dolabrata var. hondai Makino",2
"3271","Thymus serpyllum 'Coccineus'",2
"3272","Thymus vulgaris L.",2
"3273","Tiarella cordifolia L.",2
"3274","Tilia 'Harvest Gold'",2
"3275","Tilia 'Zamoyskiana'",2
"3276","Tilia × flaccida Host ex Bayer",2
"3277","Tilia × flavescens A.Braun ex Döll",2
"3278","Tilia amurensis Rupr.",2
"3279","Tilia cordata 'Corzam'",2
"3280","Tilia tomentosa 'Pendula'",2
"3281","Toxicodendron vernicifluum (Stokes) F.A.Barkley",2
"3282","Tricyrtis formosana 'Dark Beauty'",2
"3283","Triosteum pinnatifidum Maxim.",2
"3284","Tsuga canadensis 'Von Helms Dwarf'",2
"3285","Tsuga diversifolia Mast.",2
"3286","Tsuga sieboldii Carrière",2
"3287","Ulmus 'Cathedral'",2
"3288","Ulmus × hollandica",2
"3289","Ulmus × hollandica 'Rugosa Pendula'",2
"3290","Ulmus americana 'Fiorei'",2
"3291","Ulmus americana 'Princeton'",2
"3292","Ulmus americana f. pendula (Aiton) Fernald [1]",2
"3293","Ulmus davidiana var. davidiana",2
"3294","Ulmus davidiana var. japonica 'JFS-Bieberich'",2
"3295","Ulmus elongata L.K.Fu & C.S.Ding",2
"3296","Ulmus foliacea Gilbert",2
"3297","Ulmus macrocarpa var. macrocarpa",2
"3298","Ulmus minor 'Betulaefolia'",2
"3299","Ulmus minor 'Variegata'",2
"3300","Ulmus parvifolia 'Majestic'",2
"3301","Ulmus propinqua Koidz.",2
"3302","Ulmus prunifolia W.C.Cheng & L.K.Fu",2
"3303","Ulmus pumila × carpinifolia Gled.",2
"3304","Verbena canadensis",2
"3305","Veronica 'Very Van Gogh'",2
"3306","Veronica 'White Wands'",2
"3307","Veronica 'Whitewater'",2
"3308","Veronica allionii Vill.",2
"3309","Veronica spicata var. incana",2
"3310","Viburnum 'Mohawk'",2
"3311","Viburnum × bodnantense Aberc.",2
"3312","Viburnum carlesii 'Aurora'",2
"3313","Viburnum carlesii 'J.N. Select A'",2
"3314","Viburnum dentatum 'KLMsix'",2
"3315","Viburnum dentatum 'Morton'",2
"3316","Viburnum dilatatum 'Asian Beauty'",2
"3317","Viburnum dilatatum 'Erie'",2
"3318","Viburnum opulus var. americanum 'Andrews'",2
"3319","Viburnum opulus var. opulus 'Compactum'",2
"3320","Viburnum opulus var. opulus 'Nanum'",2
"3321","Viburnum plicatum f. plicatum 'Popcorn'",2
"3322","Viburnum plicatum f. plicatum 'Trizam'",2
"3323","Viburnum plicatum f. tomentosum 'Mariesii'",2
"3324","Viburnum plicatum var. tomentosum Miq.",2
"3325","Viburnum prunifolium 'Knizam'",2
"3326","Viburnum prunifolium 'Summer Magic'",2
"3327","Viburnum rhytidophyllum 'Willowwood'",2
"3328","Vinca minor 'Atropurpurea'",2
"3329","Vinca minor 'Emily Joy'",2
"3330","Viola papilionacea f. albiflora Grover",2
"3331","Waldsteinia ternata (Stephan) Fritsch",2
"3332","Weigela 'Bokrashine'",2
"3333","Weigela 'Bouquet Rose'",2
"3334","Weigela 'Bristol Ruby'",2
"3335","Weigela 'Bristol Snowflake'",2
"3336","Weigela 'Candida'",2
"3337","Weigela 'P. Duchartre'",2
"3338","Weigela coraeensis Thunb.",2
"3339","Weigela florida 'Bokrafour'",2
"3340","Weigela florida 'Bokratwo'",2
"3341","Weigela florida 'Carlton'",2
"3342","Weigela florida 'Elvera'",2
"3343","Weigela florida 'Java Red'",2
"3344","Weigela florida 'Minuet'",2
"3345","Wisteria floribunda (Willd.) DC.",2
"3346","Wisteria frutescens (L.) Poir.",2
"3347","Wisteria macrostachya 'Aunt Dee'",2
"3348","Zizia aurea (L.) W.D.J.Koch",2
"3349","× Macludrania hybrida André",1
"3350","Abelia 'Edward Goucher'",1
"3351","Abelia × grandiflora (Rovelli ex André) Rehder",1
"3352","Abelia umbellata (Graebn. & Buchw.) Rehder",1
"3353","Abeliophyllum distichum 'Roseum'",1
"3354","Abies × arnoldiana 'Poulsen'",1
"3355","Abies alba 'Pendula'",1
"3356","Abies concolor 'Compacta'",1
"3357","Abies concolor 'Violacea'",1
"3358","Abies fraseri 'Green Scout'",1
"3359","Abies homolepis var. umbellata (Mayr) E.H.Wilson",1
"3360","Abies koreana 'Blaue Zwo'",1
"3361","Abies koreana 'Green Carpet'",1
"3362","Abies koreana 'Lippetal'",1
"3363","Abies koreana × lasiocarpa",1
"3364","Abies koreana E.H.Wilson",1
"3365","Acanthopanax wardii W.W.Sm.",1
"3366","Acer 'White Tigress'",1
"3367","Acer × zoeschense 'Annae'",1
"3368","Acer caesium subsp. giraldii (Pax) A.E.Murray",1
"3369","Acer campestre 'Compactum'",1
"3370","Acer campestre 'JFS Schichtel2'",1
"3371","Acer campestre 'Schwerinii'",1
"3372","Acer campestre x miyabei",1
"3373","Acer capillipes Maxim.",1
"3374","Acer erianthum Schwer.",1
"3375","Acer floridanum (Chapm.) Pax",1
"3376","Acer ginnala 'Durand Dwarf'",1
"3377","Acer ginnala f. aidzuense Schwer.",1
"3378","Acer ginnala var. semenowii (Regel & Herd) Pax",1
"3379","Acer ginnala var. yezoense Koidz.",1
"3380","Acer grandidentatum 'JFS-NuMex 3'",1
"3381","Acer griseum × nikoense",1
"3382","Acer griseum × pseudoplatanus",1
"3383","Acer griseum × triflorum",1
"3384","Acer heldreichii subsp. trautvetteri (Medw.) A.E.Murray",1
"3385","Acer leucoderme Small",1
"3386","Acer longipes Franch. ex Rehder",1
"3387","Acer miyabei × miyabei",1
"3388","Acer monspessulanum subsp. ibericum (M.Bieb. ex Willd.) Yalt.",1
"3389","Acer oblongum Wall. ex DC.",1
"3390","Acer opalus Mill.",1
"3391","Acer palmatum 'Twomblys Red Sentinel'",1
"3392","Acer platanoides 'Cleveland'",1
"3393","Acer platanoides 'Improved Columnare'",1
"3394","Acer platanoides 'Oekonomierat Stoll'",1
"3395","Acer platanoides 'Royal Red'",1
"3396","Acer platanoides 'Summershade'",1
"3397","Acer platanoides 'Variegatum'",1
"3398","Acer pseudoplatanus 'Erectum'",1
"3399","Acer rubrum 'Candy Ice'",1
"3400","Acer saccharinum 'Blair'",1
"3401","Acer saccharinum 'JFS H1'",1
"3402","Acer saccharinum 'Tripartitum'",1
"3403","Acer saccharum 'Bailsta'",1
"3404","Acer saccharum 'Conicum'",1
"3405","Acer saccharum 'Globosum'",1
"3406","Acer saccharum 'Hiawatha 1'",1
"3407","Acer saccharum 'Legacy'",1
"3408","Acer saccharum f. conicum Fernald",1
"3409","Acer saccharum f. rugelii (Pax) E.J.Palmer & Steyerm.",1
"3410","Acer shirasawanum 'Munn 001'",1
"3411","Acer tataricum subsp. ginnala × tschonoskii var. rubripes",1
"3412","Acer trautvetteri Medw.",1
"3413","Acer tsinglingense W.P.Fang & C.F.Hsieh",1
"3414","Acer ukurunduense Trautv. & C.A.Mey.",1
"3415","Acer wilsonii Rehder",1
"3416","Achillea 'Summerwine'",1
"3417","Achillea millefolium 'Oertels Rose'",1
"3418","Achillea millefolium 'Red Beauty'",1
"3419","Achillea millefolium var. rosea 'Crimson Beauty'",1
"3420","Acorus calamus L.",1
"3421","Acorus gramineus 'Minimus Aureus'",1
"3422","Acorus gramineus 'Ogon'",1
"3423","Actaea asiatica H.Hara",1
"3424","Actaea pachypoda Elliott",1
"3425","Actaea rubra (Aiton) Willd.",1
"3426","Actinidia polygama (Siebold & Zucc.) Maxim.",1
"3427","Adenophora pereskiifolia (Fisch.) G.Don",1
"3428","Aesculus × carnea 'Briotii'",1
"3429","Aesculus × carnea 'Fort McNair'",1
"3430","Aesculus × glaucescens Sarg.",1
"3431","Aesculus × marylandica 'Deck Select'",1
"3432","Aesculus × mutabilis 'Induta'",1
"3433","Aesculus × mutabilis var. harbisonii (Sarg.) Rehder",1
"3434","Aesculus × woerlitzensis var. ellwangeri Rehder",1
"3435","Aesculus glabra var. glabra",1
"3436","Agapanthus 'Hardy Blue'",1
"3437","Agastache 'Desert Sunrise'",1
"3438","Agastache rugosa 'Honey Bee Blue'",1
"3439","Alangium platanifolium (Siebold & Zucc.) Harms",1
"3440","Alchemilla vulgaris",1
"3441","Allium 'Early Emperor'",1
"3442","Allium aflatunense 'Purple Sensation'",1
"3443","Allium christophii Trautv.",1
"3444","Allium dictyoprasum C.A.Mey. ex Kunth",1
"3445","Allium giganteum Regel",1
"3446","Allium lusitanicum 'Balloon Bouquet'",1
"3447","Allium schubertii Zucc.",1
"3448","Allium senescens 'Blue Eddy'",1
"3449","Allium senescens subsp. glaucum (Regel) Dostál",1
"3450","Allium senescens subsp. montanum 'Balloon Bouquet'",1
"3451","Allium senescens subsp. montanum 'Summer Peek-a-Boo'",1
"3452","Alnus",1
"3453","Alnus × aschersoniana Callier",1
"3454","Alnus cremastogyne Burkill",1
"3455","Alnus glutinosa 'Imperialis'",1
"3456","Alnus hirsuta var. sibirica (Spach) C.K.Schneid.",1
"3457","Alnus inokumai Murai & Kusaka",1
"3458","Amelanchier × grandiflora 'Strata'",1
"3459","Amelanchier asiatica (Siebold & Zucc.) Endl.",1
"3460","Amelanchier canadensis 'Glenns Upright'",1
"3461","Amelanchier intermedia Spach",1
"3462","Amelanchier laevis 'Nana'",1
"3463","Amelanchier laevis 'Snowcloud'",1
"3464","Amelanchier sinica (C.K.Schneid.) Chun",1
"3465","Amorpha microphylla Pursh",1
"3466","Amorpha nana Nutt.",1
"3467","Amorpha ouachitensis Wilbur",1
"3468","Ampelopsis bodinieri (H.Lév. & Vaniot) Rehder",1
"3469","Ampelopsis brevipenduculata 'Variegata'",1
"3470","Ampelopsis cordata Michx.",1
"3471","Amsonia ciliata var. tenuifolia 'Georgia Pancake'",1
"3472","Amsonia hubrichtii 'Butterscotch'",1
"3473","Amsonia tabernaemontana var. salicifolia (Pursh) Woodson",1
"3474","Andrachne phyllanthoides (Nutt.) Muell.Arg.",1
"3475","Anemone × hybrida 'Honorine Jobert'",1
"3476","Anemone canadensis L.",1
"3477","Anemone hupehensis var. japonica 'Pamina'",1
"3478","Anemone multifida Poir.",1
"3479","Angelica gigas Nakai",1
"3480","Antenoron filiforme 'Variegatum'",1
"3481","Aquilegia flabellata 'Nana Alba'",1
"3482","Aralia nudicaulis L.",1
"3483","Aralia spinosa L.",1
"3484","Aristolochia contorta Bunge",1
"3485","Arnoglossum atriplicifolium (L.) H.Rob.",1
"3486","Aronia melanocarpa 'Nero'",1
"3487","Aronia melanocarpa 'Professor Ed'",1
"3488","Aronia melanocarpa var. elata Rehder",1
"3489","Arrhenatherum bulbosum 'Variegatum'",1
"3490","Arrhenatherum elatius 'Variegatum'",1
"3491","Artemisia cana Pursh",1
"3492","Artemisia ludoviciana 'Valerie Finnis'",1
"3493","Artemisia schmidtiana 'Nana'",1
"3494","Artemisia tridentata Nutt.",1
"3495","Artemisia versicolor L.",1
"3496","Aruncus 'Misty Lace'",1
"3497","Aruncus aethusifolius (H.Lev.) Nakai",1
"3498","Arundinaria gigantea (Walter) Muhl.",1
"3499","Asclepias tuberosa 'Hello Yellow'",1
"3500","Asplenium platyneuron (L.) Britton, Sterns & Poggenb.",1
"3501","Aster × frikartii 'Monch'",1
"3502","Aster azureus Lindl.",1
"3503","Aster dumosus 'Woods Pink'",1
"3504","Aster ericoides subsp. ericoides var. prostratus L.",1
"3505","Aster novae-angliae 'Purple Dome'",1
"3506","Aster shortii Lindl.",1
"3507","Astilbe 'Ellie'",1
"3508","Astilbe 'Snowdrift'",1
"3509","Astilbe × arendsii 'Bressingham Beauty'",1
"3510","Astilbe × arendsii 'Flamingo'",1
"3511","Astilbe × arendsii Arends",1
"3512","Astilbe chinensis 'Pumila'",1
"3513","Astilbe chinensis 'Vision in Pink'",1
"3514","Astilbe thunbergii 'Fanal'",1
"3515","Astragalus austriacus Jacq.",1
"3516","Astragalus canadensis L.",1
"3517","Athyrium filix-femina (L.) Roth",1
"3518","Athyrium niponicum 'Godzilla'",1
"3519","Athyrium niponicum 'Pictum'",1
"3520","Athyrium niponicum 'Red Beauty'",1
"3521","Athyrium nipponicum 'Pictum'",1
"3522","Athyrium otophorum (Miq.) Koidz.",1
"3523","Atraphaxis buxifolia (M.Bieb.) Jaub. & Spach",1
"3524","Aurinia saxatilis (L.) Desv.",1
"3525","Baccharis salicina Torr. & A.Gray",1
"3526","Baptisia 'Carolina Moonlight'",1
"3527","Baptisia 'Purple Smoke'",1
"3528","Baptisia alba var. macrophylla (Larisey) Isley",1
"3529","Baptisia leucantha Torr. & A.Gray",1
"3530","Berberis gilgiana Fedde",1
"3531","Berberis henryana C.K.Schneid.",1
"3532","Berberis thunbergii 'Helmond Pillar'",1
"3533","Berberis thunbergii 'Minor'",1
"3534","Berberis thunbergii 'Redbird'",1
"3535","Berberis thunbergii 'Xanthocarpa'",1
"3536","Berberis triacanthophora Fedde",1
"3537","Berberis verruculosa Hemsl. & E.H.Wilson",1
"3538","Bergenia 'Cabernet'",1
"3539","Bergenia 'Morgenrote'",1
"3540","Bergenia ciliata (Haw.) Sternb.",1
"3541","Bergenia pacifica (Kom.) Kom.",1
"3542","Betula 'Madison'",1
"3543","Betula × kusmisscheffii (Regel) Sukaczev",1
"3544","Betula × minor (Tuck.) Fernald",1
"3545","Betula albosinensis Burkill",1
"3546","Betula alleghaniensis var. macrolepis (Fernald) Brayshaw",1
"3547","Betula chinensis Maxim.",1
"3548","Betula kirghisorum Sav.-Rycz.",1
"3549","Betula nigra 'BNMTF'",1
"3550","Betula nigra 'Dickinson'",1
"3551","Betula papyrifera 'Oenci'",1
"3552","Betula papyrifera 'Renci'",1
"3553","Betula papyrifera subsp. occidentalis (Hook.) Sarg.",1
"3554","Betula papyrifera var. commutata (Regel) Fernald",1
"3555","Betula pendula subsp. mandshurica 'Fargo'",1
"3556","Betula pubescens var. pumila (L.) Govaerts",1
"3557","Boehmeria spicata (Thunb.) Thunb.",1
"3558","Bouteloua curtipendula (Michx.) Torr.",1
"3559","Bouteloua gracilis 'Blonde Ambition'",1
"3560","Brickellia eupatorioides var. corymbulosa (Torr. & A.Gray) Shinners",1
"3561","Briza media",1
"3562","Bruckenthalia spiculifolia (Salisb.) Rchb.",1
"3563","Brunnera macrophylla 'Alexanders Great'",1
"3564","Brunnera macrophylla 'Hadspen Cream'",1
"3565","Buddleia 'Glass Slippers'",1
"3566","Buddleja 'Blue Chip'",1
"3567","Buddleja 'Lochinch'",1
"3568","Buddleja 'Miss Ruby'",1
"3569","Buddleja 'Petite Purple'",1
"3570","Buddleja × weyeriana 'Golden Glow'",1
"3571","Buddleja davidii 'Harlequin'",1
"3572","Buddleja davidii 'Nanho Blue'",1
"3573","Buddleja davidii 'Peakeep'",1
"3574","Buddleja davidii 'Pink Delight'",1
"3575","Buddleja davidii 'Potters Purple'",1
"3576","Buddleja davidii 'SMNBDL'",1
"3577","Buddleja davidii 'Stellar Pink'",1
"3578","Buddleja davidii var. nanhoensis 'Indigo'",1
"3579","Buddleja davidii var. nanhoensis 'Nanho Purple'",1
"3580","Buddleja davidii var. nanhoensis (Chitt.) Rehder",1
"3581","Buddleja davidii var. wilsonii (E.H.Wilson) Rehder & E.H.Wilson",1
"3582","Buddleja forrestii Diels",1
"3583","Buddleja japonica Hemsl.",1
"3584","Buphthalmum salicifolium 'Sun Wheel'",1
"3585","Buxus colchica Pojark.",1
"3586","Buxus microphylla var. japonica (Muell.Arg.) Rehder & E.H.Wilson",1
"3587","Buxus sempervirens 'Schmidt'",1
"3588","Buxus sempervirens 'Vardar Valley'",1
"3589","Calamagrostis 'Cheju-do'",1
"3590","Calamagrostis × acutiflora 'Eldorado'",1
"3591","Calamintha nepeta 'White Cloud'",1
"3592","Callitropsis nootkatensis 'Green Arrow'",1
"3593","Callitropsis nootkatensis 'Sullivan'",1
"3594","Calycanthus 'Venus'",1
"3595","Calycanthus × raulstonii 'Hartlage Wine'",1
"3596","Calycanthus floridus var. floridus",1
"3597","Campanula 'Samantha'",1
"3598","Campanula carpatica 'Alba'",1
"3599","Campanula elatines var. garganica",1
"3600","Campanula punctata 'Cherry Bells'",1
"3601","Campsis × tagliabuana 'Madame Galen'",1
"3602","Campsis radicans 'Flava'",1
"3603","Campsis radicans 'Speciosa'",1
"3604","Campylotropis macrocarpa (Bunge) Rehder",1
"3605","Cannabis sativa L.",1
"3606","Caragana",1
"3607","Caragana arborescens 'Nana'",1
"3608","Caragana densa Kom.",1
"3609","Caragana frutex 'Globosa'",1
"3610","Caragana fruticosa (Pall.) Besser",1
"3611","Caragana grandiflora (M.Bieb.) DC.",1
"3612","Caragana tragacanthoides (Pall.) Poir.",1
"3613","Carex aquatilis Wahlenb.",1
"3614","Carex argyrantha Tuck.",1
"3615","Carex bicknellii Britton",1
"3616","Carex conica 'Snowline'",1
"3617","Carex conjuncta Boott",1
"3618","Carex crawei Dewey",1
"3619","Carex crinita Lam.",1
"3620","Carex cristatella Britton",1
"3621","Carex elata 'Bowles Golden'",1
"3622","Carex lupulina Willd.",1
"3623","Carex muskingumensis 'Oehme'",1
"3624","Carex pansa L.H.Bailey",1
"3625","Carex pellita Willd.",1
"3626","Carex plantaginea Lam.",1
"3627","Carex platyphylla J.Carey",1
"3628","Carex radiata (Wahlenb.) Small",1
"3629","Carex stipata Willd.",1
"3630","Carex tumulicola Mack.",1
"3631","Carex vulpina L.",1
"3632","Carpinus betulus 'Columnaris'",1
"3633","Carpinus caroliniana 'MY Select Strain'",1
"3634","Carpinus pubescens var. pubescens",1
"3635","Carpinus tschonoskii Maxim.",1
"3636","Carpinus turczaninowii Hance",1
"3637","Carpinus turczaninowii var. ovalifolia H.J.P.Winkl.",1
"3638","Carpinus viminea Wall. ex Lindl.",1
"3639","Carya × nussbaumeri Sarg.",1
"3640","Carya tomentosa (Poir.) Nutt.",1
"3641","Caryopteris 'Blue Mist'",1
"3642","Caryopteris × clandonensis 'Arthur Simmonds'",1
"3643","Caryopteris divaricata 'Snow Fairy'",1
"3644","Castanea",1
"3645","Castanea mollissima 'Pendula'",1
"3646","Catalpa × erubescens 'J. C. Teas'",1
"3647","Catalpa × erubescens 'Japonica'",1
"3648","Catalpa bungei C.A.Mey.",1
"3649","Catalpa fargesii Bureau",1
"3650","Catalpa speciosa 'Witch's Broom'",1
"3651","Ceanothus americanus var. opacus L.",1
"3652","Cedrus libani A.Rich.",1
"3653","Celtis 'Magnifica'",1
"3654","Celtis occidentalis 'Chicagoland'",1
"3655","Celtis occidentalis 'Prairie Pride'",1
"3656","Celtis occidentalis var. canina (Raf.) Sarg.",1
"3657","Celtis tournefortii Lam.",1
"3658","Cephalotaxus fortunei Hook.",1
"3659","Cephalotaxus harringtonii (Knight ex J.Forbes) K.Koch",1
"3660","Cercidiphyllum japonicum 'Amazing Grace'",1
"3661","Cercidiphyllum japonicum 'Heronswood Globe'",1
"3662","Cercidiphyllum japonicum 'Tidal Wave'",1
"3663","Cercis canadensis 'JN2'",1
"3664","Cercis canadensis 'Morton'",1
"3665","Cercis canadensis 'Pauline Lily'",1
"3666","Cercis canadensis 'Pink Pom Poms'",1
"3667","Cercocarpus montanus Raf.",1
"3668","Chaenomeles × superba 'Coral Beauty'",1
"3669","Chaenomeles × superba 'Corallina'",1
"3670","Chaenomeles × superba 'Indian Chief'",1
"3671","Chaenomeles × superba 'Nicoline'",1
"3672","Chaenomeles × superba 'Pink Lady'",1
"3673","Chaenomeles × superba 'Red Chief'",1
"3674","Chaenomeles japonica var. alpina Maxim.",1
"3675","Chaenomeles speciosa 'Cardinalis'",1
"3676","Chaenomeles speciosa 'Orange Storm'",1
"3677","Chaenomeles speciosa 'Pink Storm'",1
"3678","Chaenomeles speciosa 'Red Sprite'",1
"3679","Chaenomeles speciosa 'Tani-no-Yuki'",1
"3680","Chaenomeles speciosa 'Texas Pink'",1
"3681","Chaenomeles speciosa 'Upright'",1
"3682","Chamaecyparis nootkatensis 'Pendula'",1
"3683","Chamaecyparis nootkatensis 'Sullivan'",1
"3684","Chamaecyparis obtusa 'Ivans Column'",1
"3685","Chamaecyparis pisifera 'Boulevard'",1
"3686","Chamaecyparis pisifera 'Filifera Aurea'",1
"3687","Chamaecyparis pisifera 'Filifera Aureovariegata'",1
"3688","Chamaecyparis pisifera 'Filifera Nana'",1
"3689","Chamaecyparis pisifera 'Plumosa Argentea'",1
"3690","Chamaecyparis pisifera 'Shiva'",1
"3691","Chamaecyparis pisifera 'Silver Lode'",1
"3692","Chamaecyparis pisifera 'Squarrosa'",1
"3693","Chamaecyparis pisifera 'Sungold'",1
"3694","Chamaecyparis pisifera f. squarrosa (Zucc.) Beissn. & Hochst.",1
"3695","Chamaedaphne calyculata var. angustifolia (Aiton) Rehder",1
"3696","Chasmanthium latifolium 'River Mist'",1
"3697","Chelidonium majus L.",1
"3698","Chelone lyonii 'Armitpp02'",1
"3699","Chelone obliqua 'Hot Lips'",1
"3700","Chionanthus retusus 'NA 82300'",1
"3701","Chionanthus virginicus 'Emerald Knight'",1
"3702","Chionodoxa luciliae Boiss.",1
"3703","Choerospondias axillaris (Roxb.) B.L.Burtt & A.W.Hill",1
"3704","Chrysanthemum '95-169-8'",1
"3705","Chrysothamnus graveolens var. glabratus (A.Gray) A.Nelson",1
"3706","Clematis 'Barbara Jackman'",1
"3707","Clematis 'Betty Balfour'",1
"3708","Clematis 'Comtesse de Bouchaud'",1
"3709","Clematis 'Duchess of Edinburgh'",1
"3710","Clematis 'Elsa Späth'",1
"3711","Clematis 'Ernest Markham'",1
"3712","Clematis 'Etoile Violette'",1
"3713","Clematis 'Gold Necklace'",1
"3714","Clematis 'Henryi'",1
"3715","Clematis 'Huldine'",1
"3716","Clematis 'Madame Le Coultre'",1
"3717","Clematis 'Pink Chiffon'",1
"3718","Clematis 'Ramona'",1
"3719","Clematis × durandi T.Durand ex Kuntze",1
"3720","Clematis × jackmanii 'Mme. Ed Andre'",1
"3721","Clematis × jackmanii T.Moore",1
"3722","Clematis hexapetala Pall.",1
"3723","Clematis integrifolia 'Alba'",1
"3724","Clematis lanuginosa 'Nelly Moser'",1
"3725","Clematis ligusticifolia Nutt.",1
"3726","Clematis montana var. rubens Kuntze 'Rubens Superba'",1
"3727","Clematis occidentalis (Hornem.) DC.",1
"3728","Clematis occidentalis var. occidentalis (Hornem.) DC.",1
"3729","Clematis ochroleuca Aiton",1
"3730","Clematis paniculata J.F.Gmel.",1
"3731","Clematis songarica Bunge",1
"3732","Clematis tangutica (Maxim.) Korsh.",1
"3733","Clematoclethra hemsleyi Baill.",1
"3734","Clethra alnifolia 'Hokie Pink'",1
"3735","Clethra alnifolia 'Hummingbird'",1
"3736","Clethra alnifolia 'Pink Spires'",1
"3737","Clethra alnifolia 'Rosea'",1
"3738","Clethra tomentosa Lam.",1
"3739","Clinopodium nepeta subsp. glandulosa 'White Cloud'",1
"3740","Cocculus carolinus (L.) DC.",1
"3741","Colchicum 'Waterlily'",1
"3742","Colutea persica var. buhsei Boiss.",1
"3743","Comptonia peregrina var. asplendiifolia (L.) Fernald",1
"3744","Convallaria majalis L.",1
"3745","Coreopsis grandiflora 'Sunray'",1
"3746","Coreopsis lanceolata L.",1
"3747","Coreopsis rosea 'American Dream'",1
"3748","Coreopsis rosea Nutt.",1
"3749","Coreopsis verticillata 'Creme Brulee'",1
"3750","Coreopsis verticillata 'Golden Gain'",1
"3751","Cornus × dubia Rehder",1
"3752","Cornus asperifolia Michx.",1
"3753","Cornus citrina Lavallée",1
"3754","Cornus florida 'Cherokee Princess'",1
"3755","Cornus florida 'Pendula'",1
"3756","Cornus florida 'Pluribracteata'",1
"3757","Cornus foemina subsp. racemosa 'Slavins Dwarf'",1
"3758","Cornus kousa 'Satomi'",1
"3759","Cornus poliophylla C.K.Schneid. & Wangerin",1
"3760","Cornus sanguinea 'Cato'",1
"3761","Cornus sanguinea 'Compressa'",1
"3762","Cornus sanguinea 'Midwinter Fire'",1
"3763","Cornus sericea subsp. sericea 'Bud's Yellow'",1
"3764","Coronilla minima L.",1
"3765","Corylopsis pauciflora Siebold & Zucc.",1
"3766","Corylus americana var. indehiscens E.J.Palmer & Steyerm.",1
"3767","Corylus cornuta Marshall",1
"3768","Cotinus coggygria 'Young Lady'",1
"3769","Cotoneaster",1
"3770","Cotoneaster × newryensis Lemoine",1
"3771","Cotoneaster adpressus 'Little Gem'",1
"3772","Cotoneaster dammeri 'Lowfast'",1
"3773","Cotoneaster glaucophyllus var. serotinus (Hutch.) L.T.Lu & Brach f. serotina",1
"3774","Cotoneaster gracilis Rehder & E.H.Wilson",1
"3775","Cotoneaster nitens Rehder & E.H.Wilson",1
"3776","Cotoneaster wardii W.W.Sm.",1
"3777","Crataegus × lauta Sarg.",1
"3778","Crataegus × lavallei Herincq",1
"3779","Crataegus × spatiosa Sarg.",1
"3780","Crataegus acanthacolonensis Laughlin",1
"3781","Crataegus ambigua C.A.Mey.",1
"3782","Crataegus arnoldiana Sarg.",1
"3783","Crataegus beckwithiae Sarg.",1
"3784","Crataegus calycina subsp. curvisepala (Lindm.) Franco",1
"3785","Crataegus chlorosarca Maxim.",1
"3786","Crataegus coccinea L.",1
"3787","Crataegus conjuncta Sarg.",1
"3788","Crataegus consueta Sarg.",1
"3789","Crataegus crus-galli 'Inermis'",1
"3790","Crataegus crus-galli var. splendens Aiton",1
"3791","Crataegus dilatata Sarg.",1
"3792","Crataegus dissona Sarg.",1
"3793","Crataegus eastmaniana Sarg.",1
"3794","Crataegus finitima Sarg.",1
"3795","Crataegus heldreichii Boiss.",1
"3796","Crataegus incisa Sarg.",1
"3797","Crataegus intricata Lange",1
"3798","Crataegus irrasa Sarg.",1
"3799","Crataegus jackii Sarg.",1
"3800","Crataegus laevigata (Poir.) DC.",1
"3801","Crataegus lucorum Sarg.",1
"3802","Crataegus macracantha Lodd. ex Loudon",1
"3803","Crataegus magnifolia Sarg.",1
"3804","Crataegus mohrii Beadle",1
"3805","Crataegus monogyna 'Pteridifolia'",1
"3806","Crataegus monogyna 'Stricta'",1
"3807","Crataegus orientalis Pall. ex M.Bieb.",1
"3808","Crataegus paineana Sarg.",1
"3809","Crataegus paucispina Sarg.",1
"3810","Crataegus pentandra Sarg.",1
"3811","Crataegus perlevis Ashe",1
"3812","Crataegus pinnatifida var. major N.E.Br.",1
"3813","Crataegus praeclara Sarg.",1
"3814","Crataegus pseudoheterophylla subsp. turcomanica (Pojark.) K.I.Chr.",1
"3815","Crataegus puta Sarg.",1
"3816","Crataegus rivularis Nutt.",1
"3817","Crataegus rupicola Sarg.",1
"3818","Crataegus rustica Beadle",1
"3819","Crataegus scabrida Sarg.",1
"3820","Crataegus seclusa Sarg.",1
"3821","Crataegus shirleyensis Sarg.",1
"3822","Crataegus vallicola Sarg.",1
"3823","Crataegus wilsonii Sarg.",1
"3824","Cryptomeria japonica 'Araucarioides'",1
"3825","Cymbalaria muralis",1
"3826","Cypripedium candidum Muhl. ex Willd.",1
"3827","Cystisus scoparius L.",1
"3828","Cystopteris bulbifera (L.) Bernh.",1
"3829","Cystopteris fragilis (L.) Bernh.",1
"3830","Cytisus",1
"3831","Cytisus × beanii G.Nicholson",1
"3832","Cytisus albus Hacq.",1
"3833","Cytisus leiocarpus A.Kern.",1
"3834","Cytisus ratisbonensis Schaeff.",1
"3835","Cytisus ruthenicus Fisch. ex Woł.",1
"3836","Daphne cneorum 'Variegata'",1
"3837","Dasiphora fruticosa 'Primrose Beauty'",1
"3838","Davidia involucrata var. vilmoriniana (Dode) Wangerin",1
"3839","Delphinium exaltatum Aiton",1
"3840","Dendranthema 'Clara Curtis'",1
"3841","Dennstaedtia punctilobula (Michx.) T.Moore",1
"3842","Deschampsia cespitosa 'Bronzeschleier'",1
"3843","Deutzia × hybrida 'Contraste'",1
"3844","Deutzia coreana var. triradiata Hatus.",1
"3845","Deutzia scabra 'Pride of Rochester'",1
"3846","Deutzia taiwanensis (Maxim.) C.K.Schneid.",1
"3847","Dianthus caryophyllus L.",1
"3848","Dicentra canadensis (Goldie) Walp.",1
"3849","Dicentra eximia (Ker Gawl.) Torr.",1
"3850","Dictamnus albus 'Purpureus'",1
"3851","Dictamnus albus L.",1
"3852","Diervilla rivularis 'Troja Black'",1
"3853","Diervilla sessilifolia 'Copper'",1
"3854","Diervilla sessilifolia 'Dise'",1
"3855","Diospyros lotus L.",1
"3856","Dipelta elegans Batalin",1
"3857","Doellingeria umbellata (Mill.) Nees",1
"3858","Dorycnium hirsutum (L.) Ser.",1
"3859","Dorycnium suffruticosum Vill.",1
"3860","Dryopteris marginalis (L.) A.Gray",1
"3861","Duetzia scabra 'Pride of Rochester'",1
"3862","Echinacea 'Arts Pride'",1
"3863","Echinacea 'CBG Cone3'",1
"3864","Echinacea 'Matthew Saul'",1
"3865","Echinacea 'Snow Cone'",1
"3866","Echinacea 'Sunrise'",1
"3867","Echinacea purpurea 'Alba'",1
"3868","Echinacea purpurea 'Balsomcor'",1
"3869","Echinacea purpurea 'Balsomsed'",1
"3870","Echinacea purpurea 'Green Envy'",1
"3871","Echinacea purpurea 'Magnus'",1
"3872","Echinacea purpurea 'PAS702917'",1
"3873","Echinacea purpurea 'Ruby Giant'",1
"3874","Echinacea purpurea 'Vintage Wine'",1
"3875","Echinacea tennesseensis (Beadle) Small",1
"3876","Echinops latifolius Tausch",1
"3877","Eleutherococcus lasiogyne (Harms) S.Y.Hu",1
"3878","Enkianthus campanulatus (Miq.) G.Nicholson",1
"3879","Ephedra distachya 'Helvetica'",1
"3880","Ephedra gerardiana Wall. ex C.A.Mey.",1
"3881","Ephedra intermedia Schrenk ex C.A.Mey.",1
"3882","Ephedra major var. procera (Fisch. & C.A.Mey.) Asch.",1
"3883","Epimedium × versicolor C.Morren",1
"3884","Epimedium × youngianum 'Niveum'",1
"3885","Epimedium grandiflorum 'Lilafee'",1
"3886","Epimedium lishihchenii Stearn",1
"3887","Eragrostis spectabilis (Pursh) Steud.",1
"3888","Eranthis hyemalis (L.) Salisb.",1
"3889","Eremurus stenophyllus (Boiss. & Buhse) Baker",1
"3890","Eriogonum umbellatum Torr.",1
"3891","Erythronium americanum Ker Gawl.",1
"3892","Euonymus alata 'Gracilis'",1
"3893","Euonymus alata var. aptera Regel",1
"3894","Euonymus alatus 'Timber Creek'",1
"3895","Euonymus elegantissimus Loes. & Rehder",1
"3896","Euonymus europaea 'Burtonii'",1
"3897","Euonymus europaea 'Chrysophyllus'",1
"3898","Euonymus europaea var. intermedia Gaudin",1
"3899","Euonymus fortunei 'Emerald Cushion'",1
"3900","Euonymus fortunei 'Sarcoxie'",1
"3901","Euonymus fortunei var. radicans (Siebold ex Miq.) Rehder",1
"3902","Euonymus planipes (Koehne) Koehne",1
"3903","Euonymus sanguineus Loes. ex Diels",1
"3904","Euonymus wilsonii Sprague",1
"3905","Euonymus yedoensis Koehne",1
"3906","Euphorbia corollata L.",1
"3907","Euphorbia cyparissias 'Fens Ruby'",1
"3908","Euphorbia epithymoides",1
"3909","Eurybia divaricata 'Eastern Star'",1
"3910","Euthamia gymnospermoides Greene",1
"3911","Eutrochium maculatum 'Gateway'",1
"3912","Exochorda × macrantha 'The Bride'",1
"3913","Fagus grandifolia var. caroliniana (Loudon) Fernald & Rehder",1
"3914","Fagus sylvatica 'Cristata'",1
"3915","Fagus sylvatica 'Horizontalis'",1
"3916","Fagus sylvatica (Atropunicea Group) 'Riversii'",1
"3917","Filipendula × purpurea Maxim.",1
"3918","Filipendula hexapetala 'Flore-Pleno'",1
"3919","Filipendula rubra (Hill) B.L.Rob.",1
"3920","Filipendula vulgaris 'Flore Pleno'",1
"3921","Flueggea suffruticosa (Pall.) Baill.",1
"3922","Fontanesia fortunei 'Titan'",1
"3923","Fontanesia philliraeoides Labill.",1
"3924","Forsythia 'Happy Centennial'",1
"3925","Forsythia 'New Hampshire Gold'",1
"3926","Forsythia 'Sunnii'",1
"3927","Forsythia × intermedia 'Courdijau'",1
"3928","Forsythia × intermedia 'Golden Bells'",1
"3929","Forsythia × intermedia 'Golden Times'",1
"3930","Forsythia × intermedia 'Goldzauber'",1
"3931","Forsythia × intermedia 'Mindor'",1
"3932","Forsythia × intermedia 'Primulina'",1
"3933","Forsythia × intermedia var. densiflora Koehne",1
"3934","Forsythia × intermedia var. pallida Zabel",1
"3935","Forsythia × intermedia var. primulina Rehder",1
"3936","Forsythia ovata 'French's Florence'",1
"3937","Forsythia ovata 'Robusta'",1
"3938","Fothergilla × intermedia 'Windy City'",1
"3939","Fothergilla major 'KLMG'",1
"3940","Frangula",1
"3941","Franklinia alatamaha W.Bartram ex Marshall",1
"3942","Fraxinus 'Gold Cloud'",1
"3943","Fraxinus americana 'Tures'",1
"3944","Fraxinus americana var. juglandifolia (Lam.) K.Koch",1
"3945","Fraxinus angustifolia var. lentiscifolia (Desf.) Henry",1
"3946","Fraxinus angustifolia var. monophylla Henry",1
"3947","Fraxinus caroliniana Mill.",1
"3948","Fraxinus chiisanensis Nakai",1
"3949","Fraxinus chinensis var. acuminata Lingelsh.",1
"3950","Fraxinus excelsior 'Asplenifolia'",1
"3951","Fraxinus excelsior 'Aureovariegata'",1
"3952","Fraxinus excelsior 'Croatica'",1
"3953","Fraxinus excelsior 'Diversifolia'",1
"3954","Fraxinus excelsior 'Doorenbos'",1
"3955","Fraxinus excelsior 'Heterophylla Pendula'",1
"3956","Fraxinus excelsior 'Tota Aurea'",1
"3957","Fraxinus excelsissima Koidz.",1
"3958","Fraxinus longicuspis Siebold & Zucc.",1
"3959","Fraxinus oregona Nutt.",1
"3960","Fraxinus ornus L.",1
"3961","Fraxinus pennsylvanica 'Aucubaefolia'",1
"3962","Fraxinus pennsylvanica 'Boscii'",1
"3963","Fraxinus pennsylvanica 'Discolor'",1
"3964","Fraxinus pennsylvanica 'Ovata'",1
"3965","Fraxinus pennsylvanica 'Robin Hood'",1
"3966","Fraxinus pennsylvanica 'Sherwood Glen'",1
"3967","Fraxinus pennsylvanica var. lanceolata 'Summit'",1
"3968","Fraxinus pennsylvanica var. subintegerrima 'Marshall Seedless'",1
"3969","Galium boreale L.",1
"3970","Galium odoratum 'Bennet'",1
"3971","Gaultheria procumbens L.",1
"3972","Gaylussacia baccata (Wangenh.) K.Koch",1
"3973","Genista sylvestris var. pungens (Vis.) Rehder",1
"3974","Genista tinctoria 'Dyers Greenweed'",1
"3975","Geranium endressii J.Gay",1
"3976","Geranium macrorrhizum 'Album'",1
"3977","Geranium macrorrhizum 'Bevan's Variety'",1
"3978","Geranium macrorrhizum 'Minor'",1
"3979","Geranium macrorrhizum 'Walter Ingwersen'",1
"3980","Geranium maculatum 'Album'",1
"3981","Geranium maculatum 'Espresso'",1
"3982","Geranium pratense 'Hocus Pocus'",1
"3983","Geranium sanguineum 'Pink Summer'",1
"3984","Geum 'Mai Tai'",1
"3985","Geum rivale 'Flames of Passion'",1
"3986","Ginkgo biloba 'Elmwood'",1
"3987","Ginkgo biloba 'Halka'",1
"3988","Ginkgo biloba 'Jade Butterflies'",1
"3989","Ginkgo biloba 'Princeton Gold'",1
"3990","Ginkgo biloba 'Spring Grove'",1
"3991","Ginkgo biloba 'The President'",1
"3992","Ginkgo biloba 'Thelma'",1
"3993","Ginkgo biloba 'Todds WB'",1
"3994","Ginkgo biloba 'Tubifolia'",1
"3995","Gleditsia triacanthos 'Draves'",1
"3996","Goodyera pubescens (Willd.) R.Br.",1
"3997","Gymnocladus dioicus 'J.C. McDaniel'",1
"3998","Gymnocladus dioicus 'U of I'",1
"3999","Hakonechloa macra 'Aureola'",1
"4000","Hamamelis × intermedia 'Angelly'",1
"4001","Hamamelis × intermedia 'Antoine Kort'",1
"4002","Hamamelis × intermedia 'Aphrodite'",1
"4003","Hamamelis × intermedia 'Aurora'",1
"4004","Hamamelis × intermedia 'Hiltingbury'",1
"4005","Hamamelis × intermedia 'Rubin'",1
"4006","Hamamelis × intermedia 'Sister Jelena'",1
"4007","Hamamelis japonica 'Superba'",1
"4008","Hamamelis macrophylla Pursh",1
"4009","Hamamelis mollis 'Princeton Gold'",1
"4010","Hamamelis ovalis S.W.Leonard",1
"4011","Hamamelis vernalis 'Burmazam'",1
"4012","Hamamelis vernalis 'Goleczam'",1
"4013","Hamamelis vernalis 'KLMLL'",1
"4014","Hamamelis vernalis 'KLMT'",1
"4015","Hamamelis vernalis 'Kohankie Red'",1
"4016","Hamamelis vernalis 'Majestic'",1
"4017","Hamamelis vernalis 'Quasimodo'",1
"4018","Hamamelis vernalis 'Sandra'",1
"4019","Hamamelis virginiana 'Ice Queen'",1
"4020","Hamamelis virginiana 'Little Prospect'",1
"4021","Hamamelis virginiana 'Sunglow'",1
"4022","Hedera helix 'Rumania'",1
"4023","Hedera helix 'Wilson'",1
"4024","Hedysarum semenowii var. leiocarpum",1
"4025","Helenium 'Helbro'",1
"4026","Helianthus mollis Lam.",1
"4027","Helianthus occidentalis Riddell",1
"4028","Helianthus tuberosus L.",1
"4029","Heliopsis helianthoides var. scabra 'Burning Hearts'",1
"4030","Heliopsis helianthoides var. scabra 'Sommersonne'",1
"4031","Helleborus",1
"4032","Helleborus 'Walhelibor'",1
"4033","Helleborus × hybridus 'Blue Lady'",1
"4034","Helleborus × hybridus 'Cherry Blossom'",1
"4035","Helleborus × hybridus 'Red Lady'",1
"4036","Helleborus × hybridus 'Sunshine Strain'",1
"4037","Helleborus caucasicus A.Braun",1
"4038","Helleborus orientalis 'Alba'",1
"4039","Helleborus orientalis 'Atropurpureus'",1
"4040","Hemerocallis 'Birtie Ferris'",1
"4041","Hemerocallis 'Bitsy Warner'",1
"4042","Hemerocallis 'Catherine Woodbury'",1
"4043","Hemerocallis 'Country Squire'",1
"4044","Hemerocallis 'Eenie Weenie'",1
"4045","Hemerocallis 'Little Dandy'",1
"4046","Hemerocallis 'Maisie Malone'",1
"4047","Hemerocallis 'Mary Todd'",1
"4048","Hemerocallis 'Midnight Raider'",1
"4049","Hemerocallis 'Rasberry Pixie'",1
"4050","Hemerocallis 'Regal Air'",1
"4051","Hemerocallis 'Resurrection Yellow'",1
"4052","Hemerocallis 'Siloam Double Classic'",1
"4053","Hemerocallis 'Strawberry Candy'",1
"4054","Hemerocallis 'Summer Wine'",1
"4055","Hemerocallis dumortieri C.Morren",1
"4056","Hemerocallis fulva L.",1
"4057","Heptacodium miconioides 'SMNHMRF'",1
"4058","Hesperocyparis bakeri (Jeps.) Bartel",1
"4059","Heuchera 'Amber Waves'",1
"4060","Heuchera 'Bronze Beacon'",1
"4061","Heuchera 'Chocolate Ruffles'",1
"4062","Heuchera 'Montrose Ruby'",1
"4063","Heuchera 'Purple Mountain Majesty'",1
"4064","Heuchera 'Spellbound'",1
"4065","Heuchera americana 'Ruby Veil'",1
"4066","Heuchera sanguinea 'Chatterbox'",1
"4067","Heuchera sanguinea 'June Bride'",1
"4068","Hibiscus 'Heartthrob'",1
"4069","Hibiscus 'Kopper King'",1
"4070","Hibiscus 'Mars Madness'",1
"4071","Hibiscus 'Sweet Caroline'",1
"4072","Hibiscus militaris Cav.",1
"4073","Hibiscus moscheutos L.",1
"4074","Hibiscus palustris L.",1
"4075","Hibiscus syriacus 'America Irene Scott'",1
"4076","Hibiscus syriacus 'Ardens'",1
"4077","Hibiscus syriacus 'Banner'",1
"4078","Hibiscus syriacus 'Bricutts'",1
"4079","Hibiscus syriacus 'Collie Mullens'",1
"4080","Hibiscus syriacus 'Gandini van Aart'",1
"4081","Hibiscus syriacus 'Gussie'",1
"4082","Hibiscus syriacus 'Jeanne d'Arc'",1
"4083","Hibiscus syriacus 'Lady Stanley'",1
"4084","Hibiscus syriacus 'Lucy'",1
"4085","Hibiscus syriacus 'Marina' BLUE SATIN®",1
"4086","Hibiscus syriacus 'Mineru'",1
"4087","Hibiscus syriacus 'Minspot'",1
"4088","Hibiscus syriacus 'Minsygrbl1'",1
"4089","Hibiscus syriacus 'Notwoodone'",1
"4090","Hibiscus syriacus 'Notwoodthree'",1
"4091","Hibiscus syriacus 'Oiseau Bleu'",1
"4092","Hibiscus syriacus 'Paeoneflorus'",1
"4093","Hibiscus syriacus 'Paioniflora'",1
"4094","Hibiscus syriacus 'Red Heart'",1
"4095","Hibiscus syriacus 'Rwoods5'",1
"4096","Hibiscus syriacus 'SHIMCR1' RUFFLED SATIN®",1
"4097","Hibiscus syriacus 'SHIMRR38'",1
"4098","Hibiscus syriacus 'SHIMRV24'",1
"4099","Hibiscus syriacus 'William R. Smith'",1
"4100","Hosta 'Aristocrat'",1
"4101","Hosta 'Blue Mouse Ears'",1
"4102","Hosta 'Clovelly'",1
"4103","Hosta 'Fragrant Blue'",1
"4104","Hosta 'Francee'",1
"4105","Hosta 'Gold Standard'",1
"4106","Hosta 'Green Piecrust'",1
"4107","Hosta 'Happy Dayz'",1
"4108","Hosta 'Honeybells'",1
"4109","Hosta 'June'",1
"4110","Hosta 'Just So'",1
"4111","Hosta 'Patriot'",1
"4112","Hosta 'Stained Glass'",1
"4113","Hosta 'Wide Brim'",1
"4114","Hosta 'Wishing Well'",1
"4115","Hosta 'Zounds'",1
"4116","Hosta fortunei 'Francee'",1
"4117","Hosta montana F.Maek.",1
"4118","Hosta rectifolia Nakai",1
"4119","Hosta sieboldiana 'Elegans'",1
"4120","Hosta sieboldiana 'Ginkgo Craig'",1
"4121","Hosta sieboldiana 'Golden Sunburst'",1
"4122","Hosta sieboldiana 'Mira'",1
"4123","Hosta sieboldii 'Ginko Craig'",1
"4124","Houttuynia cordata 'Chameleon'",1
"4125","Hovenia dulcis Thunb.",1
"4126","Hydrangea arborescens 'Belle'",1
"4127","Hydrangea arborescens 'Champaign'",1
"4128","Hydrangea arborescens 'Mary Nell'",1
"4129","Hydrangea arborescens 'NCHA3'",1
"4130","Hydrangea macrophylla 'Frillibet'",1
"4131","Hydrangea macrophylla 'Masja'",1
"4132","Hydrangea macrophylla 'Pia'",1
"4133","Hydrangea macrophylla 'PIIHM-II'",1
"4134","Hydrangea macrophylla 'Robert'",1
"4135","Hydrangea paniculata 'Boskoop'",1
"4136","Hydrangea paniculata 'Interhydia'",1
"4137","Hydrangea paniculata 'Little Lamb'",1
"4138","Hydrangea paniculata 'Phantom'",1
"4139","Hydrangea paniculata 'Silver Dollar'",1
"4140","Hydrangea paniculata 'SMHPLQF'",1
"4141","Hydrangea paniculata 'White Tiara'",1
"4142","Hydrangea quercifolia 'Brenhill'",1
"4143","Hydrangea quercifolia 'Munchkin'",1
"4144","Hydrangea quercifolia 'Snowflake'",1
"4145","Hydrangea radiata 'Terry Greer'",1
"4146","Hydrangea robusta Hook.f. & Thomson",1
"4147","Hydrangea serrata 'Preziosa'",1
"4148","Hydrangea tieteromalla Don",1
"4149","Hydrocleys nymphoides Buchenau",1
"4150","Hylotelephium 'Matrona'",1
"4151","Hylotelephium 'Pure Joy'",1
"4152","Hypericum",1
"4153","Hypericum 'Gemo'",1
"4154","Hypericum 'PIIHYP-I'",1
"4155","Hypericum androsaemum 'Albury Purple'",1
"4156","Hypericum androsaemum L.",1
"4157","Hypericum densiflorum Pursh",1
"4158","Hyssopus officinalis 'Sissinghurst'",1
"4159","Hystrix patula Moench",1
"4160","Iberis oschtenica Kharkev.",1
"4161","Iberis sempervirens 'Little Gem'",1
"4162","Ilex × meserveae 'Blue Princess'",1
"4163","Ilex aquifolium L.",1
"4164","Ilex crenata Thunb.",1
"4165","Ilex glabra 'Chamzin'",1
"4166","Ilex opaca 'Merry Christmas'",1
"4167","Ilex opaca f. xanthocarpa Rehder",1
"4168","Ilex sugerokii Maxim.",1
"4169","Ilex verticillata 'Goldfinch'",1
"4170","Ilex verticillata 'Southern Gentleman'",1
"4171","Ilex verticillata 'Winter Gold'",1
"4172","Indigofera heterantha Wall. ex Brandis",1
"4173","Indigofera pendula Franch.",1
"4174","Iris 'Immortality'",1
"4175","Iris 'Kabluey'",1
"4176","Iris × robusta 'Gerald Darby'",1
"4177","Iris tectorum Maxim.",1
"4178","Itea virginica 'Longspire'",1
"4179","Iva frutescens var. oraria (Bartlett) Fernald & Griscom",1
"4180","Jamesia americana Torr. & A.Gray",1
"4181","Jasminum × stephanense Lemoine",1
"4182","Jasminum fruticans L.",1
"4183","Jasminum nudiflorum Lindl.",1
"4184","Jeffersonia diphylla (L.) Pers.",1
"4185","Juglans × intermedia Jacques",1
"4186","Juglans microcarpa Berland.",1
"4187","Juglans nigra 'Galloway'",1
"4188","Juncus torreyi Coville",1
"4189","Juniperus 'Hermit'",1
"4190","Juniperus × pfitzeriana (Pfitzer Group) 'Armstrongii'",1
"4191","Juniperus × pfitzeriana (Pfitzer Group) 'Blue Cloud'",1
"4192","Juniperus × pfitzeriana (Pfitzer Group) 'Daub’s Frosted'",1
"4193","Juniperus × pfitzeriana (Pfitzer Group) 'Gold Lace'",1
"4194","Juniperus × pfitzeriana (Pfitzer Group) 'Lemon Hill'",1
"4195","Juniperus × pfitzeriana (Pfitzer Group) 'Old Gold'",1
"4196","Juniperus chinensis 'Blaauw'",1
"4197","Juniperus chinensis 'Blue Point'",1
"4198","Juniperus chinensis 'Japonica'",1
"4199","Juniperus chinensis 'Moraine'",1
"4200","Juniperus chinensis 'Mount Batten'",1
"4201","Juniperus chinensis 'Mountbatten'",1
"4202","Juniperus chinensis 'Pendula'",1
"4203","Juniperus chinensis 'Perfecta'",1
"4204","Juniperus chinensis 'Pfitzeriana Glauca'",1
"4205","Juniperus chinensis 'Pfitzeriana Kallay'",1
"4206","Juniperus chinensis 'Pyramidalis'",1
"4207","Juniperus chinensis 'San Jose'",1
"4208","Juniperus chinensis 'Variegata'",1
"4209","Juniperus chinensis 'Wintergreen'",1
"4210","Juniperus chinensis var. sargentii 'Viridis'",1
"4211","Juniperus communis 'Candelabriformis'",1
"4212","Juniperus communis 'Golden Schnapps'",1
"4213","Juniperus communis 'Suecica'",1
"4214","Juniperus convallium Rehder & E.H.Wilson",1
"4215","Juniperus distans Florin",1
"4216","Juniperus horizontalis 'Alpina'",1
"4217","Juniperus horizontalis 'Filicina'",1
"4218","Juniperus horizontalis 'Humilis'",1
"4219","Juniperus horizontalis 'Mother Load'",1
"4220","Juniperus horizontalis 'Prince of Wales'",1
"4221","Juniperus horizontalis 'Pulchella'",1
"4222","Juniperus japonica 'Nana'",1
"4223","Juniperus monosperma (Engelm.) Sarg.",1
"4224","Juniperus procera Hochst. ex Endl.",1
"4225","Juniperus procumbens 'Green Mound'",1
"4226","Juniperus pseudosabina Fisch. & C.A.Mey.",1
"4227","Juniperus rigida subsp. conferta (Parl.) Kitam.",1
"4228","Juniperus sabina 'Blue Danube'",1
"4229","Juniperus sabina 'Monna'",1
"4230","Juniperus sabina 'Skandia'",1
"4231","Juniperus sabina 'Variegata'",1
"4232","Juniperus sabina 'Von Ehren'",1
"4233","Juniperus scopulorum 'Blue Heaven'",1
"4234","Juniperus scopulorum 'Horizontalis'",1
"4235","Juniperus scopulorum 'Silver King'",1
"4236","Juniperus scopulorum 'Welchii'",1
"4237","Juniperus utahensis (Engelm.) Lemmon",1
"4238","Juniperus virginiana 'Chamberlaynii'",1
"4239","Juniperus virginiana 'Falling Water'",1
"4240","Juniperus virginiana 'Glauca O'Conneri'",1
"4241","Juniperus virginiana 'Hillii'",1
"4242","Juniperus virginiana 'Kosteri'",1
"4243","Juniperus virginiana 'McDowell'",1
"4244","Juniperus virginiana 'Pyramidiformis'",1
"4245","Juniperus virginiana 'Royo'",1
"4246","Juniperus virginiana 'Tripartita'",1
"4247","Juniperus virginiana var. glauca L.",1
"4248","Juniperus virginiana var. reptans Beissn.",1
"4249","Kalmia angustifolia L.",1
"4250","Kerria japonica 'Picta'",1
"4251","Koeleria cristata (L.) Pers.",1
"4252","Krascheninnikovia lanata (Pursh) A.Meeuse & A.Smit",1
"4253","Laburnum alpinum (Mill.) Bercht. & J.Presl",1
"4254","Lagerstroemia 'Perky Pink'",1
"4255","Lamium maculatum 'Beedham's White'",1
"4256","Lamprocapnos spectabilis 'Alba'",1
"4257","Larix decidua 'Thornhill'",1
"4258","Larix decidua 'Varied Directions'",1
"4259","Larix kaempferi 'Diana'",1
"4260","Larix laricina 'Girard Dwarf'",1
"4261","Lathyrus japonicus var. glaber (Ser.) Fernald",1
"4262","Lathyrus palustris L.",1
"4263","Lavandula stoechas L.",1
"4264","Leonurus cardiaca L.",1
"4265","Lespedeza bicolor 'Yakushima'",1
"4266","Lespedeza inschanica (Maxim.) Schindl.",1
"4267","Lespedeza japonica L.H.Bailey",1
"4268","Lespedeza thunbergii 'Gibraltar'",1
"4269","Lespedeza thunbergii 'Pink Fountains'",1
"4270","Leucanthemum × superbum 'Becky'",1
"4271","Leucanthemum × superbum 'Crazy Daisy'",1
"4272","Leucanthemum × superbum 'Whoops-a-Daisy'",1
"4273","Leucojum aestivum L.",1
"4274","Leucothoe axillaris (Lam.) D.Don",1
"4275","Leucothoe fontanesiana 'Girard's Rainbow'",1
"4276","Liatris pycnostachya Michx.",1
"4277","Ligustrum × ibolium Coe ex Rehder",1
"4278","Ligustrum × vicaryi Rehder",1
"4279","Ligustrum ibota Siebold",1
"4280","Ligustrum quihoui Carrière",1
"4281","Ligustrum schonoskii Decne.",1
"4282","Ligustrum sempervirens (Franch.) Lingelsh.",1
"4283","Lilium 'Daphne'",1
"4284","Lilium 'Time Out'",1
"4285","Lilium dauricum Ker Gawl.",1
"4286","Lilium philadelphicum L.",1
"4287","Liquidambar styraciflua 'Gum Ball'",1
"4288","Liquidambar styraciflua 'Moraine'",1
"4289","Liquidambar styraciflua 'Slender Silhouette'",1
"4290","Liquidambar styraciflua 'Variegata'",1
"4291","Liquidambar styraciflua 'Worplesdon'",1
"4292","Liriodendron tulipifera 'JFS-Oz'",1
"4293","Lobularia maritima (L.) Desv.",1
"4294","Lonicera × amoena 'Rosea'",1
"4295","Lonicera × bella 'Atrorosea'",1
"4296","Lonicera × bella 'Rosea'",1
"4297","Lonicera × bella Zabel",1
"4298","Lonicera × brownii Carrière",1
"4299","Lonicera × minutiflora Zabel",1
"4300","Lonicera × notha 'Alba'",1
"4301","Lonicera × purpusii Rehder",1
"4302","Lonicera × tellmanniana Magyar ex H.L.Späth",1
"4303","Lonicera × xylosteoides 'Hedge King'",1
"4304","Lonicera altmannii Regel & Schmalh.",1
"4305","Lonicera bracteolaris Boiss. & Buhse",1
"4306","Lonicera caerulea var. altaica (Pall.) Gladkova",1
"4307","Lonicera coerulea L.",1
"4308","Lonicera coerulea var. dependens (Dippel) Rehder",1
"4309","Lonicera dioica L.",1
"4310","Lonicera flava Sims",1
"4311","Lonicera formanekiana Halacsy",1
"4312","Lonicera giraldii Rehder",1
"4313","Lonicera involucrata f. humilis Koehne ex Rehder",1
"4314","Lonicera japonica Thunb.",1
"4315","Lonicera korolkowii 'Zabelii'",1
"4316","Lonicera myrtillus Hook.f. & Thomson",1
"4317","Lonicera orientalis Lam.",1
"4318","Lonicera orientalis var. longifolia Dippel",1
"4319","Lonicera periclymenum var. quercina Weston",1
"4320","Lonicera periclymenum var. serotina Aiton",1
"4321","Lonicera pyrenaica L.",1
"4322","Lonicera syringantha var. wolfii Rehder",1
"4323","Lonicera tatarica 'Alborosea'",1
"4324","Lonicera tatarica 'Angustifolia'",1
"4325","Lonicera tatarica var. parvifolia (Hayne) H.Jaeger",1
"4326","Lupinus perennis L.",1
"4327","Lycium barbarum L.",1
"4328","Lycium halimifolium Mill.",1
"4329","Lycium ruthenicum Murray",1
"4330","Lycoris squamigera Maxim.",1
"4331","Lysimachia clethroides Duby",1
"4332","Lysimachia nummularia 'Aurea'",1
"4333","Lysimachia punctata L.",1
"4334","Macleaya cordata (Willd.) R.Br.",1
"4335","Magnolia 'Daybreak'",1
"4336","Magnolia 'George Henry Kern'",1
"4337","Magnolia 'Goldfinch'",1
"4338","Magnolia 'Joe McDaniel'",1
"4339","Magnolia 'JURmag1'",1
"4340","Magnolia 'Polar Breeze'",1
"4341","Magnolia 'Spiced Spumoni'",1
"4342","Magnolia 'Spring Dawn'",1
"4343","Magnolia 'Sunsation'",1
"4344","Magnolia 'Toro'",1
"4345","Magnolia 'Wedding Vows'",1
"4346","Magnolia × brooklynensis 'Evamaria'",1
"4347","Magnolia × brooklynensis 'Woodsman'",1
"4348","Magnolia × loebneri 'Wildcat'",1
"4349","Magnolia × soulangeana 'Amabilis'",1
"4350","Magnolia × soulangeana 'Barrington Belle'",1
"4351","Magnolia × soulangeana 'Verbanica'",1
"4352","Magnolia × wieseneri 'Áashild Kalleberg'",1
"4353","Magnolia acuminata var. subcordata 'Peirce's Park'",1
"4354","Magnolia biondii Pamp.",1
"4355","Magnolia denudata 'Forrest's Pink'",1
"4356","Magnolia grandiflora 'Bracken's Brown Beauty'",1
"4357","Magnolia kobus 'Morris Fragrant'",1
"4358","Magnolia kobus 'Nana Compacta'",1
"4359","Magnolia kobus 'Wada's Memory'",1
"4360","Magnolia liliiflora 'Nigra'",1
"4361","Magnolia sieboldii subsp. sieboldii 'Michiko Renge'",1
"4362","Magnolia sprengeri var. elongata (Rehder & E.H.Wilson) Pamp.",1
"4363","Magnolia stellata 'Dawn'",1
"4364","Magnolia virginiana var. australis 'Henry Hicks'",1
"4365","Magnolia virginiana var. australis Sarg.",1
"4366","Magnolia zenii W.C.Cheng",1
"4367","Malus 'Abundance'",1
"4368","Malus 'Aldenham Purple'",1
"4369","Malus 'Amberina'",1
"4370","Malus 'Amerspirzam'",1
"4371","Malus 'Amertrizam'",1
"4372","Malus 'Amisk'",1
"4373","Malus 'Athabasca'",1
"4374","Malus 'Bailears'",1
"4375","Malus 'Ballerina'",1
"4376","Malus 'Baskatong'",1
"4377","Malus 'Branzam'",1
"4378","Malus 'Candied Apple'",1
"4379","Malus 'Cardinal's Robe'",1
"4380","Malus 'Cathay'",1
"4381","Malus 'Centennial'",1
"4382","Malus 'Centurion'",1
"4383","Malus 'Cheal's Crimson'",1
"4384","Malus 'Columbia'",1
"4385","Malus 'Cranberry Lace'",1
"4386","Malus 'Dorothy Rowe'",1
"4387","Malus 'Dream Pink'",1
"4388","Malus 'E. H. Wilson'",1
"4389","Malus 'Elsie Rathke Doring'",1
"4390","Malus 'Evelyn'",1
"4391","Malus 'Exzellenz Thiel'",1
"4392","Malus 'Fozam'",1
"4393","Malus 'Frau Luise Dittmann'",1
"4394","Malus 'Golden Gem'",1
"4395","Malus 'Golden Spires'",1
"4396","Malus 'Gwendolyn'",1
"4397","Malus 'Henry F. du Pont'",1
"4398","Malus 'Henry Ross'",1
"4399","Malus 'Hozam'",1
"4400","Malus 'Hub Tures'",1
"4401","Malus 'Hyslop'",1
"4402","Malus 'Jeflite'",1
"4403","Malus 'Jewelcole'",1
"4404","Malus 'JFS-KW207'",1
"4405","Malus 'John Downie'",1
"4406","Malus 'Katherine'",1
"4407","Malus 'Kinarzam'",1
"4408","Malus 'KLMK'",1
"4409","Malus 'Kola'",1
"4410","Malus 'Lady Ilgren'",1
"4411","Malus 'Lisa'",1
"4412","Malus 'Malusquest'",1
"4413","Malus 'Mandarin Magic'",1
"4414","Malus 'Marjorensis Formosana'",1
"4415","Malus 'Mollie Ann'",1
"4416","Malus 'Molten Lava'",1
"4417","Malus 'Morton'",1
"4418","Malus 'Mrs. Bayard Thayer'",1
"4419","Malus 'Oporto'",1
"4420","Malus 'Orange Crush'",1
"4421","Malus 'Parrsi'",1
"4422","Malus 'Pink Satin'",1
"4423","Malus 'Pink Spires'",1
"4424","Malus 'Prairie Gold'",1
"4425","Malus 'Pygmy'",1
"4426","Malus 'Quaker Beauty'",1
"4427","Malus 'Red Coat'",1
"4428","Malus 'Red Silver Krussman'",1
"4429","Malus 'Rejzam'",1
"4430","Malus 'Robin Jefferson'",1
"4431","Malus 'Royal Ruby'",1
"4432","Malus 'Rudolph'",1
"4433","Malus 'Sarah'",1
"4434","Malus 'Satin Cloud'",1
"4435","Malus 'Serenade'",1
"4436","Malus 'Simcoe'",1
"4437","Malus 'Sissipuk'",1
"4438","Malus 'Snowcap'",1
"4439","Malus 'Spring Snow'",1
"4440","Malus 'Spring Song'",1
"4441","Malus 'Strathmore'",1
"4442","Malus 'Sundog'",1
"4443","Malus 'The Fairy'",1
"4444","Malus 'Thunderchild'",1
"4445","Malus 'Velvetcole'",1
"4446","Malus 'Wabiskaw'",1
"4447","Malus 'Woven Gold'",1
"4448","Malus × adstringens 'Jefgreen'",1
"4449","Malus × arnoldiana 'Spring Snow'",1
"4450","Malus × brevipes (Rehder) Rehder",1
"4451","Malus × dawsoniana Rehder",1
"4452","Malus × domestica 'Liberty'",1
"4453","Malus × domestica 'McIntosh'",1
"4454","Malus × purpurea 'Kobendza'",1
"4455","Malus × purpurea 'Wierdakii'",1
"4456","Malus × robusta 'Erecta'",1
"4457","Malus × soulardii 'Wild Red'",1
"4458","Malus × zumi 'Wooster'",1
"4459","Malus asiatica Nakai",1
"4460","Malus astracanica (Dum.Cours.) DC. [1]",1
"4461","Malus baccata 'Horizontalis'",1
"4462","Malus baccata 'Jackii'",1
"4463","Malus baccata var. gracilis 'Jackii'",1
"4464","Malus floribunda 'Bob White'",1
"4465","Malus halliana 'Parkmanii'",1
"4466","Malus hedwigiae",1
"4467","Malus honanensis Rehder",1
"4468","Malus ioensis 'Nevis'",1
"4469","Malus ioensis 'Plena'",1
"4470","Malus orthocarpa Lavallée",1
"4471","Malus prunifolia f. pendula (Neubert) Rehder",1
"4472","Malus pumila 'Freedom'",1
"4473","Malus pumila 'Liberty'",1
"4474","Malus pumila 'McIntosh'",1
"4475","Malus pumila 'Paradisiaca Ruberrima'",1
"4476","Malus pumila 'Translucens'",1
"4477","Malus turkmenorum Juz. & Popov",1
"4478","Melanthium virginicum L.",1
"4479","Meliosma oldhamii Miq. ex Maxim.",1
"4480","Meliosma tenuis Maxim.",1
"4481","Menziesia purpurea Maxim.",1
"4482","Miscanthus 'Purpurascens'",1
"4483","Miscanthus floridulus (Labill.) Warb. ex K.Schum. & Lauterb.",1
"4484","Miscanthus sinensis 'Gold und Silber'",1
"4485","Miscanthus sinensis 'Graziella'",1
"4486","Miscanthus sinensis 'Little Zebra'",1
"4487","Miscanthus sinensis 'Nippon'",1
"4488","Miscanthus sinensis 'Silberfeder'",1
"4489","Miscanthus sinensis 'Silver Arrow'",1
"4490","Miscanthus sinensis 'Strictus'",1
"4491","Miscanthus sinensis var. gracillimus Hitchc.",1
"4492","Miscanthus sinensis var. purpurescens Andersson",1
"4493","Mitchella repens L.",1
"4494","Molinia caerulea subsp. arundinacea 'Skyracer'",1
"4495","Molinia caerulea subsp. arundinacea 'Transparent'",1
"4496","Monarda 'Aquarius'",1
"4497","Monarda 'Raspberry Wine'",1
"4498","Monarda didyma 'Cambridge Scarlet'",1
"4499","Monarda didyma 'Grand Marshall'",1
"4500","Monarda fistulosa L.",1
"4501","Monarda punctata var. villicaulis Pennell",1
"4502","Morus alba 'Venosa'",1
"4503","Morus alba var. tatarica (Pall.) Ser.",1
"4504","Morus rubra 'Nana'",1
"4505","Morus rubra 'Super Dwarf'",1
"4506","Myosotis sylvatica Hoffm.",1
"4507","Myrica pensylvanica 'Morton'",1
"4508","Narcissus 'February Gold'",1
"4509","Narcissus 'Ice Follies'",1
"4510","Narcissus 'Yellow Cheerfulness'",1
"4511","Narcissus × incomparabilis Mill.",1
"4512","Nepeta 'Limelight'",1
"4513","Nepeta × faassenii 'Purrsian Blue'",1
"4514","Nepeta × faassenii 'Six Hills Giant'",1
"4515","Nepeta × faassenii 'Snowflake'",1
"4516","Nepeta mussinii 'Blue Wonder'",1
"4517","Nepeta mussinii Henckel",1
"4518","Nigella damascena L.",1
"4519","Nyssa sylvatica 'Autumn Cascade'",1
"4520","Oenothera perennis L.",1
"4521","Oenothera serrulata Nutt.",1
"4522","Onopordum acanthium L.",1
"4523","Opuntia polyacantha Haw.",1
"4524","Origanum libanoticum Boiss.",1
"4525","Orixa japonica 'Aurea'",1
"4526","Osmaronia cerasiformis (Torr. & A.Gray) Greene",1
"4527","Osmunda claytoniana L.",1
"4528","Osmunda regalis var. spectabilis (Willd.) A.Gray",1
"4529","Ostrya virginiana var. glandulosa (Spach) Sarg.",1
"4530","Paconia delavayi Franch.",1
"4531","Paeonia 'Black Douglas'",1
"4532","Paeonia 'Black Pirate'",1
"4533","Paeonia 'Celestial'",1
"4534","Paeonia 'Cora Stubbs'",1
"4535","Paeonia 'Dai Jo Kuhan'",1
"4536","Paeonia 'Dinner Plate'",1
"4537","Paeonia 'Dolorodell'",1
"4538","Paeonia 'Doreen'",1
"4539","Paeonia 'Flame'",1
"4540","Paeonia 'Garden Peace'",1
"4541","Paeonia 'Janice'",1
"4542","Paeonia 'June Rose'",1
"4543","Paeonia 'Krinkled White'",1
"4544","Paeonia 'Lois Kelsey'",1
"4545","Paeonia 'Miss America'",1
"4546","Paeonia 'Moonstar'",1
"4547","Paeonia 'Nick Shaylor'",1
"4548","Paeonia 'Paula Fay'",1
"4549","Paeonia 'Pink Dawn'",1
"4550","Paeonia 'Pink Hawaiian Coral'",1
"4551","Paeonia 'Raspberry Clown'",1
"4552","Paeonia 'Red Charm'",1
"4553","Paeonia 'Salmon Glow'",1
"4554","Paeonia 'Santa Fe'",1
"4555","Paeonia 'Shaylors Sunburst'",1
"4556","Paeonia 'Souvenir de Maxime Cornu'",1
"4557","Paeonia 'Top Brass'",1
"4558","Paeonia lactiflora 'Doctor Alexander Fleming'",1
"4559","Paeonia lactiflora 'John Howard Wigell'",1
"4560","Paeonia lactiflora 'Monsieur Jules Elie'",1
"4561","Paeonia obovata",1
"4562","Paeonia suffruticosa 'Ohgonsome'",1
"4563","Paeonia suffruticosa 'Rimpoh'",1
"4564","Paeonia suffruticosa 'Ukaregi-ohi'",1
"4565","Panicum virgatum 'Cheyenne Sky'",1
"4566","Panicum virgatum 'Heavy Metal'",1
"4567","Panicum virgatum 'Rehbraun'",1
"4568","Pardancanda norissa",1
"4569","Parrotia persica 'Red Bull'",1
"4570","Parrotiopsis jacquemontiana (Decne.) Rehder",1
"4571","Parthenocissus tricuspidata (Siebold & Zucc.) Planch.",1
"4572","Pellaea atropurpurea (L.) Link",1
"4573","Penstemon 'Prairie Splendor'",1
"4574","Penstemon × mexicali 'Pikes Peak Purple'",1
"4575","Penstemon calycosus Small",1
"4576","Penstemon digitalis 'Pocahontas'",1
"4577","Penstemon fruticosus (Pursh) Greene",1
"4578","Penstemon fruticosus var. scouleri (Lindl.) Cronquist",1
"4579","Penstemon hirsutus (L.) Willd.",1
"4580","Penstemon pallidus Small",1
"4581","Perovskia abrotanoides × atriplicifolia",1
"4582","Perovskia atriplicifolia 'WALPPB'",1
"4583","Petteria ramentacea (Sieber) C.Presl",1
"4584","Phellodendron piriforme E.Wolf",1
"4585","Philadelphus 'Slavinii'",1
"4586","Philadelphus caucasicus Koehne",1
"4587","Philadelphus virginalis 'Minnesota Snowflake' [1]",1
"4588","Phlox 'Opening Act Blush'",1
"4589","Phlox 'White Delight'",1
"4590","Phlox divaricata L.",1
"4591","Phlox paniculata 'Bright Eyes'",1
"4592","Phlox paniculata 'Ditomdre'",1
"4593","Phlox paniculata 'Fairest One'",1
"4594","Phlox paniculata 'Franz Schubert'",1
"4595","Phlox paniculata 'Lord Clayton'",1
"4596","Phlox paniculata 'Shortwood'",1
"4597","Phlox pilosa L.",1
"4598","Phlox subulata 'Emerald Pink'",1
"4599","Physocarpus opulifolius 'Center Glow'",1
"4600","Physocarpus opulifolius 'Jefam'",1
"4601","Physocarpus opulifolius 'Lady in Red'",1
"4602","Physostegia virginiana 'Miss Manners'",1
"4603","Physostegia virginiana (L.) Benth.",1
"4604","Picea × albertiana 'Conica'",1
"4605","Picea × albertiana S.Br.",1
"4606","Picea abies 'Aurea'",1
"4607","Picea abies 'Borealis'",1
"4608","Picea abies 'Conica'",1
"4609","Picea abies 'Finedonensis'",1
"4610","Picea abies 'Gregoryana Parsonsii'",1
"4611","Picea abies 'Gregoryana'",1
"4612","Picea abies 'Little Gem'",1
"4613","Picea abies 'Mucronata'",1
"4614","Picea abies 'Remontii'",1
"4615","Picea abies 'Repens'",1
"4616","Picea abies 'Viminalis'",1
"4617","Picea abies × jezoensis var. hondoensis",1
"4618","Picea glauca 'Boring'",1
"4619","Picea glauca 'Densata'",1
"4620","Picea glauca 'Echiniformis'",1
"4621","Picea jezoensis 'Landis'",1
"4622","Picea omorika 'Nana'",1
"4623","Picea omorika 'Pendula Bruns'",1
"4624","Picea orientalis 'Bergman's Gem'",1
"4625","Picea orientalis 'Compacta'",1
"4626","Picea orientalis 'Skylands'",1
"4627","Picea pungens 'Fat Albert'",1
"4628","Picea pungens 'Gebelle'",1
"4629","Picea pungens 'Glauca Procumbens'",1
"4630","Picea pungens 'Glauca'",1
"4631","Picea pungens 'Iseli Foxtail'",1
"4632","Picea pungens 'Montgomery'",1
"4633","Picea pungens 'Thume'",1
"4634","Picea pungens 'Wisconsin Cream'",1
"4635","Picea pungens 'Woodstock'",1
"4636","Picea sitchensis (Bong.) Carrière",1
"4637","Pilea microphylla Liebm.",1
"4638","Pinus × schwerinii Fitschen",1
"4639","Pinus ayacahuite × strobus",1
"4640","Pinus banksiana 'Manomet'",1
"4641","Pinus cembra 'Stricta'",1
"4642","Pinus densiflora 'Globosa'",1
"4643","Pinus densiflora 'Low Glow'",1
"4644","Pinus densiflora 'Oculus-draconis'",1
"4645","Pinus densiflora 'Pendula'",1
"4646","Pinus heldreichii H.Christ",1
"4647","Pinus koraiensis 'Dragon's Eye'",1
"4648","Pinus koraiensis 'Winton'",1
"4649","Pinus monticola 'Crawford'",1
"4650","Pinus mugo 'Bubikopf'",1
"4651","Pinus mugo 'Gnom'",1
"4652","Pinus mugo 'Gold Spire'",1
"4653","Pinus mugo 'Slowmound'",1
"4654","Pinus nigra 'Arnold Sentinel'",1
"4655","Pinus nigra 'Hornibrookiana'",1
"4656","Pinus nigra 'Pierrick Bregéon'",1
"4657","Pinus nigra subsp. pallasiana (Lamb.) Holmb.",1
"4658","Pinus parviflora 'Adcocks Dwarf'",1
"4659","Pinus parviflora 'Blue Wave'",1
"4660","Pinus parviflora 'Peterson'",1
"4661","Pinus parviflora 'Watnong'",1
"4662","Pinus peuce 'Jeddeloh'",1
"4663","Pinus ponderosa 'Twodot Columnar'",1
"4664","Pinus pumila 'Glauca'",1
"4665","Pinus radiata D.Don",1
"4666","Pinus sibirica Du Tour",1
"4667","Pinus strobus 'Mini Twists'",1
"4668","Pinus strobus 'Vercurve'",1
"4669","Pinus sylvestriformis (Taken.) T.Wang et W.C.Cheng",1
"4670","Pinus sylvestris 'Beuvronensis'",1
"4671","Pinus sylvestris 'Glauca Nana'",1
"4672","Pinus sylvestris 'Gold Coin'",1
"4673","Pinus sylvestris 'Hillside Creeper'",1
"4674","Pinus sylvestris var. hamata Steven",1
"4675","Plantago cordata Lam.",1
"4676","Platanus × acerifolia 'Morton Euclid'",1
"4677","Platanus × hispanica 'National Arb. selection'",1
"4678","Platanus orientalis L.",1
"4679","Platycladus orientalis 'Holman'",1
"4680","Platycrater arguta Siebold & Zucc.",1
"4681","Podophyllum peltatum L.",1
"4682","Polygonatum",1
"4683","Polygonatum 'Prince Charming'",1
"4684","Polygonatum commutatum",1
"4685","Polygonatum odoratum (Mill.) Druce",1
"4686","Polygonatum odoratum var. pluriflorum 'Variegatum'",1
"4687","Polygonum cuspidatum Siebold & Zucc.",1
"4688","Polypodium virginianum L.",1
"4689","Polystichum braunii (Spenn.) Fée",1
"4690","Polystichum polyblepharum (Roem. ex Kunze) C.Presl",1
"4691","Polytaenia nuttallii DC.",1
"4692","Populus × smithii Boivin",1
"4693","Populus afghanica (Aitch. & Hemsl.) C.K.Schneid.",1
"4694","Populus angustifolia James",1
"4695","Populus deltoides 'Colmar'",1
"4696","Populus nigra var. thevestina (Dode) Bean",1
"4697","Populus purdomii Rehder",1
"4698","Populus simonii f. fastigiata C.K.Schneid.",1
"4699","Populus tremula 'Erecta'",1
"4700","Populus violascens Dode",1
"4701","Potentilla fruticosa 'Coronation Triumph'",1
"4702","Potentilla fruticosa 'Friedrichsenii'",1
"4703","Potentilla fruticosa 'Gold Star'",1
"4704","Potentilla fruticosa 'Knaphill'",1
"4705","Potentilla fruticosa 'Maanelys'",1
"4706","Potentilla fruticosa 'Sommerflor'",1
"4707","Potentilla fruticosa 'Stockers Variety'",1
"4708","Potentilla fruticosa var. davurica (Nestl.) Ser.",1
"4709","Potentilla leucopolitana P.J.Müll.",1
"4710","Potentilla neumanniana 'Nana'",1
"4711","Potentilla verna",1
"4712","Prunus 'Berry'",1
"4713","Prunus 'JFS-KW14'",1
"4714","Prunus 'Snofozam'",1
"4715","Prunus × cistena (Hansen) Koehne",1
"4716","Prunus × fruticans Weihe",1
"4717","Prunus avium 'Schnee'",1
"4718","Prunus cerasifera 'Atropurpurea'",1
"4719","Prunus domestica 'Plantierensis'",1
"4720","Prunus jacquemontii Hook.f.",1
"4721","Prunus padus 'Spaethii'",1
"4722","Prunus padus var. pubescens Regel & Tiling",1
"4723","Prunus pensylvanica 'Plena'",1
"4724","Prunus pumila L.",1
"4725","Prunus pumila var. depressa 'Gus Melquist'",1
"4726","Prunus sargentii 'Hokkaido Normandale'",1
"4727","Prunus sargentii 'JFS KW21PS'",1
"4728","Prunus serrulata subsp. pubescens sancta Lindl.",1
"4729","Prunus subhirtella 'Pendula Plena Rosea'",1
"4730","Prunus subhirtella 'Plena Rosea'",1
"4731","Prunus tenella f. alba (C.K.Schneid.) Rehder",1
"4732","Prunus tianshanica",1
"4733","Prunus triloba f. simplex (Bunge) Rehder",1
"4734","Prunus virginiana var. demissa (Torr. & A.Gray) Torr.",1
"4735","Pseudotsuga menziesii 'Marshall'",1
"4736","Pseudotsuga taxifolia var. glauca",1
"4737","Pterocarya stenoptera 'Laciniata'",1
"4738","Pterocarya stenoptera var. brevialata Pamp.",1
"4739","Pterostyrax corymbosus Siebold & Zucc.",1
"4740","Pulmonaria 'Bielefeld Pink'",1
"4741","Pulmonaria 'British Sterling'",1
"4742","Pulmonaria 'Little Star'",1
"4743","Pulmonaria longifolia 'Diana Clare'",1
"4744","Pulmonaria longifolia var. cevennensis",1
"4745","Pulmonaria saccharata 'Mrs. Moon'",1
"4746","Pulsatilla vulgaris Mill.",1
"4747","Pycnanthemum muticum (Michx.) Pers.",1
"4748","Pyracantha crenulata (D.Don) M.Roem.",1
"4749","Pyrus 'Edgewood'",1
"4750","Pyrus 'NCPX2'",1
"4751","Pyrus 'Prairie Maid'",1
"4752","Pyrus 'Simcoe'",1
"4753","Pyrus × michauxii Bosc ex Poir.",1
"4754","Pyrus × soulardii 'Red Tip Crab'",1
"4755","Pyrus × soulardii (Bailey) Britton",1
"4756","Pyrus baccata var. himalaica C.K.Schneid.",1
"4757","Pyrus calleryana 'Aristocrat'",1
"4758","Pyrus calleryana 'Chanticleer'",1
"4759","Pyrus calleryana var. graciliflora Rehder",1
"4760","Pyrus caucasica Fed.",1
"4761","Pyrus dawsoniana Rehder",1
"4762","Pyrus hupehensis var. rosea Rehder",1
"4763","Pyrus ioensis 'Plena'",1
"4764","Pyrus ioensis var. palmeri (Rehder) L.H.Bailey",1
"4765","Pyrus lecontei Rehder",1
"4766","Pyrus pashia var. kumaoni (Decne.) Stapf",1
"4767","Pyrus pumilla Mill.",1
"4768","Pyrus regelii Rehder",1
"4769","Pyrus salicifolia Pall.",1
"4770","Pyrus sylvestris 'Plena'",1
"4771","Pyrus ussuriensis 'MorDak'",1
"4772","Pyrus ussuriensis var. hondoensis (Kikuchi & Nakai) Rehder",1
"4773","Quercus 'JFS-KW2QX'",1
"4774","Quercus × bimundorum 'Midwest'",1
"4775","Quercus × fontana Laughlin",1
"4776","Quercus × ludoviciana var. microcarpa (Dippel) Rehder",1
"4777","Quercus × megaleia Laughlin",1
"4778","Quercus × sternbergii Lamant & Coombes",1
"4779","Quercus × turneri 'Pseudoturneri'",1
"4780","Quercus baronii Skan",1
"4781","Quercus chrysolepis Liebm.",1
"4782","Quercus coccifera L.",1
"4783","Quercus faginea Lam.",1
"4784","Quercus falcata Michx. [1]",1
"4785","Quercus frainetto Ten.",1
"4786","Quercus franchetii Skan",1
"4787","Quercus fusiformis Small",1
"4788","Quercus gambelii × macrocarpa",1
"4789","Quercus lobata Nee",1
"4790","Quercus macranthera Fisch. & C.A.Mey. ex Hohen.",1
"4791","Quercus mohriana Buckley ex Rydb.",1
"4792","Quercus nigra L.",1
"4793","Quercus palmeri Engelm.",1
"4794","Quercus palustris 'Sovereign'",1
"4795","Quercus pubescens Willd.",1
"4796","Quercus robur 'Fastigiata Cupressinoide'",1
"4797","Quercus robur 'Fastigiata Purpurea'",1
"4798","Quercus robur 'Pendula'",1
"4799","Quercus robur 'Skymaster'",1
"4800","Quercus robur 'Variegata'",1
"4801","Quercus schottkyana Rehder & E.H.Wilson",1
"4802","Quercus serrata Thunb.",1
"4803","Quercus similis Ashe",1
"4804","Quercus texana 'New Madrid'",1
"4805","Quercus trojana Webb",1
"4806","Quercus turbinella Greene",1
"4807","Ranunculus repens 'Pleniflorus'",1
"4808","Reseda odorata L.",1
"4809","Rhamnus alpina L.",1
"4810","Rhamnus costata",1
"4811","Rhamnus davurica Pall.",1
"4812","Rhamnus dolicophylla Gontsch.",1
"4813","Rhamnus koraiensis C.K.Schneid.",1
"4814","Rhamnus leptophylla C.K.Schneid.",1
"4815","Rhododendron 'America'",1
"4816","Rhododendron 'Anna Baldsiefen'",1
"4817","Rhododendron 'Apricot Surprise'",1
"4818","Rhododendron 'April Snow'",1
"4819","Rhododendron 'Balzac'",1
"4820","Rhododendron 'Belle Heller'",1
"4821","Rhododendron 'Blue Stem'",1
"4822","Rhododendron 'Caractacus'",1
"4823","Rhododendron 'Caroline Gable'",1
"4824","Rhododendron 'Chionoides'",1
"4825","Rhododendron 'Dora Amateis'",1
"4826","Rhododendron 'Dorothy Amateis'",1
"4827","Rhododendron 'Elizabeth Gable'",1
"4828","Rhododendron 'Everestianum'",1
"4829","Rhododendron 'Firefly'",1
"4830","Rhododendron 'Girards Fuschia'",1
"4831","Rhododendron 'Herbert'",1
"4832","Rhododendron 'Hino-crimson'",1
"4833","Rhododendron 'Hotspur'",1
"4834","Rhododendron 'Ice Cube'",1
"4835","Rhododendron 'Ilam x Cecile'",1
"4836","Rhododendron 'King Tut'",1
"4837","Rhododendron 'Lavender Queen'",1
"4838","Rhododendron 'Lodestar'",1
"4839","Rhododendron 'Madame Gustave Guillemot'",1
"4840","Rhododendron 'Milestone'",1
"4841","Rhododendron 'Mrs. Charles S. Sargent'",1
"4842","Rhododendron 'Nadine'",1
"4843","Rhododendron 'Olga Mezitt'",1
"4844","Rhododendron 'Orange Ball'",1
"4845","Rhododendron 'Prize'",1
"4846","Rhododendron 'Romeo'",1
"4847","Rhododendron 'Roseum Pink'",1
"4848","Rhododendron 'Rosy Lights'",1
"4849","Rhododendron 'Royal Lodge'",1
"4850","Rhododendron 'Royalty'",1
"4851","Rhododendron 'Shams Ruby'",1
"4852","Rhododendron 'Smoky Mountaineer'",1
"4853","Rhododendron 'Spring Dawn'",1
"4854","Rhododendron 'Spring Parade'",1
"4855","Rhododendron 'Staccato'",1
"4856","Rhododendron 'Tang'",1
"4857","Rhododendron 'Tapestry'",1
"4858","Rhododendron 'Tintoretto'",1
"4859","Rhododendron 'Violet Gordon'",1
"4860","Rhododendron 'White Cap'",1
"4861","Rhododendron 'White Swan'",1
"4862","Rhododendron 'Windbeam'",1
"4863","Rhododendron 'Woodlawn'",1
"4864","Rhododendron 'Wyanokie'",1
"4865","Rhododendron 'Zuiderzee'",1
"4866","Rhododendron atlanticum (Ashe) Rehder",1
"4867","Rhododendron brachycarpum D.Don ex G.Don",1
"4868","Rhododendron calendulaceum var. aurantium (Lodd.) Rehder",1
"4869","Rhododendron canadense (L.) Torr.",1
"4870","Rhododendron chapmanii Gray",1
"4871","Rhododendron fortunei '#1020'",1
"4872","Rhododendron fortunei Lindl.",1
"4873","Rhododendron kiusianum Makino",1
"4874","Rhododendron metternichii Siebold & Zucc.",1
"4875","Rhododendron molle 'Fillmore'",1
"4876","Rhododendron mucronulatum 'Cornell Pink'",1
"4877","Rhododendron myrtifolium Schott & Kotschy",1
"4878","Rhododendron periclymenoides (Michx.) Shinners",1
"4879","Rhododendron radicans Balf.f. & Forrest",1
"4880","Rhododendron vaseyi 'White Find'",1
"4881","Rhododendron yedoense Maxim. ex Regel",1
"4882","Rhus aromatica 'Green Globe'",1
"4883","Rhus aromatica 'Select A'",1
"4884","Rhus glabra 'Laciniata'",1
"4885","Rhus javanica Thunb.",1
"4886","Rhus typhina 'Bailtiger'",1
"4887","Ribes × holosericeum Otto & D.Dietr.",1
"4888","Ribes adoratum H.L.Wendl.",1
"4889","Ribes cereum Douglas",1
"4890","Ribes cynosbati L.",1
"4891","Ribes diacanthum Pall.",1
"4892","Ribes divaricatum Douglas",1
"4893","Ribes glandulosum Grauer ex Weber",1
"4894","Robinia × ambigua 'Bella Rosea'",1
"4895","Robinia × holdtii Beissn.",1
"4896","Robinia × margaretiae Ashe",1
"4897","Robinia elliottii (Chapm.) Ashe",1
"4898","Robinia hispida 'Macrophylla'",1
"4899","Robinia nana Elliot",1
"4900","Robinia neomexicana Gray",1
"4901","Robinia pseudoacacia 'Bessoniana'",1
"4902","Robinia pseudoacacia 'Decaisneana'",1
"4903","Robinia pseudoacacia 'Umbraculifera'",1
"4904","Rosa 'A. MacKenzie'",1
"4905","Rosa 'Adelaide Hoodless'",1
"4906","Rosa 'Arends'",1
"4907","Rosa 'BAIcker'",1
"4908","Rosa 'BAIcream'",1
"4909","Rosa 'BAIeye'",1
"4910","Rosa 'BAIface'",1
"4911","Rosa 'BAIhero'",1
"4912","Rosa 'BAIing'",1
"4913","Rosa 'BAIoon'",1
"4914","Rosa 'BAIsme'",1
"4915","Rosa 'BAIsta'",1
"4916","Rosa 'Carmenetta'",1
"4917","Rosa 'Cherry Red'",1
"4918","Rosa 'Crepe de Chine'",1
"4919","Rosa 'David Thompson'",1
"4920","Rosa 'Dicgrow'",1
"4921","Rosa 'Dr. W. Van Fleet'",1
"4922","Rosa 'Harisonii'",1
"4923","Rosa 'Harrisons Yellow'",1
"4924","Rosa 'Henry Kelsey'",1
"4925","Rosa 'Jaciat'",1
"4926","Rosa 'John Cabot'",1
"4927","Rosa 'Love'",1
"4928","Rosa 'Meipomolo'",1
"4929","Rosa 'Meipotal'",1
"4930","Rosa 'Melodomonac'",1
"4931","Rosa 'Mordens Blush'",1
"4932","Rosa 'New Dawn'",1
"4933","Rosa 'New Day'",1
"4934","Rosa 'Pink Simplicity'",1
"4935","Rosa 'Radyod'",1
"4936","Rosa 'Sweet Afton'",1
"4937","Rosa 'The Fairy Rose'",1
"4938","Rosa 'William Baffin'",1
"4939","Rosa 'Zephirine Drouhin'",1
"4940","Rosa × alba L.",1
"4941","Rosa aff. koriagenii",1
"4942","Rosa alberti Regel",1
"4943","Rosa alpinum 'Pumilum'",1
"4944","Rosa arvensis Huds.",1
"4945","Rosa caudata L.",1
"4946","Rosa centifolia 'De Meaux'",1
"4947","Rosa elliptica Tausch",1
"4948","Rosa foetida Herrm.",1
"4949","Rosa horrida Fisch.",1
"4950","Rosa johannensis Fernald",1
"4951","Rosa laxa Retz.",1
"4952","Rosa marschalliana Sosn.",1
"4953","Rosa moschata Herrm.",1
"4954","Rosa muriculata Greene",1
"4955","Rosa nutkana Pall.",1
"4956","Rosa nutkana var. hispida Fernald",1
"4957","Rosa pokornyana Borbás",1
"4958","Rosa pomifera Herrm.",1
"4959","Rosa prilipkoana Sosn.",1
"4960","Rosa roxburghii var. normalis Rehder & E.H.Wilson",1
"4961","Rosa rugosa 'Alba'",1
"4962","Rosa rugosa 'Marie Bugnet'",1
"4963","Rosa ultramontana (S.Watson) A.Heller",1
"4964","Rosmarinus officinalis L.",1
"4965","Rubus",1
"4966","Rubus caesius L.",1
"4967","Rubus deliciosus Torr.",1
"4968","Rubus idaeus var. strigosus (Michx.) Maxim.",1
"4969","Rubus laciniatus Willd.",1
"4970","Rubus thibetanus Franch.",1
"4971","Rudbeckia fulgida Aiton",1
"4972","Rudbeckia fulgida var. speciosa (Wender.) Perdue",1
"4973","Rudbeckia nitida 'Herbstsonne'",1
"4974","Rudbeckia subtomentosa 'Henry Eilers'",1
"4975","Rudbeckia subtomentosa 'Little Henry'",1
"4976","Rudbeckia triloba L.",1
"4977","Saccharum ravennae (L.) L.",1
"4978","Sagina procumbens L.",1
"4979","Salix",1
"4980","Salix × blanda Andersson",1
"4981","Salix acutifolia Willd.",1
"4982","Salix appendiculata Vill.",1
"4983","Salix arbutifolia Pall.",1
"4984","Salix babylonica L.",1
"4985","Salix candida Fluegge ex Willd.",1
"4986","Salix gracilistyla Miq.",1
"4987","Salix integra 'Hakuro-nishiki'",1
"4988","Salix matsudana 'Pendula'",1
"4989","Salix matsudana 'Umbraculifera'",1
"4990","Salix nigra Marshall",1
"4991","Salix pentandra 'Silver Lake'",1
"4992","Salix syrticola Fernald",1
"4993","Salvia × sylvestris 'Blauhügel'",1
"4994","Salvia azurea var. grandiflora Benth.",1
"4995","Salvia farinacea Benth.",1
"4996","Salvia nemorosa 'Ave Maria'",1
"4997","Salvia nemorosa 'Burgundy Candles'",1
"4998","Salvia nemorosa 'Crystal Blue'",1
"4999","Salvia nemorosa 'Lubeca'",1
"5000","Salvia nemorosa 'Marcus'",1
"5001","Salvia nemorosa 'Ostfriesland'",1
"5002","Salvia nemorosa 'Rosenwein'",1
"5003","Salvia nemorosa 'Sensation Rose'",1
"5004","Salvia officinalis 'Aurea'",1
"5005","Salvia officinalis 'Minimus'",1
"5006","Salvia pratensis 'Indigo'",1
"5007","Sambucus canadensis 'Aurea'",1
"5008","Sambucus nigra 'Marginata'",1
"5009","Sambucus racemosa subsp. pubens (Michx.) House [2]",1
"5010","Sanguinaria canadensis L.",1
"5011","Sanguisorba obtusa",1
"5012","Santolina chamaecyparissus L.",1
"5013","Saruma henryi Oliv.",1
"5014","Sasa palmata (Hort. ex Burb.) E.G.Camus",1
"5015","Satureja georgiana (R.M.Harper) Ahles",1
"5016","Schisandra sphenanthera Rehder & E.H.Wilson",1
"5017","Schizachyrium scoparium 'Jazz'",1
"5018","Schizachyrium scoparium 'MinnblueA'",1
"5019","Schizachyrium scoparium 'The Blues'",1
"5020","Schizophragma hydrangeoides 'Moonlight'",1
"5021","Scirpus cyperinus (L.) Kunth",1
"5022","Sedum",1
"5023","Sedum 'Dazzleberry'",1
"5024","Sedum 'Herbstreude'",1
"5025","Sedum 'T Rex'",1
"5026","Sedum album 'Murale'",1
"5027","Sedum iwarenge (Makino) Makino",1
"5028","Sedum kamtschaticum Fisch.",1
"5029","Sedum middendorffianum var. diffusum",1
"5030","Sedum sarmentosum",1
"5031","Sedum spurium 'Schorbuser Blut'",1
"5032","Sempervivum purpureum",1
"5033","Silene stellata (L.) W.T.Aiton",1
"5034","Silphium perfoliatum L.",1
"5035","Sisyrinchium albidum Raf.",1
"5036","Solanum dulcamara L.",1
"5037","Solidago 'Goldkind'",1
"5038","Solidago flexicaulis 'Variegata'",1
"5039","Solidago juncea Aiton",1
"5040","Sophora davidii (Franch.) Skeels",1
"5041","Sophora japonica 'Pendula'",1
"5042","Sorbaria",1
"5043","Sorbaria aitchisonii Hemsl.",1
"5044","Sorbaria tomentosa (Lindl.) Rehder",1
"5045","Sorbus",1
"5046","Sorbus × thuringiaca 'Leonard Springer'",1
"5047","Sorbus aria 'Lutescens'",1
"5048","Sorbus aucuparia 'Coles Columnar #7'",1
"5049","Sorbus aucuparia 'Fastigiata'",1
"5050","Sorbus aucuparia 'Pendula Variegata'",1
"5051","Sorbus aucuparia subsp. glabrata (Wimm. & Grab.) Hayek",1
"5052","Sorbus chamaemespilus (L.) Crantz",1
"5053","Sorbus domestica L.",1
"5054","Sorbus esserteauiana Koehne",1
"5055","Sorbus scopulina Greene",1
"5056","Sorbus sibirica Hedl.",1
"5057","Spartium junceum L.",1
"5058","Sphenopholis obtusata (Michx.) Scribn.",1
"5059","Spigelia marilandica (L.) L.",1
"5060","Spiraea 'Snow-White'",1
"5061","Spiraea × billiardii Herincq",1
"5062","Spiraea × pyramidata Greene",1
"5063","Spiraea × semperflorens Zabel",1
"5064","Spiraea × vanhouttei 'Renaissance'",1
"5065","Spiraea arcuata Hook.f.",1
"5066","Spiraea beauverdiana C.K.Schneid.",1
"5067","Spiraea canescens D.Don",1
"5068","Spiraea densiflora Nutt. ex Rydb.",1
"5069","Spiraea fritschiana var. angulata (Fritsch ex C.K.Schneid.) Rehder",1
"5070","Spiraea fritschiana var. parvifolia Liou",1
"5071","Spiraea japonica 'Albiflora'",1
"5072","Spiraea japonica 'Galen'",1
"5073","Spiraea japonica 'Goldenflake'",1
"5074","Spiraea japonica 'Goldmound'",1
"5075","Spiraea japonica 'Pygmaea'",1
"5076","Spiraea japonica 'Walluf'",1
"5077","Spiraea lucida Greene",1
"5078","Spiraea rosthornii E.Pritz. ex Diels",1
"5079","Spiraea thunbergii 'Compacta'",1
"5080","Spiraea thunbergii 'Fujino'",1
"5081","Spiraea thunbergii 'Mt. Fuji'",1
"5082","Spiraea tomentosa L.",1
"5083","Spiraea tomentosa var. rosea (Raf.) Fernald",1
"5084","Spodiopogon sibiricus Trin.",1
"5085","Stachys byzantina 'Silver Carpet'",1
"5086","Stokesia laevis (Hill) Greene",1
"5087","Stranvaesia davidiana Decne.",1
"5088","Stranvaesia davidiana var. undulata (Decne.) Rehder & E.H.Wilson",1
"5089","Styrax confusus Hemsl.",1
"5090","Styrax japonicus 'Burgundy Moon'",1
"5091","Styrax japonicus 'JFS 6SJ'",1
"5092","Styrax japonicus 'Spring Showers'",1
"5093","Symphoricarpos × doorenbosii 'White Hedge'",1
"5094","Symphoricarpos oreophilus Gray",1
"5095","Symphyotrichum novae-angliae (L.) G.L.Nesom",1
"5096","Symphyotrichum sericeum (Vent.) G.L.Nesom",1
"5097","Syringa 'Assessippi'",1
"5098","Syringa 'Bailsugar'",1
"5099","Syringa 'Berryer'",1
"5100","Syringa 'Catinat'",1
"5101","Syringa 'Cheyenne'",1
"5102","Syringa 'Esther Staley'",1
"5103","Syringa 'Excel'",1
"5104","Syringa 'Louvois'",1
"5105","Syringa 'Penda'",1
"5106","Syringa 'Prairial'",1
"5107","Syringa 'Regan'",1
"5108","Syringa 'Saugeana'",1
"5109","Syringa 'Scotia'",1
"5110","Syringa 'Splendor'",1
"5111","Syringa 'Sunset'",1
"5112","Syringa × assessippi 'Dilatata'",1
"5113","Syringa × chinensis 'Metensis'",1
"5114","Syringa × diversifolia 'William H. Judd'",1
"5115","Syringa × prestoniae 'James Macfarlane'",1
"5116","Syringa × prestoniae McKelvey",1
"5117","Syringa × swegiflexa Hesse",1
"5118","Syringa josikaea Jacq.",1
"5119","Syringa oblata 'Giraldii Nana'",1
"5120","Syringa reticulata subsp. pekinensis 'Zhang Zhiming'",1
"5121","Syringa reticulata subsp. reticulata 'Bailnce'",1
"5122","Syringa reticulata subsp. reticulata 'Elliott'",1
"5123","Syringa sargentiana C.K.Schneid.",1
"5124","Syringa villosa 'Charles Hepburn'",1
"5125","Syringa vulgaris 'Abel Carriere'",1
"5126","Syringa vulgaris 'Alphonse Lavallee'",1
"5127","Syringa vulgaris 'Ami Schott'",1
"5128","Syringa vulgaris 'Anna Elizabeth Jacquet'",1
"5129","Syringa vulgaris 'Arthur William Paul'",1
"5130","Syringa vulgaris 'Aurea'",1
"5131","Syringa vulgaris 'Bleuatre'",1
"5132","Syringa vulgaris 'Calvin C. Laney'",1
"5133","Syringa vulgaris 'Capitaine Baltet'",1
"5134","Syringa vulgaris 'Carmen'",1
"5135","Syringa vulgaris 'Charles Sargent'",1
"5136","Syringa vulgaris 'Clarence D. Van Zandt'",1
"5137","Syringa vulgaris 'Comte de Horace Choiseul'",1
"5138","Syringa vulgaris 'De Miribel'",1
"5139","Syringa vulgaris 'Directeur Doorenbos'",1
"5140","Syringa vulgaris 'Doyen Keteleer'",1
"5141","Syringa vulgaris 'Dr. Charles Jacobs'",1
"5142","Syringa vulgaris 'Dr. Lindley'",1
"5143","Syringa vulgaris 'Edith Cavell'",1
"5144","Syringa vulgaris 'Edmond Boissier'",1
"5145","Syringa vulgaris 'Ellie Marie'",1
"5146","Syringa vulgaris 'Emile Lemoine'",1
"5147","Syringa vulgaris 'Erzherzog Johann'",1
"5148","Syringa vulgaris 'Frau Bertha Dammann'",1
"5149","Syringa vulgaris 'G. J. Baardse'",1
"5150","Syringa vulgaris 'Geheimrat Heyder'",1
"5151","Syringa vulgaris 'General Elwell S. Otis'",1
"5152","Syringa vulgaris 'General Grant'",1
"5153","Syringa vulgaris 'Georges Bellair'",1
"5154","Syringa vulgaris 'Goliath'",1
"5155","Syringa vulgaris 'Henry Ward Beecher'",1
"5156","Syringa vulgaris 'Irvina'",1
"5157","Syringa vulgaris 'Jacques Callot'",1
"5158","Syringa vulgaris 'Jessie Gardner'",1
"5159","Syringa vulgaris 'Joan Dunbar'",1
"5160","Syringa vulgaris 'Jules Ferry'",1
"5161","Syringa vulgaris 'Jules Simon'",1
"5162","Syringa vulgaris 'Laplace'",1
"5163","Syringa vulgaris 'Le Gaulois'",1
"5164","Syringa vulgaris 'Lemoinei'",1
"5165","Syringa vulgaris 'Leon Aimon'",1
"5166","Syringa vulgaris 'Leon Mathieu'",1
"5167","Syringa vulgaris 'Leon Simon'",1
"5168","Syringa vulgaris 'Leopold II'",1
"5169","Syringa vulgaris 'LOncle Tom'",1
"5170","Syringa vulgaris 'Lucie Baltet'",1
"5171","Syringa vulgaris 'Marc Micheli'",1
"5172","Syringa vulgaris 'Margot Grunewald'",1
"5173","Syringa vulgaris 'Marichal Foch'",1
"5174","Syringa vulgaris 'Marichal Lannes'",1
"5175","Syringa vulgaris 'Marie Finon'",1
"5176","Syringa vulgaris 'Marie Legraye'",1
"5177","Syringa vulgaris 'Mathieu de Dombasle'",1
"5178","Syringa vulgaris 'Maureen'",1
"5179","Syringa vulgaris 'Maxime Cornu'",1
"5180","Syringa vulgaris 'Midwest Gem'",1
"5181","Syringa vulgaris 'Milton'",1
"5182","Syringa vulgaris 'Mme. Abel Chatenay'",1
"5183","Syringa vulgaris 'Mme. Antione Buchner'",1
"5184","Syringa vulgaris 'Mme. de Miller'",1
"5185","Syringa vulgaris 'Mme. F. Morel'",1
"5186","Syringa vulgaris 'Mme. Felix'",1
"5187","Syringa vulgaris 'Mme. R. Foyer'",1
"5188","Syringa vulgaris 'Montgolfier'",1
"5189","Syringa vulgaris 'Monument Carnot'",1
"5190","Syringa vulgaris 'Mrs. Calvin Coolidge'",1
"5191","Syringa vulgaris 'Mrs. W. E. Marshall'",1
"5192","Syringa vulgaris 'Negro'",1
"5193","Syringa vulgaris 'Niebo Moskvy'",1
"5194","Syringa vulgaris 'Nievl Moskvy'",1
"5195","Syringa vulgaris 'Nigricans'",1
"5196","Syringa vulgaris 'Olimpiada Koliesnikova'",1
"5197","Syringa vulgaris 'Olivier de Serres'",1
"5198","Syringa vulgaris 'Patrick Henry'",1
"5199","Syringa vulgaris 'Paul Hanoy'",1
"5200","Syringa vulgaris 'Paul Thirion'",1
"5201","Syringa vulgaris 'Peau de Chamois'",1
"5202","Syringa vulgaris 'Perle Von Stuttgart'",1
"5203","Syringa vulgaris 'President Grevy'",1
"5204","Syringa vulgaris 'President Lincoln'",1
"5205","Syringa vulgaris 'President Loubet'",1
"5206","Syringa vulgaris 'Prince Notger'",1
"5207","Syringa vulgaris 'Princess Alexandra'",1
"5208","Syringa vulgaris 'Princesse Camille de Roh'",1
"5209","Syringa vulgaris 'Princesse Clementine'",1
"5210","Syringa vulgaris 'Princesse Marie'",1
"5211","Syringa vulgaris 'Prodige'",1
"5212","Syringa vulgaris 'Professor E.H. Wilson'",1
"5213","Syringa vulgaris 'Quadricolor'",1
"5214","Syringa vulgaris 'Renoncule'",1
"5215","Syringa vulgaris 'Rhum von Horstenstein'",1
"5216","Syringa vulgaris 'Rochambeau'",1
"5217","Syringa vulgaris 'Rochester'",1
"5218","Syringa vulgaris 'Rosea Grandiflora'",1
"5219","Syringa vulgaris 'Rubella Plena'",1
"5220","Syringa vulgaris 'Saturnale'",1
"5221","Syringa vulgaris 'Souvenir de Gaspard Call'",1
"5222","Syringa vulgaris 'Sovietskoia Arktika'",1
"5223","Syringa vulgaris 'Tita'",1
"5224","Syringa vulgaris 'Tournefort'",1
"5225","Syringa vulgaris 'Triomphe dOrleans'",1
"5226","Syringa vulgaris 'Tristie Barbaro'",1
"5227","Syringa vulgaris 'Versaliense'",1
"5228","Syringa vulgaris 'Waldeck-Rousseau'",1
"5229","Syringa vulgaris 'William S. Riley'",1
"5230","Syringa vulgaris 'Znamya Lenina'",1
"5231","Taxodium distichum 'Codys Feathers'",1
"5232","Taxodium distichum 'JFS-SGPN'",1
"5233","Taxodium distichum 'Secrest'",1
"5234","Taxodium distichum 'Skyward'",1
"5235","Taxus × media 'Brevicata'",1
"5236","Taxus × media 'Brownii Globe'",1
"5237","Taxus × media 'Dark Green Spreader'",1
"5238","Taxus × media 'Farmen'",1
"5239","Taxus × media 'Flemer'",1
"5240","Taxus × media 'Henryi'",1
"5241","Taxus × media 'Maureen'",1
"5242","Taxus × media 'Meyeri'",1
"5243","Taxus × media 'Nigra'",1
"5244","Taxus × media 'Pilaris'",1
"5245","Taxus × media 'Robusta'",1
"5246","Taxus × media 'Skalborg'",1
"5247","Taxus × media 'Stovekenii'",1
"5248","Taxus × media 'Upright'",1
"5249","Taxus × media 'Wellesleyana'",1
"5250","Taxus baccata 'Adpressa'",1
"5251","Taxus baccata 'Amersfoort'",1
"5252","Taxus cuspidata 'Aurescens'",1
"5253","Taxus cuspidata 'Bright Gold'",1
"5254","Taxus cuspidata 'Capitata'",1
"5255","Taxus cuspidata 'Columnaris'",1
"5256","Taxus cuspidata 'Densa'",1
"5257","Taxus cuspidata 'Intermedia'",1
"5258","Taxus cuspidata 'Klehms Spreader'",1
"5259","Taxus cuspidata 'Monloo'",1
"5260","Taxus cuspidata 'Nana Aurescens'",1
"5261","Taxus cuspidata 'Wilsonii'",1
"5262","Taxus wallichiana Zucc.",1
"5263","Tellima grandiflora 'Forest Frost'",1
"5264","Teucrium chamaedrys 'Prostratum'",1
"5265","Thalia dealbata Fraser ex Roscoe",1
"5266","Thalictrum aquilegifolium 'Purpureum'",1
"5267","Thalictrum aquilegiifolium L.",1
"5268","Thalictrum dioicum L.",1
"5269","Thalictrum dipterocarpum Hort.",1
"5270","Thalictrum minus L.",1
"5271","Thalictrum revolutum DC.",1
"5272","Thaspium trifoliatum (L.) A.Gray",1
"5273","Thelypteris noveboracensis (L.) Nieuwl. [1]",1
"5274","Thermopsis caroliniana M.A.Curtis",1
"5275","Thermopsis chinensis 'Sophia'",1
"5276","Thuja 'BFC68'",1
"5277","Thuja 'Rebild'",1
"5278","Thuja occidentalis 'American Pillar'",1
"5279","Thuja occidentalis 'Argentea'",1
"5280","Thuja occidentalis 'Aurea'",1
"5281","Thuja occidentalis 'Beaufort'",1
"5282","Thuja occidentalis 'Cristata'",1
"5283","Thuja occidentalis 'Emerald Variegated'",1
"5284","Thuja occidentalis 'Ericoides'",1
"5285","Thuja occidentalis 'Fastigiata'",1
"5286","Thuja occidentalis 'Hancei'",1
"5287","Thuja occidentalis 'Hoveyi'",1
"5288","Thuja occidentalis 'Kelleriis Viridis'",1
"5289","Thuja occidentalis 'Klmeighteen'",1
"5290","Thuja occidentalis 'Konfetti'",1
"5291","Thuja occidentalis 'Linesville'",1
"5292","Thuja occidentalis 'Little Gem'",1
"5293","Thuja occidentalis 'Miky'",1
"5294","Thuja occidentalis 'Minima'",1
"5295","Thuja occidentalis 'Ohlendorffii'",1
"5296","Thuja occidentalis 'Recurva Nana'",1
"5297","Thuja occidentalis 'Recurvata'",1
"5298","Thuja occidentalis 'Reidii'",1
"5299","Thuja occidentalis 'Rheingold'",1
"5300","Thuja occidentalis 'Riversii'",1
"5301","Thuja occidentalis 'Smaragd'",1
"5302","Thuja occidentalis 'Wagneri'",1
"5303","Thuja occidentalis 'Waxen'",1
"5304","Thuja plicata 'Fastigiata'",1
"5305","Thuja plicata 'Grovepli'",1
"5306","Thuja plicata 'Hillieri'",1
"5307","Thuja plicata 'Sunshine'",1
"5308","Thuja plicata 'Virescens'",1
"5309","Thujopsis dolabrata 'Jurassic Park'",1
"5310","Thymophylla tenuiloba (DC.) Small",1
"5311","Thymus serpyllum 'Aureus'",1
"5312","Thymus serpyllum 'Pink Chintz'",1
"5313","Thymus vulgaris 'Fragrantissimus'",1
"5314","Tiarella 'Spring Symphony'",1
"5315","Tiarella cordifolia 'Susquehanna'",1
"5316","Tilia 'Moltkei'",1
"5317","Tilia × flavescens 'Glenleven'",1
"5318","Tilia americana 'Boulevard'",1
"5319","Tilia americana 'Redmond'",1
"5320","Tilia amurensis subsp. amurensis",1
"5321","Tilia begoniifolia Steven",1
"5322","Tilia chingiana Hu & W.C.Cheng",1
"5323","Tilia cordata 'Halka'",1
"5324","Tilia cordata 'Handsworth'",1
"5325","Tilia henryana Szyszyl.",1
"5326","Tilia ledebourii Borbás",1
"5327","Tilia mandshurica Rupr. & Maxim.",1
"5328","Tilia maximowicziana Shiras.",1
"5329","Tilia paucicostata Maxim.",1
"5330","Tilia paucicostata var. dictyoneura (V.Engl. ex C.K.Schneid.) H.T.Chang & R.H.Miao",1
"5331","Tilia platyphyllos 'Vitifolia'",1
"5332","Tilia platyphyllos subsp. corinthiaca (Bosc ex K.Koch) Pigott",1
"5333","Tilia tuan var. chinensis (Szyszyl.) Rehder & E.H.Wilson",1
"5334","Torreya taxifolia Arn.",1
"5335","Tradescantia 'Charlottes Web'",1
"5336","Tradescantia 'Osprey'",1
"5337","Tradescantia 'Sweet Kate'",1
"5338","Tradescantia 'Zwanenburg Blue'",1
"5339","Tricyrtis hirta 'Aureo-marginata'",1
"5340","Tricyrtis hirta 'Variegata'",1
"5341","Tsuga canadensis 'Kingsville #1'",1
"5342","Tsuga canadensis 'Moon Frost'",1
"5343","Tsuga canadensis 'Pendula'",1
"5344","Tsuga canadensis 'Ruggs Washington Dwarf'",1
"5345","Tsuga canadensis 'Sargentii'",1
"5346","Tsuga chinensis (Franch.) Pritz.",1
"5347","Tsuga diversifolia × sieboldii '#233'",1
"5348","Tsuga ulleungensis Holman, Del Tredici, Havill, N.S.Lee & C.S.Campb.",1
"5349","Ulmus",1
"5350","Ulmus 'Accolade'",1
"5351","Ulmus 'Christine Buisman'",1
"5352","Ulmus 'Commelin'",1
"5353","Ulmus 'Morton Plainsman' × parvifolia",1
"5354","Ulmus 'Urban'",1
"5355","Ulmus 'Validation'",1
"5356","Ulmus × hollandica 'Belgica'",1
"5357","Ulmus × hollandica 'Dampieri'",1
"5358","Ulmus × hollandica 'Pioneer'",1
"5359","Ulmus × hollandica 'Superba'",1
"5360","Ulmus americana 'Ascendens'",1
"5361","Ulmus americana 'Augustine'",1
"5362","Ulmus americana 'Columnaris'",1
"5363","Ulmus americana 'Jefferson'",1
"5364","Ulmus americana 'Lake City'",1
"5365","Ulmus americana f. pendula (Aiton) Willd.",1
"5366","Ulmus androssowii × pumila",1
"5367","Ulmus carpinifolia f. wredei Rehder",1
"5368","Ulmus carpinifolia gled. x u. j (Rehder) Sarg.",1
"5369","Ulmus davidiana var. japonica 'Prospector'",1
"5370","Ulmus glabra 'Crispa'",1
"5371","Ulmus glabra 'Pendula'",1
"5372","Ulmus laciniata subsp. macrocarpa Hance",1
"5373","Ulmus minor 'Sarniensis'",1
"5374","Ulmus parvifolia × pumila",1
"5375","Ulmus procera 'Purpurea'",1
"5376","Ulmus pumila × rubra",1
"5377","Ulmus pumila L. x U. rubra Muhl.",1
"5378","Ulmus pumila var. androssowii (Litv.) Rehder",1
"5379","Vaccinium angustifolium var. nigrum (Wood) Dole",1
"5380","Vaccinium uliginosum L.",1
"5381","Vernonia fasciculata Michx.",1
"5382","Veronica 'Eveline'",1
"5383","Veronica 'Fairytale'",1
"5384","Veronica 'Purpleicious'",1
"5385","Veronica 'Waterperry Blue'",1
"5386","Veronica × media 'Allvglove'",1
"5387","Veronica armena",1
"5388","Veronica longifolia 'Melanie White'",1
"5389","Veronica spicata 'Glory'",1
"5390","Veronica spicata 'Icicle'",1
"5391","Veronica spicata 'Royal Candles'",1
"5392","Veronica spicata L.",1
"5393","Veronicastrum virginicum 'Fascination'",1
"5394","Viburnum × burkwoodii 'Chenault'",1
"5395","Viburnum × burkwoodii 'Conoy'",1
"5396","Viburnum × burkwoodii 'Duvone'",1
"5397","Viburnum × pragense Vik",1
"5398","Viburnum betulifolium Batalin",1
"5399","Viburnum bracteatum Rehder",1
"5400","Viburnum buddleifolium C.H.Wright",1
"5401","Viburnum carlesii 'SMVCB'",1
"5402","Viburnum cassinoides 'J.N. Select'",1
"5403","Viburnum cassinoides 'King'",1
"5404","Viburnum dentatum 'Johnson'",1
"5405","Viburnum dentatum 'KLMeight'",1
"5406","Viburnum dentatum 'KLMseven'",1
"5407","Viburnum dilatatum 'Henneke'",1
"5408","Viburnum dilatatum 'Iroquois'",1
"5409","Viburnum erosum Thunb.",1
"5410","Viburnum lantana subsp. foliis pulverulentis L.",1
"5411","Viburnum lantanoides Michx.",1
"5412","Viburnum nudum 'Winterthur'",1
"5413","Viburnum opulus var. calvescens (Rehder) H.Hara",1
"5414","Viburnum opulus var. opulus 'Notcutts Variety'",1
"5415","Viburnum plicatum f. tomentosum 'Fireworks'",1
"5416","Viburnum plicatum f. tomentosum 'Shoshoni'",1
"5417","Viburnum prunifolium 'Forest Rouge'",1
"5418","Viburnum rhytidophyllum 'Roseum'",1
"5419","Viburnum sargentii 'Susquehanna'",1
"5420","Viburnum scabrellum Chapm.",1
"5421","Viburnum trilobum 'Compactum'",1
"5422","Viburnum veitchii Wright",1
"5423","Viburnum wilsonii Rehder",1
"5424","Vinca minor 'Alba'",1
"5425","Vinca minor 'Gertrude Jekyll'",1
"5426","Vinca minor 'Sterling Silver'",1
"5427","Viola pallens (Banks) Brainerd",1
"5428","Viola pedatifida G.Don",1
"5429","Viola rugulosa Greene",1
"5430","Viola striata Aiton",1
"5431","Viola tricolor var. hortensis DC.",1
"5432","Vitex negundo L.",1
"5433","Vitex rotundifolia L.f.",1
"5434","Vitis aestivalis Michx.",1
"5435","Vitis amurensis Rupr.",1
"5436","Vitis cinerea Engelm.",1
"5437","Vitis coignetiae Pall.",1
"5438","Vitis davidii (Rom.Caill.) Foex",1
"5439","Vitis piasezkii var. pagnuccii (Planch.) Rehder",1
"5440","Waldsteinia fragarioides (Michx.) Tratt.",1
"5441","Weigela 'Avalanche'",1
"5442","Weigela 'Bokrasopea'",1
"5443","Weigela 'Bokraspiwi'",1
"5444","Weigela 'Centennial'",1
"5445","Weigela 'Courtalor'",1
"5446","Weigela 'Courtared'",1
"5447","Weigela 'Dark Horse'",1
"5448","Weigela 'Encarnata'",1
"5449","Weigela 'Eva Rathke'",1
"5450","Weigela 'Looymansii Aurea'",1
"5451","Weigela 'Polka'",1
"5452","Weigela 'Rhumba'",1
"5453","Weigela 'Samba'",1
"5454","Weigela 'Suzanne'",1
"5455","Weigela 'Victoria'",1
"5456","Weigela × incarnata",1
"5457","Weigela florida 'Bramwell'",1
"5458","Weigela florida 'Java Red Sport'",1
"5459","Weigela florida 'Kolmagira'",1
"5460","Weigela florida 'Sunny Princess'",1
"5461","Weigela florida 'Verschaffeltii'",1
"5462","Weigela florida 'Verweig 6'",1
"5463","Weigela florida 'Verweig'",1
"5464","Weigela florida 'White Knight'",1
"5465","Weigela hortensis C.A.Mey.",1
"5466","Weigela praecox 'Gracieux'",1
"5467","Weigela praecox 'Korean Sunrise'",1
"5468","Wisteria frutescens 'Amethyst Falls'",1
"5469","Woodsia ilvensis (L.) R.Br.",1
"5470","Woodsia obtusa (Spreng.) Torr.",1
"5471","Yucca angustissima var. angustissima",1
"5472","Yucca baileyi Wooton & Standl.",1
"5473","Yucca pallida McKelvey",1
"5474","Zanthoxylum schinifolium Siebold & Zucc.",1
"5475","Zelkova carpinifolia (Pall.) K.Koch",1
"5476","Zelkova serrata 'Green Vase'",1
"5477","Zelkova serrata 'Musashino'",1
"5478","Zelkova serrata 'Village Green'",1
