"","SpecimenAccession","SpecimenBarcode","DeterminationCalcFullName","Collectors","CollectorNumber","Day","Month","Year","LocalityNotes","Accounted.for","Buds","Flowers","Fruits","Notes","Percent.Buds","Percent.Flowers","Percent.Fruit","doy","Phenophase"
"1","0.0","EDU","Acer nigrum F.Michx","Kim, B","BK31",26,8,2025,"O-54/06-85","Yes",0,0,10,NA,0,0,100,238,9
"4","23.0","0039296MOR","Acer buergerianum Miq.","Swink, FA","s.n.",22,8,1963,NA,"Yes",0,0,5,NA,0,0,100,234,9
"5","24.0","0039300MOR","Acer campestre L.","Eickhorst, W","s.n.",12,9,1935,"69-0","Yes",0,0,12,NA,0,0,100,255,9
"7","26.0","0039404MOR","Acer campestre L.","Swink, FA","s.n.",29,7,1964,"European Collection, V-36/60-80.","Yes",0,0,3,NA,0,0,100,211,9
"9","28.0","0039301MOR","Acer campestre L.","Hawkinson, L","s.n.",13,5,1941,"69-0","Yes",0,7,16,NA,0,30.43478261,69.56521739,133,7
"10","42.0","0039365MOR","Acer campestre var. austriacum (Tratt.) DC.","Ciolac, C","s.n.",31,5,1973,"F-64/55-60, Frost Hill.","Yes",0,0,19,NA,0,0,100,151,9
"11","43.0","0039371MOR","Acer campestre var. austriacum (Tratt.) DC.","Ciolac, C","s.n.",25,4,1973,"G-63/00-90 Frost Hill.","Yes",36,116,0,NA,23.68421053,76.31578947,0,115,NA
"12","45.0","0039375MOR","Acer campestre var. austriacum (Tratt.) DC.","Lesica, P","s.n.",24,7,1972,"F-64/75-20 on Frost Hill.","Yes",0,0,6,NA,0,0,100,206,9
"19","70.0","0039402MOR","Acer circinatum Pursh","Kammerer, E","s.n.",25,6,1946,"Administration Building grounds","Yes",0,0,12,NA,0,0,100,176,9
"20","71.0","0039401MOR","Acer circinatum Pursh","Hawkinson, L","s.n.",25,4,1941,"Administration Building grounds","Yes",9,19,0,NA,32.14285714,67.85714286,0,115,NA
"24","121.0","0039911MOR","Acer tataricum subsp. ginnala (Maxim.) Wesm.","Swink, FA","s.n.",11,8,1964,"Acer Collection, T-99/20-80","Yes",0,0,23,NA,0,0,100,224,9
"25","122.0","0039901MOR","Acer tataricum subsp. ginnala (Maxim.) Wesm.","Kammerer, E","s.n.",6,8,1936,"Godshalk Meadow","Yes",0,0,12,NA,0,0,100,219,9
"26","123.0","0039902MOR","Acer tataricum subsp. ginnala (Maxim.) Wesm.","Ciolac, C","s.n.",31,5,1973,"Acer Collection, just N of Oakwood Dr.; O-101/20-10","Yes",1,45,20,NA,1.515151515,68.18181818,30.3030303,151,6
"27","124.0","0039912MOR","Acer tataricum subsp. ginnala (Maxim.) Wesm.","Kammerer, E","s.n.",9,5,1946,"Administration Building, J-40/area","Yes",219,109,0,NA,66.76829268,33.23170732,0,129,2
"29","126.0","0039760MOR","Acer tataricum subsp. ginnala (Maxim.) Wesm.","Kammerer, E","s.n.",4,6,1936,"China Collection, central, BB-66/27-41.","Yes",0,0,48,NA,0,0,100,156,9
"30","128.0","0039748MOR","Acer tataricum subsp. ginnala (Maxim.) Wesm.","Kammerer, E","s.n.",12,9,1935,"China Collection, central, BB-66/27-41.","Yes",0,0,35,NA,0,0,100,255,9
"31","138.0","0039459MOR","Acer ginnala f. aidzuense Schwer.","Eickhorst, W","s.n.",13,9,1935,"46-15","Yes",0,0,21,NA,0,0,100,256,9
"32","140.0","0039700MOR","Acer tataricum subsp. semenovii (Regel & Herder) A.E.Murray","Swink, FA","s.n.",22,7,1971,"Acer Collection, W-102/10-00.","Yes",0,0,27,NA,0,0,100,203,9
"35","173.0","0039438MOR","Acer griseum (Franch.) Pax","Braham, R","s.n.",24,5,1971,"Acer Collection, V-101/05-30.","Yes",0,0,3,NA,0,0,100,144,9
"40","190.0","0040005MOR","Acer saccharum subsp. leucoderme (Small) Desmarais","Lesica, P","s.n.",15,5,1972,"Acer Collectionm, T-101/65-75.","Yes",5,62,0,NA,7.462686567,92.53731343,0,136,5
"41","204.0","0039480MOR","Acer mandshuricum Maxim.","Braham, R","s.n.",23,6,1971,"Acer Collection, U-101/60-55","Yes",0,0,6,NA,0,0,100,174,9
"42","207.0","0039485MOR","Acer mandshuricum Maxim.","Braham, R","s.n.",24,5,1971,"Acer Collection, U-101/60-55","Yes",0,1,7,NA,0,12.5,87.5,144,8
"43","208.0","0039486MOR","Acer mandshuricum Maxim.","Swink, FA","s.n.",10,8,1964,"Forest Road, O-97/80-95","Yes",0,0,2,NA,0,0,100,223,9
"44","217.0","0039493MOR","Acer miyabei Maxim.","Lesica, P","s.n.",15,5,1972,"Acer Collection, Q-99/40-10","Yes",35,63,0,NA,35.71428571,64.28571429,0,136,3
"45","218.0","0039504MOR","Acer miyabei Maxim.","Swink, FA","s.n.",15,7,1964,"Godshalk Meadow, L-30/50-40","Yes",0,0,14,NA,0,0,100,197,9
"52","286.0","0039526MOR","Acer negundo var. violaceum Booth ex G.Kirchn.","Ciolac, C","s.n.",22,4,1970,"Acer Collection, Q-99/75-80","Yes",165,0,0,NA,100,0,0,112,1
"54","288.0","0039528MOR","Acer negundo var. violaceum Booth ex G.Kirchn.","Lesica, P","s.n.",2,5,1972,"South side of Meadow Lake on Illinois Trees Trail, East Side.","Yes",6,477,0,NA,1.242236025,98.75776398,0,123,5
"57","317.0","0040014MOR","Acer saccharum subsp. nigrum (F.Michx.) Desmarais","Read, RW","s.n.",14,10,1971,"Northern Illinois Coll., CEG Meadow, L-62/00-40.","Yes",0,0,11,NA,0,0,100,287,9
"58","318.0","0040012MOR","Acer saccharum subsp. nigrum (F.Michx.) Desmarais","Lesica, P","s.n.",11,5,1972,"Northern Illinois Coll., Forest Rd., L-62/00-40.","Yes",0,132,1,NA,0,99.2481203,0.7518796992,132,5
"59","319.0","0040013MOR","Acer saccharum subsp. nigrum (F.Michx.) Desmarais","Lesica, P","s.n.",8,5,1972,"Northern Illinois Coll., Forest Rd., L-62/00-40.","Yes",10,152,0,NA,6.172839506,93.82716049,0,129,5
"60","320.0","0040017MOR","Acer saccharum subsp. nigrum (F.Michx.) Desmarais","Lesica, P","s.n.",5,6,1972,"Northern Illinois Collection, Forest Road, L-62/00-40.","Yes",0,0,7,NA,0,0,100,157,9
"61","334.0","0039481MOR","Acer nikoense Maxim.","Braham, R","s.n.",21,7,1971,"Administration Building, I-42/75-05","Yes",0,0,4,NA,0,0,100,202,9
"62","336.0","0039483MOR","Acer nikoense Maxim.","Swink, FA","s.n.",24,6,1964,"Administration Building, I-42/75-05","Yes",0,0,5,NA,0,0,100,176,9
"63","337.0","0039484MOR","Acer nikoense Maxim.","Braham, R","s.n.",25,5,1971,"Administration Building, I-42/75-05","Yes",0,0,10,NA,0,0,100,145,9
"68","373.0","0039549MOR","Acer palmatum 'Burgundy Lace'","Schulenberg, RF","s.n.",15,5,1975,"Acer Collection, T-99/30-15","Yes",0,49,0,NA,0,100,0,135,5
"70","384.0","0039560MOR","Acer pensylvanicum L.","Lesica, P","s.n.",24,7,1972,"Acer Collection, X-98/15-30","Yes",0,0,17,NA,0,0,100,206,9
"71","385.0","0039556MOR","Acer pensylvanicum L.","Kammerer, E","s.n.",15,5,1963,"Along north side Road west of Ericaceae group.","Yes",0,25,0,NA,0,100,0,135,5
"73","415.0","0039565MOR","Acer platanoides 'Schwedleri'","Braham, R","s.n.",23,6,1971,"Street Tree Collection","Yes",0,0,6,NA,0,0,100,174,9
"74","417.0","0039569MOR","Acer platanoides 'Schwedleri'","Braham, R","s.n.",6,5,1971,"Street Collection, E-96/Area","Yes",10,51,0,NA,16.39344262,83.60655738,0,126,5
"75","430.0","0039589MOR","Acer platanoides 'Almira'","Lesica, P","s.n.",6,6,1972,"Forest Road, D-79/75-35","Yes",0,0,13,NA,0,0,100,158,9
"76","431.0","0039594MOR","Acer platanoides 'Almira'","Lesica, P","s.n.",5,5,1972,"Forest Road, D-79/75-35","Yes",7,48,0,NA,12.72727273,87.27272727,0,126,5
"78","437.0","0039601MOR","Acer platanoides 'Crimson King'","Braham, R","s.n.",6,5,1971,"Street Tree Collection","Yes",4,66,0,NA,5.714285714,94.28571429,0,126,5
"82","448.0","0039629MOR","Acer platanoides 'Palmatifidum'","Lesica, P","s.n.",5,5,1972,"Acer Collection, M-102/10-25","Yes",2,10,0,NA,100,0,0,126,1
"83","450.0","0039633MOR","Acer platanoides 'Palmatifidum'","Swink, FA","s.n.",10,8,1964,"Acer Collection, M-100/10-95","Yes",0,0,4,NA,0,0,100,223,9
"84","457.0","0039449MOR","Acer platanoides 'Schwedleri'","Kammerer, E","s.n.",4,5,1938,"Form Garden","Yes",6,43,0,NA,12.24489796,87.75510204,0,124,5
"85","458.0","0039448MOR","Acer platanoides 'Schwedleri'","Ciolac, C","s.n.",3,5,1973,"Form Garden, AA-26/60-35","Yes",0,12,52,NA,0,18.75,81.25,123,8
"86","459.0","0039456MOR","Acer platanoides 'Schwedleri'","Hawkinson, L","s.n.",26,9,1940,"13-6","Yes",0,0,7,NA,0,0,100,270,9
"87","460.0","0039447MOR","Acer platanoides 'Schwedleri'","Kammerer, E","s.n.",25,5,1937,NA,"Yes",0,0,14,NA,0,0,100,145,9
"89","466.0","0039660MOR","Acer platanoides 'Undulatum'","Lesica, P","s.n.",5,5,1972,"Acer Collection, N-100/65-05","Yes",6,18,0,NA,25,75,0,126,NA
"90","467.0","0039659MOR","Acer platanoides 'Undulatum'","Swink, FA","s.n.",10,8,1964,"Acer Collection, N-101/30-10","Yes",0,0,2,NA,0,0,100,223,9
"97","487.0","0039655MOR","Acer pseudoplatanus 'Purpureum'","Ciolac, C","s.n.",31,5,1973,"Acer Collection, N-98/20-10","Yes",0,0,20,NA,0,0,100,151,9
"100","516.0","0039682MOR","Acer rubrum L.","Kammerer, E","s.n.",2,5,1946,"Eastern US Wetlands, Taxodium Swamp; L 75-8","Yes",0,0,46,NA,0,0,100,122,9
"106","522.0","0039701MOR","Acer rubrum L.","Kammerer, E","s.n.",28,4,1937,"Oleaceae Collection","Yes",4,11,0,NA,26.66666667,73.33333333,0,118,NA
"107","523.0","0039730MOR","Acer rubrum L.","Kammerer, E","s.n.",16,4,1936,"Eastern US Wetlands, FF-68/Area.","Yes",6,80,0,NA,6.976744186,93.02325581,0,107,5
"108","524.0","0039723MOR","Acer rubrum L.","Ciolac, C","s.n.",16,4,1970,"Oleaceae Collection, Q-38/75-60, near entrance gate to west side of Arboretum.","Yes",101,72,0,NA,58.38150289,41.61849711,0,106,3
"109","525.0","0039740MOR","Acer rubrum L.","Braham, R","s.n.",4,5,1971,"#135-40 along Illinois tree trail, Meadow Lake, R-52/25-55.","Yes",0,11,60,NA,0,15.49295775,84.50704225,124,8
"110","526.0","0039710MOR","Acer rubrum L.","Lesica, P","s.n.",25,5,1972,"Acer Collection, R-99/70-40.","Yes",0,0,48,NA,0,0,100,146,9
"113","556.0","0039828MOR","Acer rubrum 'Columnare'","Lesica, P","s.n.",24,4,1972,"Columnar Trees, G-66/70-65","Yes",8,0,0,NA,100,0,0,115,1
"123","607.0","0039794MOR","Acer saccharinum 'Pendulum'","Schulenberg, RF","s.n.",15,5,1975,"Acer Collection, O-94/95-30.","Yes",0,0,2,NA,0,0,100,135,9
"126","611.0","0039878MOR","Acer saccharum Marshall","Lesica, P","s.n.",3,5,1972,"Prunus group, D-58/6.5-5.5","Yes",4,123,0,NA,3.149606299,96.8503937,0,124,5
"127","612.0","0039872MOR","Acer saccharum Marshall","Braham, R","s.n.",30,7,1971,"NE end of Parking 20, S-46/10-40","Yes",0,0,4,NA,0,0,100,211,9
"130","653.0","0040024MOR","Acer saccharum subsp. schneckii (Rehder) Desmarais","Read, RW","s.n.",14,10,1971,"Northern Illinois Coll., L-62/05-5.","Yes",0,0,7,NA,0,0,100,287,9
"132","656.0","0040023MOR","Acer saccharum subsp. schneckii (Rehder) Desmarais","Lesica, P","s.n.",18,7,1972,"Northern Illinois Coll., L-62/05-5.","Yes",0,0,8,NA,0,0,100,200,9
"133","657.0","0040027MOR","Acer saccharum subsp. schneckii (Rehder) Desmarais","Lesica, P","s.n.",2,5,1972,"Northern Illinois Coll., L-62/05-5.","Yes",4,112,0,NA,3.448275862,96.55172414,0,123,5
"134","659.0","0040021MOR","Acer saccharum subsp. schneckii (Rehder) Desmarais","Lesica, P","s.n.",5,6,1972,"Northern Illinois Coll., Forest Road, L-62/05-5.","Yes",0,0,8,NA,0,0,100,157,9
"135","660.0","0040028MOR","Acer saccharum subsp. schneckii (Rehder) Desmarais","Lesica, P","s.n.",8,5,1972,"Northern Illinois Coll., L-62/05-5.","Yes",0,104,0,NA,0,100,0,129,5
"136","663.0","0040026MOR","Acer saccharum subsp. schneckii (Rehder) Desmarais","Kammerer, E","s.n.",22,5,1964,"Along Forest Road, East Side, Northern Illinois Coll., L-62/05-5.","Yes",0,0,19,NA,0,0,100,143,9
"137","686.0","0040059MOR","Acer tataricum L.","Braham, R","s.n.",21,5,1971,"Acer Collection, T-100/45-30.","Yes",102,136,0,NA,42.85714286,57.14285714,0,141,3
"138","688.0","0040041MOR","Acer tataricum L.","Swink, FA","s.n.",11,8,1964,"Acer Collection, T-100/45-30.","Yes",0,0,10,NA,0,0,100,224,9
"139","689.0","0040044MOR","Acer tataricum L.","Kammerer, E","s.n.",15,7,1946,"Along Forest Road (north side) near Honeysuckle group.","Yes",0,0,25,NA,0,0,100,196,9
"141","697.0","0039895MOR","Acer saccharum 'Senecaense'","Lesica, P","s.n.",13,6,1972,"Acer Collection, U-102/55-15.","Yes",0,0,23,NA,0,0,100,165,9
"142","698.0","0039896MOR","Acer saccharum 'Senecaense'","Lesica, P","s.n.",15,5,1972,"Acer Collection, U-102/40-45.","Yes",0,236,23,NA,0,91.11969112,8.88030888,136,5
"143","704.0","0040032MOR","Acer spicatum Lam.","Kammerer, E","s.n.",12,6,1953,"Nursery Beds","Yes",0,314,20,NA,0,94.01197605,5.988023952,163,5
"144","705.0","0040031MOR","Acer spicatum Lam.","Kammerer, E","s.n.",16,5,1946,"Adm. Bldg. gr.","Yes",48,400,0,NA,10.71428571,89.28571429,0,136,5
"145","706.0","0040029MOR","Acer spicatum Lam.","Swink, FA","s.n.",11,8,1964,"Acer Collection, T-98/85-70.","Yes",0,0,24,NA,0,0,100,224,9
"146","707.0","0040034MOR","Acer spicatum Lam.","Kammerer, E","s.n.",21,5,1937,NA,"Yes",27,229,0,NA,10.546875,89.453125,0,141,5
"147","723.0","0039707MOR","Acer tegmentosum Maxim.","Allen, L","s.n.",24,7,1973,"Rosaceae Collection, E-63/95-05.","Yes",0,0,9,NA,0,0,100,205,9
"149","732.0","0039815MOR","Acer triflorum Kom.","Braham, R","s.n.",3,5,1972,"Acer Collection, V-98/40-65.","Yes",0,25,0,NA,0,100,0,124,5
"150","734.0","0039814MOR","Acer triflorum Kom.","Lesica, P","s.n.",26,5,1972,"Acer Collection, V-98/75-45.","Yes",0,0,3,NA,0,0,100,147,9
"152","3281.0","0039765MOR","Acer × freemanii 'Armstrong'","Schulenberg, RF","s.n.",12,4,1977,"Acer Collection, V-98/75-70.","Yes",0,0,8,NA,0,0,100,102,9
"153","9382.0","0039632MOR","Acer platanoides 'Royal Red'","Schulenberg, RF","s.n.",18,4,1977,"Acer Collection, DD-104/30-80","Yes",2,44,16,NA,3.225806452,70.96774194,25.80645161,108,6
"155","9415.0","0039378MOR","Acer campestre subsp. leiocarpum (Wallr.) Pax","Schulenberg, RF","s.n.",20,4,1977,"Acer Collection, T-100/30-00","Yes",12,18,0,NA,40,60,0,110,3
"156","9416.0","0039391MOR","Acer carpinifolium Siebold & Zucc.","Schulenberg, RF","s.n.",20,4,1977,"Frost Hill, E-63/5.5-2","Yes",6,13,0,NA,31.57894737,68.42105263,0,110,NA
"157","9418.0","0043805MOR","Acer japonicum Thunb.","Schulenberg, RF","s.n.",20,4,1977,"Southwest quarter of Frost Hill E-60/90-20","Yes",16,26,0,NA,38.0952381,61.9047619,0,110,3
"158","9419.0","0043812MOR","Acer palmatum var. heptalobum Rehder","Schulenberg, RF","s.n.",20,4,1977,"Acer Collection S-99/95-15","Yes",16,59,0,NA,21.33333333,78.66666667,0,110,NA
"159","9420.0","0039706MOR","Acer tegmentosum Maxim.","Schulenberg, RF","s.n.",20,4,1977,"Rosaceae Collection, E-63/95-05.","Yes",55,159,0,NA,25.70093458,74.29906542,0,110,NA
"160","12081.0","0039611MOR","Acer platanoides 'Emerald Queen'","Schulenberg, RF","s.n.",18,4,1977,"Acer Collection, EE-103/60-25","Yes",9,77,0,NA,10.46511628,89.53488372,0,108,5
"161","18042.0","0039586MOR","Acer platanoides 'Chas. F. Irish'","Schulenberg, RF","s.n.",18,4,1977,"Acer Collection, O-102/15-50","Yes",0,20,7,NA,0,74.07407407,25.92592593,108,6
"162","19117.0","0039732MOR","Acer rubrum L.","Podrasky, N","31V84",7,5,1984,"Diversity, N-57/Area.","Yes",0,81,327,NA,0,19.85294118,80.14705882,128,8
"163","19197.0","0039743MOR","Acer rubrum L.","Podrasky, N","32V84",7,5,1984,"Diversity, N-57/Area.","Yes",0,110,205,NA,0,34.92063492,65.07936508,128,7
"164","32264.0","0039742MOR","Acer rubrum L.","Hess, WJ","4091.0",25,4,1978,"Acer Collection, south side entrance to Administration & greenhouses.","Yes",7,139,0,NA,4.794520548,95.20547945,0,115,5
"165","34690.0","0039914MOR","Acer tataricum subsp. ginnala (Maxim.) Wesm.","Hess, WJ","4456.0",6,10,1978,"E side near witch hazel collection; M-87","Yes",0,0,76,NA,0,0,100,279,9
"169","40649.0","0039509MOR","Acer miyabei Maxim.","Hess, WJ","4867.0",14,5,1980,"On west side on the west side of Joy Path, V-24/20-50","Yes",22,37,0,NA,37.28813559,62.71186441,0,135,3
"170","43857.0","0039312MOR","Acer campestre L.","Levins, P","s.n.",21,4,1981,"In the Street Tree Collection, near parking area 7, E-96/Area.","Yes",3,86,0,NA,3.370786517,96.62921348,0,111,5
"171","43858.0","0039403MOR","Acer campestre L.","Levins, P","s.n.",22,5,1981,"In the Street Tree Collection, near parking area 7, E-96/Area.","Yes",0,1,9,NA,0,10,90,142,8
"172","43859.0","0039746MOR","Acer rubrum L.","Levins, P","s.n.",1,4,1981,"Pinaceae Coll., J-54/00-10 in the Administration Building Meadow, S of Meadow Lake.","Yes",10,60,0,NA,14.28571429,85.71428571,0,91,5
"173","43860.0","0039747MOR","Acer rubrum L.","Levins, P","s.n.",1,4,1981,"Acer Collection, R-99/40-40, NE of parking area 8.","Yes",93,12,0,NA,88.57142857,11.42857143,0,91,2
"174","51499.0","0039436MOR","Acer griseum (Franch.) Pax","Hedborn Jr, EA","s.n.",18,9,1984,"Meadow Lake, M-51/90-60.","Yes",0,0,5,NA,0,0,100,262,9
"175","51500.0","0039889MOR","Acer saccharum subsp. grandidentatum (Nutt. ex Torr. & A.Gray) Desmarais","Hedborn Jr, EA","s.n.",18,9,1984,"Ground Cover, L-45/00-00. Growing on the east side of the path from the Tea House.","Yes",0,0,36,NA,0,0,100,262,9
"176","51795.0","0039523MOR","Acer negundo 'Rubescens'","Schulenberg, RF","68V84",5,5,1984,"Acer Collection, R-99/00-15","Yes",0,54,0,NA,0,100,0,126,5
"177","51925.0","0039976MOR","Acer truncatum Bunge","Schulenberg, RF","63V84",8,5,1984,"Acer Collection, O-98/45-05.","Yes",37,62,0,NA,37.37373737,62.62626263,0,129,3
"178","52474.0","0039524MOR","Acer negundo 'Pseudocalifornicum'","Schulenberg, RF","62V84",8,5,1984,"Acer Collection, S-98/70-80","Yes",0,37,0,NA,0,100,0,129,5
"179","52497.0","0039518MOR","Acer negundo 'Pseudocalifornicum'","Schulenberg, RF","67V84",8,5,1984,"Acer Collection, R-98/95-90","Yes",0,58,0,NA,0,100,0,129,5
"180","52503.0","0039517MOR","Acer negundo 'Rubescens'","Schulenberg, RF","69V84",8,5,1984,"Acer Collection, Q-98/75-75","Yes",0,48,0,NA,0,100,0,129,5
"181","53282.0","0039668MOR","Acer pseudosieboldianum (Pax) Kom.","Stoynoff, N","222V84",18,5,1984,"Acer Collection, V-99/55-15","Yes",0,0,4,NA,0,0,100,139,9
"182","53283.0","0039867MOR","Acer saccharum Marshall","Stoynoff, N","228V84",18,5,1984,"Acer Collection, S-101/15-10","Yes",0,0,46,NA,0,0,100,139,9
"183","53285.0","0039432MOR","Acer ginnala 'Durand Dwarf'","Stoynoff, N","224V84",18,5,1984,"Acer Collection, W-101/75-50.","Yes",0,0,42,NA,0,0,100,139,9
"184","53286.0","0039906MOR","Acer saccharum 'Senecaense'","Stoynoff, N","226V84",18,5,1984,"Acer Collection, A-102/40-45.","Yes",0,0,26,NA,0,0,100,139,9
"185","53287.0","0039588MOR","Acer platanoides L.","Stoynoff, N","227V84",18,5,1984,"Acer Collection, T-102/95-35","Yes",0,0,8,NA,0,0,100,139,9
"186","53288.0","0039962MOR","Acer triflorum Kom.","Stoynoff, N","223V84",18,5,1984,"Acer Collection, V-98/40-65.","Yes",0,0,5,NA,0,0,100,139,9
"187","53289.0","0039405MOR","Acer campestre L.","Stoynoff, N","220V84",18,5,1984,"Acer Collection, T-l00/15-85.","Yes",0,0,17,NA,0,0,100,139,9
"188","53293.0","0039923MOR","Acer tataricum subsp. ginnala (Maxim.) Wesm.","Stoynoff, N","219V84",18,5,1984,"Acer Collection, S-99/70-25","Yes",0,0,22,NA,0,0,100,139,9
"189","53585.0","0039922MOR","Acer tataricum subsp. ginnala (Maxim.) Wesm.","Stoynoff, N","303V84",26,6,1984,"On W side of Administration Building, J-40/area","Yes",0,0,19,NA,0,0,100,178,9
"190","54666.0","0039961MOR","Acer triflorum Kom.","Stoynoff, N","318V84",27,5,1984,"Evaluation Plot, E-96/Area.","Yes",0,0,6,NA,0,0,100,148,9
"191","54748.0","0039650MOR","Acer platanoides 'Superform'","Podrasky, N","424V85",19,4,1985,"Illinois Trees Trail, DD-102/95-70","Yes",1,75,0,NA,1.315789474,98.68421053,0,109,5
"192","54749.0","0039641MOR","Acer platanoides 'Rubrum'","Podrasky, N","423V85",19,4,1985,"Acer Collection, M-100/15-55","Yes",11,71,0,NA,13.41463415,86.58536585,0,109,5
"193","54770.0","0039750MOR","Acer tataricum subsp. ginnala (Maxim.) Wesm.","Ceisel, D","s.n.",26,5,1978,"China Collection, AA-63/50-45.","Yes",73,141,0,NA,34.11214953,65.88785047,0,146,NA
"194","54835.0","0039597MOR","Acer platanoides 'Columnare'","Podrasky, N","422V85",19,4,1985,"Acer Collection, N-100/50-95","Yes",2,38,0,NA,5,95,0,109,5
"195","56386.0","0039425MOR","Acer × freemanii 'Marmo'","Bachtell, KR","s.n.",29,3,1985,"S-10, W side of Lake Marmo near road & bridge.","Yes",11,45,0,NA,19.64285714,80.35714286,0,88,5
"198","65118.0","0039874MOR","Acer saccharum Marshall","Podrasky, N","294V84",21,6,1984,"Near Visitor Center, L-48/65-15","Yes",0,0,34,NA,0,0,100,173,9
"199","65122.0","0039552MOR","Acer palmatum Thunb.","Podrasky, N","202V84",11,6,1984,"Syringa Collection, I-49/40-30","Yes",0,0,4,NA,0,0,100,163,9
"200","65139.0","0040039MOR","Acer tataricum L.","Stoynoff, N","221V84",18,5,1984,"Acer Collection, T-100/25-60.","Yes",0,0,29,NA,0,0,100,139,9
"201","65150.0","0039885MOR","Acer saccharum Marshall","Podrasky, N","387V84",7,8,1984,"Near Visitor Center, L-45/area","Yes",0,0,23,NA,0,0,100,220,9
"202","65192.0","0039434MOR","Acer ginnala var. yezoense Koidz.","Stoynoff, N","225V84",18,5,1984,"Acer Collection, V-101/90-75.","Yes",0,0,10,NA,0,0,100,139,9
"203","67689.0","0039734MOR","Acer rubrum L.","Hess, WJ","739V87",8,4,1987,"Meadow Lake, P-46/90-55.","Yes",40,305,0,NA,11.5942029,88.4057971,0,98,5
"204","67691.0","0039827MOR","Acer rubrum 'Columnare'","Hess, WJ","738V87",8,4,1987,"Near Meadow Lake, O-46/20-75","Yes",18,0,0,NA,100,0,0,98,1
"205","67846.0","0039891MOR","Acer saccharum subsp. grandidentatum (Nutt. ex Torr. & A.Gray) Desmarais","Stoynoff, N","296V84",25,6,1984,"Meadow Lake, O-50/05-55.","Yes",0,0,21,NA,0,0,100,177,9
"206","67999.0","0039419MOR","Acer forrestii Diels","Schulenberg, RF","158V84",23,5,1984,"China Collection, BB-66/22-06.","Yes",0,8,28,NA,0,22.22222222,77.77777778,144,8
"207","68102.0","0039451MOR","Acer platanoides 'Schwedleri'","Podrasky, N","802V87",24,4,1987,"Acer Collection, N-99/55-40","Yes",0,40,4,NA,0,90.90909091,9.090909091,114,5
"208","68103.0","0039455MOR","Acer platanoides 'Schwedleri'","Podrasky, N","803V87",24,4,1987,"Acer Collection, N-99/75-65","Yes",4,75,0,NA,5.063291139,94.93670886,0,114,5
"209","68104.0","0039453MOR","Acer platanoides 'Schwedleri'","Podrasky, N","805V87",24,4,1987,"Acer Collection, M-101/90-50","Yes",0,121,6,NA,0,95.27559055,4.724409449,114,5
"210","68105.0","0039620MOR","Acer platanoides 'Goldsworth Purple'","Podrasky, N","806V87",24,4,1987,"Acer Collection, M-101/50-50","Yes",21,121,0,NA,14.78873239,85.21126761,0,114,5
"211","68106.0","0039576MOR","Acer platanoides L.","Podrasky, N","807V87",24,4,1987,"Acer Collection, M-101/50-00; very wet ground.","Yes",2,176,0,NA,1.123595506,98.87640449,0,114,5
"213","68237.0","0039753MOR","Acer tataricum subsp. ginnala (Maxim.) Wesm.","Stoynoff, N","1297V87",6,7,1987,"Chinese Collection, Z-63/17-71.","Yes",0,0,26,NA,0,0,100,187,9
"214","68239.0","0039754MOR","Acer tataricum subsp. ginnala (Maxim.) Wesm.","Stoynoff, N","1298V87",6,7,1987,"Chinese Collection, Z-63/32-80.","Yes",0,0,37,NA,0,0,100,187,9
"215","68482.0","0039442MOR","Acer griseum (Franch.) Pax","Winter, K","883V87",30,4,1987,"M-51/90-60 south of Meadow Lake.","Yes",1,14,0,NA,6.666666667,93.33333333,0,120,5
"216","68577.0","0039543MOR","Acer palmatum Thunb.","Deal, G","832V87",28,4,1987,"Syringa Collection, I-49/40-30","Yes",13,241,0,NA,5.118110236,94.88188976,0,118,5
"217","69924.0","0039558MOR","Acer pensylvanicum L.","Hess, WJ","964V87",8,5,1987,"Appalachian, BB-73/60-11","Yes",0,96,0,NA,0,100,0,128,5
"218","69928.0","0039547MOR","Acer pensylvanicum L.","Hess, WJ","963V87",8,5,1987,"Appalachian, BB-73/58-30","Yes",0,41,0,NA,0,100,0,128,5
"219","70159.0","0039811MOR","Acer triflorum Kom.","Packard, S","1601V87",1,9,1987,"Hedge Garden, H-43/47-39","Yes",0,0,15,NA,0,0,100,244,9
"220","70326.0","0039718MOR","Acer rubrum L.","Podrasky, N","792V87",23,4,1987,"Meadow Lake, N-52/Area, Illinois Tree Trail.","Yes",0,17,25,NA,0,40.47619048,59.52380952,113,7
"221","71588.0","0070904MOR","Acer japonicum Thunb.","Podrasky, N","1053V87",27,5,1987,"Frost Hill, [E-60/90-20]","Yes",0,0,1,NA,0,0,100,147,9
"222","71592.0","0039443MOR","Acer griseum (Franch.) Pax","Podrasky, N","1056V87",27,5,1987,"E-62/05-20 on Frost Hill.","Yes",0,0,28,NA,0,0,100,147,9
"223","71593.0","0039444MOR","Acer griseum (Franch.) Pax","Podrasky, N","1057V87",27,5,1987,"E-61/40-80 on Frost hill.","Yes",0,0,8,NA,0,0,100,147,9
"224","71595.0","0039437MOR","Acer griseum (Franch.) Pax","Podrasky, N","1059V87",27,5,1987,"E-62/50-30 on Frost Hill.","Yes",0,0,24,NA,0,0,100,147,9
"225","71599.0","0039364MOR","Acer campestre var. austriacum (Tratt.) DC.","Podrasky, N","1063V87",27,5,1987,"F-63/05-65 on Frost Hill.","Yes",0,0,7,NA,0,0,100,147,9
"227","72893.0","0039714MOR","Acer rubrum L.","Podrasky, N","12V84",26,4,1984,"Diversity, N-57/13-15.","Yes",4,250,0,NA,1.57480315,98.42519685,0,117,5
"228","72894.0","0039736MOR","Acer rubrum L.","Podrasky, N","11V84",25,4,1984,"Oleaceae Coll., Q-38/75-60.","Yes",0,166,0,NA,0,100,0,116,5
"230","74009.0","0039497MOR","Acer miyabei Maxim.","Podrasky, N","1829V88",5,5,1988,"Godshalk Meadow, M-29/Area","Yes",18,23,0,NA,43.90243902,56.09756098,0,126,3
"231","74075.0","0039593MOR","Acer platanoides L.","Bunyan, T","1628V87",13,10,1987,"Aceraceae Collection, M-101/50-00","Yes",0,0,10,NA,0,0,100,286,9
"232","74119.0","0039541MOR","Acer palmatum Thunb.","Hess, WJ","1213V87",19,6,1987,"Syringa Collection, I-49/40-30","Yes",0,0,10,NA,0,0,100,170,9
"233","74184.0","0039870MOR","Acer saccharum Marshall","Podrasky, N","1332V87",8,7,1987,"Near Visitor Center, N-46/09-18","Yes",0,0,12,NA,0,0,100,189,9
"234","74547.0","0039619MOR","Acer platanoides 'Goldsworth Purple'","Bunyan, T","1629V87",13,10,1987,"Acer Collection, M-101/50-50","Yes",0,0,7,NA,0,0,100,286,9
"235","74774.0","0039755MOR","Acer tataricum subsp. ginnala (Maxim.) Wesm.","Podrasky, N","1232V87",23,6,1987,"Meadow Lake, S-47/00-50.","Yes",0,0,11,NA,0,0,100,174,9
"236","74878.0","0039649MOR","Acer platanoides 'Superform'","Podrasky, N","1692V88",14,4,1988,"Near Parking Lot #2, N-56/Area","Yes",5,64,0,NA,7.246376812,92.75362319,0,105,5
"239","74945.0","0039452MOR","Acer platanoides 'Schwedleri'","Bucha, L","1627V87",13,10,1987,"Acer Collection, N-99/55-40","Yes",0,0,11,NA,0,0,100,286,9
"240","74946.0","0039454MOR","Acer platanoides 'Schwedleri'","Bucha, L","1626V87",13,10,1987,"Acer Collection, N-99/75-65","Yes",0,0,6,NA,0,0,100,286,9
"241","75199.0","0039898MOR","Acer saccharum subsp. grandidentatum (Nutt. ex Torr. & A.Gray) Desmarais","Podrasky, N","1890V88",12,5,1988,"Meadow Lake, O-50/05-55.","Yes",0,0,23,NA,0,0,100,133,9
"242","76592.0","0039488MOR","Acer miyabei Maxim.","Podrasky, N","1286V87",2,7,1987,"Acer Collection, Q-99/15-40","Yes",0,0,9,NA,0,0,100,183,9
"243","76593.0","0039492MOR","Acer miyabei Maxim.","Podrasky, N","1285V87",2,7,1987,"Acer Collection, Q-99/40-10","Yes",0,0,5,NA,0,0,100,183,9
"244","76599.0","0039757MOR","Acer tataricum subsp. ginnala (Maxim.) Wesm.","Podrasky, N","1274V87",2,7,1987,"Forest Road, M-86/Area.","Yes",0,0,19,NA,0,0,100,183,9
"245","76850.0","0039495MOR","Acer miyabei Maxim.","Podrasky, N","1523V87",10,8,1987,"Along DuPage River, K-28/55-00","Yes",0,0,16,NA,0,0,100,222,9
"246","77009.0","0039381MOR","Acer campestre subsp. leiocarpum (Wallr.) Pax","Packard, S","1613V87",22,9,1987,"Tree Evaluation Plot, Row 15; E-96/Area","Yes",0,0,6,NA,0,0,100,265,9
"247","77010.0","0039380MOR","Acer campestre subsp. leiocarpum (Wallr.) Pax","Packard, S","1614V87",22,9,1987,"Tree Evaluation Plot, Row 15; E-96/Area","Yes",0,0,16,NA,0,0,100,265,9
"248","77033.0","0039501MOR","Acer miyabei Maxim.","Podrasky, N","1522V87",10,8,1987,"Godshalk Meadow, L-30/00-20","Yes",0,0,21,NA,0,0,100,222,9
"249","77308.0","0039970MOR","Acer truncatum Bunge","Podrasky, N","1734V88",21,4,1988,"Acer Collection, N-96/10-30.","Yes",23,83,0,NA,21.69811321,78.30188679,0,112,NA
"250","77435.0","0039780MOR","Acer saccharinum L.","Podrasky, N","1763V88",28,4,1988,"Acer Collection, N-97/15-80.","Yes",0,0,13,NA,0,0,100,119,9
"251","77446.0","0039595MOR","Acer platanoides 'Columnare'","Podrasky, N","1762V88",28,4,1988,"Acer Collection, N-100/30-80","Yes",0,44,0,NA,0,100,0,119,5
"252","77464.0","0039871MOR","Acer saccharum Marshall","Podrasky, N","1752V88",28,4,1988,"Acer Collection, S-101/15-10","Yes",2,115,0,NA,1.709401709,98.29059829,0,119,5
"253","77465.0","0039795MOR","Acer saccharinum 'Pendulum'","Podrasky, N","1764V88",28,4,1988,"Forest Road, Spikerush Marsh, N-94/55-95.","Yes",0,0,40,NA,0,0,100,119,9
"254","77466.0","0039618MOR","Acer platanoides 'Goldsworth Purple'","Podrasky, N","1760V88",28,4,1988,"Acer Collection, L-101/50-10","Yes",18,56,0,NA,24.32432432,75.67567568,0,119,NA
"255","77467.0","0039596MOR","Acer platanoides 'Columnare'","Podrasky, N","1761V88",28,4,1988,"Acer Collection, N-100/50-95","Yes",6,76,0,NA,7.317073171,92.68292683,0,119,5
"256","77490.0","0039882MOR","Acer saccharum Marshall","Podrasky, N","1753V88",28,4,1988,"Acer Collection, R-101/10-10","Yes",3,108,0,NA,2.702702703,97.2972973,0,119,5
"257","77491.0","0039506MOR","Acer mono Maxim.","Podrasky, N","1754V88",28,4,1988,"Acer Collection, P-100/55-95","Yes",20,176,0,NA,10.20408163,89.79591837,0,119,5
"258","77492.0","0039505MOR","Acer mono Maxim.","Podrasky, N","1755V88",28,4,1988,"Acer Collection, P-101/75-10","Yes",32,14,0,NA,69.56521739,30.43478261,0,119,2
"259","77493.0","0039988MOR","Acer","Podrasky, N","1756V88",28,4,1988,"Acer Collection, O-101/65-00.","Yes",25,96,0,NA,20.66115702,79.33884298,0,119,NA
"260","77494.0","0039585MOR","Acer platanoides 'Chas. F. Irish'","Podrasky, N","1757V88",28,4,1988,"Acer Collection, O-102/15-50","Yes",0,40,0,NA,0,100,0,119,5
"261","77495.0","0039566MOR","Acer platanoides L.","Podrasky, N","1758V88",28,4,1988,"Acer Collection, N-101/75-75","Yes",22,135,0,NA,14.01273885,85.98726115,0,119,5
"262","77496.0","0039631MOR","Acer platanoides 'Rubrum'","Podrasky, N","1759V88",28,4,1988,"Acer Collection, M-100/15-55","Yes",5,131,0,NA,3.676470588,96.32352941,0,119,5
"263","77597.0","0039607MOR","Acer platanoides 'Erectum'","Podrasky, N","1736V88",21,4,1988,"Acer Collection, O-101/10-40","Yes",5,104,0,NA,4.587155963,95.41284404,0,112,5
"264","77598.0","0039971MOR","Acer truncatum Bunge","Podrasky, N","1735V88",21,4,1988,"Acer Collection, N-97/60-30.","Yes",52,97,0,NA,34.89932886,65.10067114,0,112,NA
"265","77599.0","0039570MOR","Acer platanoides L.","Hess, WJ","1137V88",26,4,1988,"Display Area, B-45","Yes",0,85,0,NA,0,100,0,117,5
"266","77628.0","0039839MOR","Acer rubrum 'Silhouette'","Podrasky, N","1659V88",5,4,1988,"Administration Building, N-45/area","Yes",3,97,0,NA,3,97,0,96,5
"267","77681.0","0039382MOR","Acer campestre subsp. leiocarpum (Wallr.) Pax","Packard, S","1615V87",22,9,1987,"Tree Evaluation Plot, Row 15; E-96/Area","Yes",0,0,7,NA,0,0,100,265,9
"268","77684.0","0039719MOR","Acer rubrum L.","Podrasky, N","1654V88",5,4,1988,"Display, B-48/Area.","Yes",4,126,0,NA,3.076923077,96.92307692,0,96,5
"269","78177.0","0039683MOR","Acer rubrum L.","Hess, WJ","1851V88",10,5,1988,"Pinaceae Collection, J-54/00-10","Yes",0,0,148,NA,0,0,100,131,9
"270","78240.0","0039790MOR","Acer saccharinum 'Laciniatum'","Podrasky, N","1770V88",28,4,1988,"Acer Collection, O-96/45-90.","Yes",0,0,19,NA,0,0,100,119,9
"271","78241.0","0039787MOR","Acer saccharinum 'Beebe Cutleaf Weeping'","Podrasky, N","1771V88",28,4,1988,"Acer Collection, O-97/80-10.","Yes",0,3,27,NA,0,10,90,119,8
"272","78264.0","0039778MOR","Acer saccharinum L.","Podrasky, N","1772V88",28,4,1988,"Acer Collection, 0-97/70-50.","Yes",0,3,22,NA,0,12,88,119,8
"273","78310.0","0039496MOR","Acer miyabei Maxim.","Podrasky, N","1831V88",5,5,1988,"Alnus Collection, L-28/20-45","Yes",23,126,0,NA,15.43624161,84.56375839,0,126,5
"274","78318.0","0039372MOR","Acer campestre var. austriacum (Tratt.) DC.","Hess, WJ","1821V88",5,5,1988,"P-38/Area along W route 53.","Yes",5,23,0,NA,17.85714286,82.14285714,0,126,5
"275","78319.0","0039722MOR","Acer rubrum L.","Podrasky, N","1818V88",5,5,1988,"J-54/00-10 in New Larix Collection.","Yes",0,0,265,NA,0,0,100,126,9
"276","78321.0","0039777MOR","Acer saccharinum L.","Podrasky, N","1773V88",28,4,1988,"Acer Collection, O-97/55-60.","Yes",0,0,25,NA,0,0,100,119,9
"277","78500.0","0039728MOR","Acer rubrum L.","Podrasky, N","1783V88",3,5,1988,"Meadow Lake, N-49/50-90.","Yes",0,0,238,NA,0,0,100,124,9
"278","78622.0","0039658MOR","Acer platanoides 'Undulatum'","Podrasky, N","804V87",24,4,1987,"Acer Collection, N-101/30-10","Yes",6,76,0,NA,7.317073171,92.68292683,0,114,5
"279","79101.0","0039873MOR","Acer saccharum Marshall","Podrasky, N","1781V88",3,5,1988,"Near Visitor Center, L-48/65-15","Yes",0,299,15,NA,0,95.22292994,4.777070064,124,5
"280","79421.0","0039864MOR","Acer saccharum Marshall","Podrasky, N","2087V88",22,6,1988,"Near Visitor Center, N-46/05-39","Yes",0,0,19,NA,0,0,100,174,9
"281","80450.0","0039756MOR","Acer tataricum subsp. ginnala (Maxim.) Wesm.","Quist, J","2135V88",12,7,1988,"China Collection, central, BB-66/27-41.","Yes",0,0,34,NA,0,0,100,194,9
"283","80725.0","0039758MOR","Acer tataricum subsp. ginnala (Maxim.) Wesm.","Hess, WJ","2172V88",26,7,1988,"China Collection, AA-63/62-56.","Yes",0,0,79,NA,0,0,100,208,9
"284","80726.0","0039303MOR","Acer campestre L.","Podrasky, N","2154V88",19,7,1988,"P-24/35-10 in Cornales Collection.","Yes",0,0,8,NA,0,0,100,201,9
"285","80728.0","0039761MOR","Acer tataricum subsp. ginnala (Maxim.) Wesm.","Hess, WJ","2171V88",26,7,1988,"China Collection, AA-63/68-34.","Yes",0,0,108,NA,0,0,100,208,9
"287","80756.0","0039306MOR","Acer campestre L.","Podrasky, N","2168V88",19,7,1988,"Q-21/35-35 in Cornales Collection.","Yes",0,0,9,NA,0,0,100,201,9
"290","82736.0","0039832MOR","Acer rubrum 'Schlesingeri'","Shimp, E","2247V89",13,4,1989,"Tree Evaluation Plot, Row 18; E-96/area","Yes",6,137,0,NA,4.195804196,95.8041958,0,103,5
"291","82743.0","0039769MOR","Acer rubrum 'Autumn Flame'","Shimp, E","2248V89",13,4,1989,"Tree Evaluation Plot, Row 20, E-96/Area.","Yes",4,177,0,NA,2.209944751,97.79005525,0,103,5
"292","82745.0","0039721MOR","Acer rubrum L.","Shimp, E","2250V89",13,4,1989,"Acer Collection, R-98/10-85.","Yes",16,159,0,NA,9.142857143,90.85714286,0,103,5
"293","82800.0","0039852MOR","Acer saccharinum L.","Shimp, E","2246V89",13,4,1989,"Forest Road, K-93/60-60","Yes",8,120,0,NA,6.25,93.75,0,103,5
"294","83668.0","0039741MOR","Acer rubrum L.","Shimp, E","2270V89",17,4,1989,"Parking #2, M-56/Area.","Yes",0,78,0,NA,0,100,0,107,5
"295","83669.0","0039717MOR","Acer rubrum L.","Shimp, E","2269V89",17,4,1989,"Diversity, N-57/14-28.","Yes",3,124,0,NA,2.362204724,97.63779528,0,107,5
"296","83671.0","0039738MOR","Acer rubrum L.","Shimp, E","2268V89",17,4,1989,"Diversity, N-57/13-15.","Yes",7,104,0,NA,6.306306306,93.69369369,0,107,5
"297","83677.0","0039821MOR","Acer rubrum 'Columnare'","Shimp, E","2226V89",7,4,1989,"Arbordale, J-29/area","Yes",6,30,0,NA,16.66666667,83.33333333,0,97,5
"298","83678.0","0039840MOR","Acer rubrum 'Silhouette'","Shimp, E","2227V89",7,4,1989,"Arbordale, 6-27/area","Yes",22,92,0,NA,19.29824561,80.70175439,0,97,5
"299","83680.0","0039715MOR","Acer rubrum L.","Shimp, E","2229V89",7,4,1989,"Arbordale, E-29/area.","Yes",5,21,0,NA,19.23076923,80.76923077,0,97,5
"300","83700.0","0039771MOR","Acer rubrum 'Bowhall'","Shimp, E","2275V89",19,4,1989,"Acer Collection, S-103/65-45.","Yes",0,99,0,NA,0,100,0,109,5
"301","83701.0","0039684MOR","Acer rubrum L.","Shimp, E","2276V89",19,4,1989,"Acer Collection, S-103/80-80","Yes",52,4,0,NA,92.85714286,7.142857143,0,109,1
"302","83705.0","0039770MOR","Acer rubrum 'Autumn Flame'","Shimp, E","2273V89",17,4,1989,"Acer Collection, X-60/87-74.","Yes",2,113,0,NA,1.739130435,98.26086957,0,107,5
"303","83706.0","0039822MOR","Acer rubrum 'Columnare'","Shimp, E","2251V89",13,4,1989,"Tree Evaluation Plot, Row 11; E-96/area","Yes",8,6,0,NA,57.14285714,42.85714286,0,103,3
"304","83707.0","0039716MOR","Acer rubrum L.","Shimp, E","2252V89",13,4,1989,"Acer Collection, R-99/70-40.","Yes",5,85,0,NA,5.555555556,94.44444444,0,103,5
"305","83708.0","0039768MOR","Acer rubrum 'Autumn Flame'","Shimp, E","2274V89",19,4,1989,"Acer Collection, S-103/90-20.","Yes",2,160,0,NA,1.234567901,98.7654321,0,109,5
"306","83709.0","0039420MOR","Acer × freemanii A.E.Murray","Shimp, E","2253V89",13,4,1989,"Acer Collection, S-99/30-55.","Yes",16,105,0,NA,13.2231405,86.7768595,0,103,5
"307","84616.0","0039727MOR","Acer rubrum L.","Shimp, E","2326V89",26,4,1989,"Northern Great Lakes, PP-32/Area.","Yes",1,52,1,NA,1.851851852,96.2962963,1.851851852,116,5
"308","84850.0","0043808MOR","Acer japonicum Thunb.","Shimp, E","2313V89",25,4,1989,"Thornhill South Lawn FF-27/Area","Yes",34,33,0,NA,50.74626866,49.25373134,0,115,3
"309","84854.0","0039881MOR","Acer saccharum Marshall","Shimp, E","2309V89",25,4,1989,"Thornhill South Lawn section, GG-26/area","Yes",7,367,0,NA,1.871657754,98.12834225,0,115,5
"310","84896.0","0039989MOR","Acer","Shimp, E","2280V89",19,4,1989,"Acer Collection, U-99/20-30.","Yes",5,137,0,NA,3.521126761,96.47887324,0,109,5
"311","84897.0","0039421MOR","Acer × freemanii A.E.Murray","Shimp, E","2279V89",19,4,1989,"R-103/40-10 in Acer Collection.","Yes",35,20,0,NA,63.63636364,36.36363636,0,109,2
"312","84898.0","0039422MOR","Acer × freemanii A.E.Murray","Shimp, E","2278V89",19,4,1989,"R-103/75-15 in Acer Collection.","Yes",26,29,0,NA,47.27272727,52.72727273,0,109,3
"313","84899.0","0039720MOR","Acer rubrum L.","Shimp, E","2277V89",19,4,1989,"Acer Collection, S-104/50-00.","Yes",53,10,0,NA,84.12698413,15.87301587,0,109,2
"314","85432.0","0039862MOR","Acer saccharum Marshall","Hess, WJ","2371V89",8,5,1989,"Syringa Collection, J-46/90-65","Yes",0,87,0,NA,0,100,0,128,5
"315","85435.0","0039652MOR","Acer platanoides 'Superform'","Hess, WJ","2373V89",8,5,1989,"Lakeview Meadow, L-54/60-99","Yes",2,192,0,NA,1.030927835,98.96907216,0,128,5
"316","86312.0","0039466MOR","Acer heldreichii var. macropterum (Vis.) Pax","Linden, PJ van der","2903V89",16,8,1989,"Diversity Collection, Q-58/11-83","Yes",0,0,8,NA,0,0,100,228,9
"317","88895.0","0040011MOR","Acer saccharum subsp. nigrum (F.Michx.) Desmarais","Hess, WJ","2374V89",8,5,1989,"Eleagnaceae Collection, O-54/05-85.","Yes",0,436,0,NA,0,100,0,128,5
"318","89047.0","0039474MOR","Acer heldreichii var. macropterum (Vis.) Pax","Linden, PJ van der","2591V89",1,6,1989,"Colored Foliage, K-94/10-45","Yes",0,30,26,NA,0,53.57142857,46.42857143,152,6
"319","89109.0","0039464MOR","Acer heldreichii Orph. ex Boiss.","Linden, PJ van der","2592V89",30,5,1989,"Frost Hill, D-63/95-45","Yes",0,8,16,NA,0,33.33333333,66.66666667,150,7
"320","89142.0","0039473MOR","Acer heldreichii var. macropterum (Vis.) Pax","Linden, PJ van der","2590V89",30,5,1989,"Diversity Collection, Q-58/11-83","Yes",0,0,2,NA,0,0,100,150,9
"321","89565.0","0040000MOR","Acer saccharum 'Green Mountain'","Packard, S","2714V89",27,6,1989,"East Cloverleaf, M-44/10-88.","Yes",0,0,5,NA,0,0,100,178,9
"322","89697.0","0039880MOR","Acer saccharum Marshall","Packard, S","2713V89",27,6,1989,"East Cloverleaf, M-45/02-06","Yes",0,0,5,NA,0,0,100,178,9
"323","89698.0","0039999MOR","Acer saccharum 'Green Mountain'","Packard, S","2715V89",27,6,1989,"East Cloverleaf, M-45/24-28.","Yes",0,0,9,NA,0,0,100,178,9
"324","89842.0","0039440MOR","Acer griseum (Franch.) Pax","Klock, K","2805V89",27,7,1989,"E-63/80-15 in Frost Hill.","Yes",0,0,19,NA,0,0,100,208,9
"325","90005.0","0039370MOR","Acer campestre var. austriacum (Tratt.) DC.","Klock, K","2770V89",13,7,1989,"F-64/05-65 in Rosaceae.","Yes",0,0,16,NA,0,0,100,194,9
"326","90742.0","0039693MOR","Acer rubrum L.","Shimp, E","3186V90",21,3,1990,"Meadow Lake, N-49/50-90","Yes",0,225,14,NA,0,94.14225941,5.857740586,80,5
"327","90775.0","0039687MOR","Acer rubrum L.","Shimp, E","3184V90",20,3,1990,"Acer Collection, T-104/40-20","Yes",46,196,0,NA,19.00826446,80.99173554,0,79,5
"328","90776.0","0039686MOR","Acer rubrum L.","Shimp, E","3183V90",20,3,1990,"Acer Collection, T-104/1-0","Yes",3,155,0,NA,1.898734177,98.10126582,0,79,5
"329","90777.0","0039685MOR","Acer rubrum L.","Shimp, E","3182V90",20,3,1990,"Acer Collection, R-100/50-30","Yes",18,291,0,NA,5.825242718,94.17475728,0,79,5
"330","90826.0","0039774MOR","Acer rubrum 'Bowhall'","Shimp, E","3185V90",20,3,1990,"Acer Collection, T-103/65-95.","Yes",19,144,6,NA,11.24260355,85.20710059,3.550295858,79,5
"331","90831.0","0039825MOR","Acer rubrum 'Columnare'","Shimp, E","3181V90",20,3,1990,"Acer Collection, R-99/70-70","Yes",46,25,0,NA,64.78873239,35.21126761,0,79,2
"333","91521.0","0039461MOR","Acer davidii subsp. grosseri (Pax) P.C.de Jong","Klock, K","3322V90",15,5,1990,"China Collection, AA-65/04-96","Yes",4,20,0,NA,16.66666667,83.33333333,0,135,5
"334","91522.0","0039463MOR","Acer davidii subsp. grosseri (Pax) P.C.de Jong","Klock, K","3321V90",15,5,1990,"China Collection, AA-66/02-08","Yes",24,156,0,NA,13.33333333,86.66666667,0,135,5
"335","91579.0","0039460MOR","Acer davidii subsp. grosseri (Pax) P.C.de Jong","Klock, K","3320V90",15,5,1990,"China Collection, AA-66/08-25","Yes",0,64,0,NA,0,100,0,135,5
"336","92036.0","0040058MOR","Acer tataricum L.","Klock, K","3391V90",23,5,1990,"Frost Hill, D-63/70-80.","Yes",0,38,0,NA,0,100,0,143,5
"337","92451.0","0039310MOR","Acer campestre L.","Klock, K","3488V90",11,6,1990,"FF-71/38-22 in the Central and Western Asia Collection.","Yes",0,0,13,NA,0,0,100,162,9
"338","93117.0","0040049MOR","Acer tataricum subsp. tataricum","Shimp, E","3642V90",16,7,1990,"Forest Road, N-90/Area.","Yes",0,0,24,NA,0,0,100,197,9
"341","95947.0","0039441MOR","Acer griseum (Franch.) Pax","Gavlak, N","3973V90",22,8,1990,"N-51/50-40 near Meadow Lake.","Yes",0,0,5,NA,0,0,100,234,9
"342","96761.0","0039833MOR","Acer rubrum 'October Glory'","Gavlak, N","4315V91",2,4,1991,"Syringa Collection, K-51/area","Yes",34,31,0,NA,52.30769231,47.69230769,0,92,3
"343","96763.0","0039733MOR","Acer rubrum L.","Gavlak, N","4317V90",2,4,1991,"Near Staff Parking Lot, L-43/Area.","Yes",8,61,0,NA,11.5942029,88.4057971,0,92,5
"344","96782.0","0039782MOR","Acer saccharinum L.","Shimp, E","4280V91",25,3,1991,"Acer Collection, P-100/00-20.","Yes",14,24,0,NA,36.84210526,63.15789474,0,84,3
"345","96783.0","0039784MOR","Acer saccharinum L.","Shimp, E","4281V91",25,3,1991,"Acer Collection, P-99/45-50.","Yes",18,31,0,NA,36.73469388,63.26530612,0,84,3
"346","96784.0","0039783MOR","Acer saccharinum L.","Shimp, E","4279V91",25,3,1991,"Acer Collection, S-100/55-20.","Yes",20,9,0,NA,68.96551724,31.03448276,0,84,2
"347","97004.0","0039788MOR","Acer saccharinum 'Beebe Cutleaf Weeping'","Shimp, E","4285V91",26,3,1991,"Acer Collection, P-99/15-70.","Yes",32,51,0,NA,38.55421687,61.44578313,0,85,3
"348","97020.0","0039781MOR","Acer saccharinum L.","Shimp, E","4288V91",26,3,1991,"Acer Collection, P-98/30-75.","Yes",50,118,0,NA,29.76190476,70.23809524,0,85,NA
"349","97021.0","0039789MOR","Acer saccharinum 'Blair'","Shimp, E","4289V91",26,3,1991,"Acer Collection, P-98/95-80.","Yes",28,119,0,NA,19.04761905,80.95238095,0,85,5
"350","97060.0","0039490MOR","Acer miyabei Maxim.","Packard, S","4421V91",3,5,1991,"Japan Collection, AA-59/30-15","Yes",37,69,0,NA,34.90566038,65.09433962,0,123,NA
"351","97065.0","0039849MOR","Acer saccharinum L.","Shimp, E","4287V91",26,3,1991,"Acer Collection, P-99/35-95","Yes",62,55,0,NA,52.99145299,47.00854701,0,85,3
"352","97066.0","0039856MOR","Acer saccharinum L.","Shimp, E","4286V91",26,3,1991,"Acer Collection, 0-99/95-95","Yes",8,52,0,NA,13.33333333,86.66666667,0,85,5
"353","97067.0","0039786MOR","Acer saccharinum 'Aureum'","Shimp, E","4284V91",26,3,1991,"Colored Foliage, K-97/65-05.","Yes",28,66,0,NA,29.78723404,70.21276596,0,85,NA
"354","97068.0","0039680MOR","Acer rubrum L.","Shimp, E","4290V91",26,3,1991,"Diversity Collection, N-57/28-11","Yes",42,132,0,NA,24.13793103,75.86206897,0,85,NA
"355","97198.0","0039694MOR","Acer rubrum L.","Gavlak, N","4306V91",1,4,1991,"Near Meadow Lake, R-52/25-55","Yes",12,73,0,NA,14.11764706,85.88235294,0,91,5
"356","97245.0","0039695MOR","Acer rubrum L.","Gavlak, N","4304V91",1,4,1991,"Along East Illinois 53, G-38/Area","Yes",35,102,0,NA,25.54744526,74.45255474,0,91,NA
"357","97537.0","0039491MOR","Acer miyabei Maxim.","Altvatter, K","4656V91",13,6,1991,"Japan Collection, AA-59/51-73","Yes",0,0,3,NA,0,0,100,164,9
"358","97716.0","0040033MOR","Acer spicatum Lam.","Packard, S","4622V91",4,6,1991,"Acer Collection, W-61/00-07.","Yes",0,0,106,NA,0,0,100,155,9
"359","97889.0","0039563MOR","Acer platanoides L.","Gavlak, N","4704V91",19,6,1991,"Display Garden, Row 1, B-45/Area","Yes",0,0,10,NA,0,0,100,170,9
"360","98065.0","0039915MOR","Acer tataricum subsp. ginnala (Maxim.) Wesm.","Gavlak, N","4497V91",15,5,1991,"Near Administration Building, K-40/area","Yes",117,183,0,NA,39,61,0,135,3
"361","98274.0","0039924MOR","Acer tataricum subsp. ginnala (Maxim.) Wesm.","Packard, S","4832V91",30,7,1991,"Japanese Collection, AA-58/35-85","Yes",0,0,78,NA,0,0,100,211,9
"362","98275.0","0039803MOR","Acer tataricum subsp. ginnala (Maxim.) Wesm.","Packard, S","4833V91",30,7,1991,"Japanese Collection, AA-58/40-70.","Yes",0,0,27,NA,0,0,100,211,9
"363","98276.0","0039489MOR","Acer miyabei Maxim.","Packard, S","4834V91",30,7,1991,"Japanese Collection, AA-59/30-15","Yes",0,0,1,NA,0,0,100,211,9
"364","98351.0","0039913MOR","Acer tataricum subsp. ginnala (Maxim.) Wesm.","Packard, S","4837V91",30,7,1991,"Japanese Collection, AA-60/35-75","Yes",0,0,49,NA,0,0,100,211,9
"365","98353.0","0039977MOR","Acer truncatum Bunge","Altvatter, K","4844V91",2,8,1991,"Hamamelidaceae Collection, N-96/10-30.","Yes",0,0,9,NA,0,0,100,214,9
"366","98422.0","0039636MOR","Acer platanoides 'Palmatifidum'","Altvatter, K","4841V91",2,8,1991,"Acer Collection, L-100/85-70","Yes",0,0,15,NA,0,0,100,214,9
"367","98424.0","0040042MOR","Acer tataricum L.","Altvatter, K","4901V91",16,8,1991,"Aesculus Collection, M-92/Area.","Yes",0,0,10,NA,0,0,100,228,9
"368","98848.0","0039548MOR","Acer pensylvanicum L.","Altvatter, K","4950V91",26,9,1991,"Appalachia Collection, BB-72/72-70","Yes",0,0,15,NA,0,0,100,269,9
"370","103689.0","0039744MOR","Acer rubrum L.","Packard, S","5007V92",5,5,1992,"Pinaceae Coll., J-54/Area.","Yes",0,0,68,NA,0,0,100,126,9
"372","103792.0","0039879MOR","Acer saccharum Marshall","Packard, S","5002V92",5,5,1992,"East clover leaf, L-43/area","Yes",8,295,10,NA,2.555910543,94.24920128,3.194888179,126,5
"373","103797.0","0039411MOR","Acer cissifolium (Siebold & Zucc.) K.Koch","Packard, S","5011V92",5,5,1992,"E-48/20-05 Dwarf Woody Plants.","Yes",57,122,0,NA,31.84357542,68.15642458,0,126,NA
"376","104030.0","0040009MOR","Acer saccharum subsp. nigrum (F.Michx.) Desmarais","Hess, WJ","5043V92",13,5,1992,"Acer Collection, T-102/25-05.","Yes",0,66,18,NA,0,78.57142857,21.42857143,134,6
"377","104034.0","0040007MOR","Acer saccharum subsp. nigrum (F.Michx.) Desmarais","Hess, WJ","5045V92",13,5,1992,"Acer Collection, S-102/85-15.","Yes",0,0,4,NA,0,0,100,134,9
"378","104035.0","0040016MOR","Acer saccharum subsp. nigrum (F.Michx.) Desmarais","Hess, WJ","5044V92",13,5,1992,"Acer Collection, T-102/05-55.","Yes",0,4,10,NA,0,28.57142857,71.42857143,134,8
"380","104050.0","0040025MOR","Acer saccharum subsp. schneckii (Rehder) Desmarais","Hess, WJ","5049V92",13,5,1992,"Acer Collection, R-101/70-70.","Yes",0,10,15,NA,0,40,60,134,7
"382","104052.0","0070910MOR","Acer palmatum var. heptalobum Rehder","Hess, WJ","5053V92",13,5,1992,"Acer Collection, [Q-101/20-25]","Yes",0,33,10,NA,0,76.74418605,23.25581395,134,6
"383","104053.0","0039725MOR","Acer rubrum L.","Hess, WJ","5031V92",13,5,1992,"Acer Collection, R-99/70-40.","Yes",0,0,49,NA,0,0,100,134,9
"384","104054.0","0039799MOR","Acer tataricum subsp. ginnala (Maxim.) Wesm.","Hess, WJ","5033V92",13,5,1992,"Acer Collection, S-100/00-25.","Yes",319,2,0,NA,99.37694704,0.6230529595,0,134,1
"386","104056.0","0039384MOR","Acer campestre subsp. leiocarpum (Wallr.) Pax","Hess, WJ","5035V92",13,5,1992,"Acer Collection, S-99/95-85","Yes",0,42,0,NA,0,100,0,134,5
"387","104057.0","0039383MOR","Acer campestre subsp. leiocarpum (Wallr.) Pax","Hess, WJ","5037V92",13,5,1992,"Acer Collection, T-99/30-65","Yes",2,24,0,NA,0,100,0,134,5
"388","104058.0","0039802MOR","Acer tataricum subsp. ginnala (Maxim.) Wesm.","Hess, WJ","5038V92",13,5,1992,"Acer Collection, T-99/75-60.","Yes",246,0,0,NA,100,0,0,134,1
"389","104059.0","0040045MOR","Acer tataricum L.","Hess, WJ","5039V92",13,5,1992,"Acer Collection, T-99/80-80.","Yes",51,0,0,NA,100,0,0,134,1
"392","104066.0","0043809MOR","Acer palmatum var. heptalobum Rehder","Hess, WJ","5055V92",13,5,1992,"Acer Collection P-100/90-80","Yes",5,12,0,NA,29.41176471,70.58823529,0,134,NA
"394","104068.0","0040018MOR","Acer saccharum subsp. nigrum (F.Michx.) Desmarais","Hess, WJ","5048V92",13,5,1992,"Acer Collection, S-101/05-85.","Yes",0,10,0,NA,0,100,0,134,5
"395","104074.0","0043813MOR","Acer palmatum var. heptalobum Rehder","Hess, WJ","5054V92",13,5,1992,"Acer Collection Q-101/05-40","Yes",0,17,0,NA,0,100,0,134,5
"397","104132.0","0039798MOR","Acer tataricum subsp. ginnala (Maxim.) Wesm.","Hess, WJ","5032V92",13,5,1992,"Acer Collection, S-100/25-00.","Yes",364,2,0,NA,99.45355191,0.5464480874,0,134,1
"399","104134.0","0039806MOR","Acer tataricum subsp. ginnala (Maxim.) Wesm.","Hess, WJ","5036V92",13,5,1992,"Acer Collection, T-99/20-80","Yes",240,4,0,NA,98.36065574,1.639344262,0,134,1
"400","104135.0","0040043MOR","Acer tataricum L.","Hess, WJ","5040V92",13,5,1992,"Acer Collection, T-100/25-60.","Yes",228,75,0,NA,75.24752475,24.75247525,0,134,2
"402","104498.0","0039800MOR","Acer tataricum subsp. ginnala (Maxim.) Wesm.","Altvatter, K","5124V92",27,5,1992,"Tree Evaluation Plot, Row 13, E-96/Area.","Yes",12,65,0,"Some seeds but they look like from the prior season",15.58441558,84.41558442,0,148,5
"403","104499.0","0039648MOR","Acer platanoides 'Schwedleri'","Packard, S","5133V92",28,5,1992,"Tree Evaluation Plot, Row 4; E-96/Area","Yes",0,0,9,NA,0,0,100,149,9
"404","104500.0","0039379MOR","Acer campestre subsp. leiocarpum (Wallr.) Pax","Altvatter, K","5126V92",27,5,1992,"Tree Evaluation Plot, Row 15","Yes",0,7,43,NA,0,14,86,148,8
"405","104503.0","0039584MOR","Acer platanoides 'Chas. F. Irish'","Packard, S","5138V92",28,5,1992,"Tree Evaluation Plot, Row 8; E-96/Area","Yes",0,0,10,NA,0,0,100,149,9
"406","104504.0","0039604MOR","Acer platanoides 'Crimson King'","Packard, S","5137V92",28,5,1992,"Tree Evaluation Plot, Row 4; E-96/Area","Yes",0,0,5,NA,0,0,100,149,9
"407","104505.0","0039554MOR","Acer pensylvanicum L.","Altvatter, K","5179V92",9,6,1992,"Appalachia Collection, BB-78/58-30","Yes",0,0,34,NA,0,0,100,161,9
"408","104506.0","0088300MOR","Acer pensylvanicum L.","Altvatter, K","5178V92",9,6,1992,"Appalachia Collection, [BB-73/60-11]","Yes",0,0,20,NA,0,0,100,161,9
"409","104546.0","0039809MOR","Acer tataricum subsp. ginnala (Maxim.) Wesm.","Matuszewski, E","5186V92",15,6,1992,"Acer Collection, U-99/35-80.","Yes",0,0,29,NA,0,0,100,167,9
"410","104560.0","0040020MOR","Acer saccharum subsp. schneckii (Rehder) Desmarais","Matuszewski, E","5188V92",15,6,1992,"Acer Collection, T-103/40-25.","Yes",0,0,11,NA,0,0,100,167,9
"411","104568.0","0039600MOR","Acer platanoides 'Cleveland'","Packard, S","5131V92",28,5,1992,"Tree Evaluation Plot, Row 10; E-96/Area","Yes",0,0,11,NA,0,0,100,149,9
"412","104570.0","0039647MOR","Acer platanoides 'Schwedleri'","Packard, S","5134V92",28,5,1992,"Tree Evaluation Plot, Row 4; E-96/Area","Yes",0,0,6,NA,0,0,100,149,9
"413","104571.0","0039587MOR","Acer platanoides L.","Packard, S","5135V92",28,5,1992,"Tree Evaluation Plot, Row 4, E-96/Area","Yes",0,0,27,NA,0,0,100,149,9
"414","104572.0","0039605MOR","Acer platanoides 'Crimson King'","Packard, S","5136V92",28,5,1992,"Tree Evaluation Plot, Row 4; E-96/Area","Yes",0,0,2,NA,0,0,100,149,9
"416","104585.0","0040019MOR","Acer saccharum subsp. schneckii (Rehder) Desmarais","Matuszewski, E","5187V92",15,6,1992,"Acer Collection, T-103/85-20.","Yes",0,0,14,NA,0,0,100,167,9
"417","104588.0","0039609MOR","Acer platanoides 'Emerald Queen'","Packard, S","5191V92",16,6,1992,"Tree Evaluation Plot, Row 3, E-96/Area","Yes",0,0,14,NA,0,0,100,168,9
"418","104590.0","0039646MOR","Acer platanoides 'Schwedleri'","Hess, WJ","5240V92",25,6,1992,"Southern Europe, W-37/20-65","Yes",0,0,6,NA,0,0,100,177,9
"419","104597.0","0039804MOR","Acer tataricum subsp. ginnala (Maxim.) Wesm.","Altvatter, K","5123V92",27,5,1992,"Tree Evaluation Plot, Row 13, E-96/Area","Yes",0,122,3,NA,0,97.6,2.4,148,5
"420","104598.0","0039805MOR","Acer tataricum subsp. ginnala (Maxim.) Wesm.","Altvatter, K","5122V92",27,5,1992,"Tree Evaluation Plot, Row 13, E-96/Area.","Yes",11,269,4,NA,3.873239437,94.71830986,1.408450704,148,5
"421","104599.0","0039808MOR","Acer tataricum subsp. ginnala (Maxim.) Wesm.","Altvatter, K","5125V92",27,5,1992,"Tree Evaluation Plot, Row 13, E-96/Area","Yes",137,291,0,NA,32.00934579,67.99065421,0,148,NA
"422","104683.0","0039875MOR","Acer saccharum Marshall","Hess, WJ","5241V92",25,6,1992,"Along Valley Road, V-37/90-66","Yes",0,0,6,NA,0,0,100,177,9
"423","104805.0","0039498MOR","Acer miyabei Maxim.","Packard, S","5254V92",30,6,1992,"Near Parking 26, D-23/75-83","Yes",0,0,29,NA,0,0,100,182,9
"425","104996.0","0039580MOR","Acer platanoides L.","Hess, WJ","5284V92",2,7,1992,"Near Sunfish Pond, X-44/95-10","Yes",0,0,10,NA,0,0,100,184,9
"426","105000.0","0039662MOR","Acer platanoides L.","Hess, WJ","5279V92",2,7,1992,"Near Sunfish Pond, U-43/95-55","Yes",0,0,9,NA,0,0,100,184,9
"427","105029.0","0039876MOR","Acer saccharum Marshall","Hess, WJ","5261V92",1,7,1992,"Just west of Valley Road, W-38/area","Yes",0,0,6,NA,0,0,100,183,9
"428","105945.0","0039987MOR","Acer turkestanicum Pax","Linden, PJ van der","s.n.",31,8,1992,"Frost Hill, E-64/97-00.","Yes",0,0,1,NA,0,0,100,244,9
"429","106051.0","0040048MOR","Acer tataricum L.","Packard, S","5464V92",25,8,1992,"Acer Collection, V-101/90-75.","Yes",0,0,17,NA,0,0,100,238,9
"430","106052.0","0039309MOR","Acer campestre L.","Packard, S","5466V92",25,8,1992,"Y-103/05-75 Acer Collection.","Yes",0,0,5,NA,0,0,100,238,9
"431","106053.0","0039801MOR","Acer tataricum subsp. ginnala (Maxim.) Wesm.","Packard, S","5463V92",25,8,1992,"Acer Collection, V-101/70-60.","Yes",0,0,30,NA,0,0,100,238,9
"432","106273.0","0039407MOR","Acer campestre L.","Packard, S","5465V92",25,8,1992,"W-103/50-85 in Acer Collection.","Yes",0,0,34,NA,0,0,100,238,9
"433","106856.0","0039982MOR","Acer platanoides L.","Altvatter, K","5513V92",9,10,1992,"Display Area, B-48/75-35.","Yes",0,0,8,NA,0,0,100,283,9
"436","111349.0","0039854MOR","Acer saccharinum L.","Packard, S","5564V93",13,4,1993,"Acer Collection, O-97/55-60","Yes",8,82,0,NA,8.888888889,91.11111111,0,103,5
"437","111350.0","0039696MOR","Acer rubrum L.","Altvatter, K","5570V93",16,4,1993,"Near DuPage River, V-45/50-45","Yes",26,14,0,NA,65,35,0,106,2
"438","111354.0","0039793MOR","Acer saccharinum 'Laciniatum'","Packard, S","5566V93",13,4,1993,"Acer Collection, O-96/45-90.","Yes",6,64,0,NA,8.571428571,91.42857143,0,103,5
"439","111359.0","0039826MOR","Acer rubrum 'Columnare'","Packard, S","5561V93",13,4,1993,"Acer Collection, Q-100/85-40","Yes",22,150,0,NA,12.79069767,87.20930233,0,103,5
"440","111361.0","0039819MOR","Acer rubrum 'Columnare'","Packard, S","5562V93",13,4,1993,"Acer Collection, Q-100/75-65","Yes",13,33,0,NA,28.26086957,71.73913043,0,103,NA
"441","111364.0","0039796MOR","Acer saccharinum 'Pendulum'","Packard, S","5568V93",13,4,1993,"Acer Collection, N-94/55-95.","Yes",12,83,0,NA,12.63157895,87.36842105,0,103,5
"442","111434.0","0039855MOR","Acer saccharinum L.","Packard, S","5565V93",13,4,1993,"Acer Collection, O-97/70-50","Yes",11,12,0,NA,47.82608696,52.17391304,0,103,3
"443","111435.0","0039853MOR","Acer saccharinum L.","Packard, S","5563V93",13,4,1993,"Acer Collection, N-97/90-55","Yes",16,12,0,NA,57.14285714,42.85714286,0,103,3
"444","111437.0","0039859MOR","Acer saccharinum L.","Packard, S","5567V93",13,4,1993,"Near Spikerush Marsh, O-95/20-60","Yes",3,15,0,NA,16.66666667,83.33333333,0,103,5
"445","111549.0","0039610MOR","Acer platanoides 'Emerald Queen'","Altvatter, K","5629V93",4,5,1993,"Hedge Collection, G-44/49-49","Yes",0,98,0,NA,0,100,0,124,5
"446","111555.0","0039920MOR","Acer tataricum subsp. ginnala (Maxim.) Wesm.","Wiegrefe, S","280.0",13,5,1993,"Aceraceae, W-101/25-75","Yes",128,20,0,NA,86.48648649,13.51351351,0,133,2
"447","111556.0","0039909MOR","Acer tataricum subsp. ginnala (Maxim.) Wesm.","Wiegrefe, S","279.0",13,5,1993,"Aceraceae, U-99/35-80","Yes",151,74,0,NA,67.11111111,32.88888889,0,133,2
"449","111559.0","0039457MOR","Acer glabrum Torr.","Wiegrefe, S","268.0",6,5,1993,"Acer Collection, V-62/79-55","Yes",0,48,0,NA,0,100,0,126,5
"450","111560.0","0039397MOR","Acer carpinifolium Siebold & Zucc.","Wiegrefe, S","262.0",6,5,1993,"Diversity, X-60/58-73","Yes",0,5,0,NA,0,100,0,126,5
"451","111561.0","0039557MOR","Acer pensylvanicum L.","Wiegrefe, S","263.0",6,5,1993,"Acer Collection, W-61/82-38","Yes",0,23,0,NA,0,100,0,126,5
"452","111562.0","0039494MOR","Acer miyabei Maxim.","Wiegrefe, S","260.0",5,5,1993,"Aceraceae, Q-99/40-10","Yes",21,4,0,NA,84,16,0,125,2
"453","111564.0","0039669MOR","Acer pseudosieboldianum (Pax) Kom.","Wiegrefe, S","275.0",10,5,1993,"Aceraceae, V-99/55-15","Yes",0,57,0,NA,0,100,0,130,5
"454","111565.0","0039482MOR","Acer tschonoskii Maxim.","Wiegrefe, S","267.0",6,5,1993,"Aceraceae Collection, V-62/02-03","Yes",0,10,0,NA,0,100,0,126,5
"455","111566.0","0039972MOR","Acer truncatum Bunge","Wiegrefe, S","266.0",6,5,1993,"Acer Collection, W-63/01-32.","Yes",17,24,0,NA,41.46341463,58.53658537,0,126,3
"456","111597.0","0039908MOR","Acer tataricum subsp. ginnala (Maxim.) Wesm.","Wiegrefe, S","282.0",14,5,1993,"Acer Collection, X-62/26-93","Yes",49,16,0,NA,75.38461538,24.61538462,0,134,2
"457","111634.0","0040047MOR","Acer tataricum L.","Wiegrefe, S","277.0",13,5,1993,"Acer Collection, X-62/05-95.","Yes",29,7,0,NA,80.55555556,19.44444444,0,133,2
"458","111667.0","0039578MOR","Acer platanoides L.","Altvatter, K","5666V93",6,5,1993,"Along east side of Rt. 53, D-37/Area","Yes",0,15,10,NA,0,60,40,126,6
"459","112726.0","0039374MOR","Acer campestre var. austriacum (Tratt.) DC.","Bradtke, HL","5869V93",21,6,1993,"F-64/55-60 Frost Hill.","Yes",0,0,18,NA,0,0,100,172,9
"460","112727.0","0039373MOR","Acer campestre var. austriacum (Tratt.) DC.","Bradtke, HL","5867V93",21,6,1993,"G-64/15-05 Frost Hill.","Yes",0,0,20,NA,0,0,100,172,9
"461","112728.0","0039367MOR","Acer campestre var. austriacum (Tratt.) DC.","Bradtke, HL","5865V93",21,6,1993,"F-63/80-50 Frost Hill.","Yes",0,0,13,NA,0,0,100,172,9
"462","112751.0","0039369MOR","Acer campestre var. austriacum (Tratt.) DC.","Bradtke, HL","5868V93",21,6,1993,"F-64/75-2 Frost Hill.","Yes",0,0,22,NA,0,0,100,172,9
"463","112752.0","0039368MOR","Acer campestre var. austriacum (Tratt.) DC.","Bradtke, HL","5866V93",21,6,1993,"G-63/00-90 Frost Hill.","Yes",0,0,7,NA,0,0,100,172,9
"464","112753.0","0039678MOR","Acer pseudosieboldianum (Pax) Kom.","Altvatter, K","5864V93",18,6,1993,"Frost Hill, G-61/20-60","Yes",0,0,8,NA,0,0,100,169,9
"465","112865.0","0040060MOR","Acer tataricum L.","Bradtke, HL","5890V93",22,6,1993,"Rosaceae Collection, D-63/70-80.","Yes",0,0,11,NA,0,0,100,173,9
"466","112866.0","0039470MOR","Acer japonicum Thunb.","Bradtke, HL","5888V93",22,6,1993,"Frost Hill, G-61/20-35","Yes",0,0,6,NA,0,0,100,173,9
"467","112883.0","0039376MOR","Acer campestre var. austriacum (Tratt.) DC.","Bradtke, HL","5871V93",21,6,1993,"F-64/06-08 In Frost Hill Section.","Yes",0,0,5,NA,0,0,100,172,9
"468","112884.0","0039577MOR","Acer platanoides L.","Bradtke, HL","5870V93",21,6,1993,"Frost Hill Section, F-64/30-50","Yes",0,0,10,NA,0,0,100,172,9
"470","112981.0","0039704MOR","Acer tegmentosum Maxim.","Bradtke, HL","5926V93",1,7,1993,"Aceraceae Collection, X-62/57-58.","Yes",0,0,19,NA,0,0,100,182,9
"471","112984.0","0039975MOR","Acer truncatum Bunge","Bradtke, HL","5933V93",1,7,1993,"Aceraceae Collection, V-63/90-22.","Yes",0,0,6,NA,0,0,100,182,9
"472","112985.0","0039968MOR","Acer truncatum Bunge","Bradtke, HL","5932V93",1,7,1993,"Aceraceae Collection, W-63/1-32.","Yes",0,0,12,NA,0,0,100,182,9
"473","112986.0","0039529MOR","Acer negundo var. violaceum Booth ex G.Kirchn.","Bradtke, HL","5931V93",1,7,1993,"Aceraceae Collection, V-62/70-29","Yes",0,0,22,NA,0,0,100,182,9
"474","112987.0","0039918MOR","Acer tataricum subsp. ginnala (Maxim.) Wesm.","Bradtke, HL","5928V93",1,7,1993,"Aceraceae Collection, X-62/26-93","Yes",0,0,22,NA,0,0,100,182,9
"475","112988.0","0039910MOR","Acer tataricum subsp. ginnala (Maxim.) Wesm.","Bradtke, HL","5927V93",1,7,1993,"Aceraceae Collection, X-62/67-93","Yes",0,0,21,NA,0,0,100,182,9
"476","112991.0","0039917MOR","Acer tataricum subsp. ginnala (Maxim.) Wesm.","Altvatter, K","5948V93",6,7,1993,"Aceraceae Collection, V-101/40-70","Yes",0,0,26,NA,0,0,100,187,9
"477","112992.0","0039916MOR","Acer tataricum subsp. ginnala (Maxim.) Wesm.","Altvatter, K","5947V93",6,7,1993,"Aceraceae Collection, W-101/25-75","Yes",0,0,14,NA,0,0,100,187,9
"479","112995.0","0039393MOR","Acer carpinifolium Siebold & Zucc.","Altvatter, K","5950V93",6,7,1993,"Acer Collection, X-60/58-73","Yes",0,0,9,NA,0,0,100,187,9
"480","112997.0","0039625MOR","Acer platanoides 'Goldsworth Purple'","Packard, S","5942V93",6,7,1993,"Colored foliage, K-93/80-25","Yes",0,0,8,NA,0,0,100,187,9
"481","112998.0","0039626MOR","Acer platanoides 'Goldsworth Purple'","Packard, S","5941V93",6,7,1993,"Colored foliage, K-93/60-00","Yes",0,0,6,NA,0,0,100,187,9
"482","113086.0","0040053MOR","Acer tataricum L.","Packard, S","5943V93",6,7,1993,"Tree Evaluation Section, E-96/Row 13.","Yes",0,0,43,NA,0,0,100,187,9
"483","113087.0","0040056MOR","Acer tataricum L.","Bradtke, HL","5930V93",1,7,1993,"Aceraceae Collection, X-62/05-95.","Yes",0,0,21,NA,0,0,100,182,9
"484","113088.0","0040040MOR","Acer tataricum L.","Rimbergas, M","5934V93",1,7,1993,"N-86/Area","Yes",0,0,28,NA,0,0,100,182,9
"485","113287.0","0039530MOR","Acer negundo var. violaceum Booth ex G.Kirchn.","Packard, S","5993V93",12,7,1993,"Eastern US Wetlands, GG-69/19-12","Yes",0,0,15,NA,0,0,100,193,9
"486","113295.0","0040061MOR","Acer tataricum L.","Altvatter, K","5979V93",12,7,1993,"Balkans, FF-74/82-17.","Yes",0,0,2,NA,0,0,100,193,9
"487","113788.0","0039635MOR","Acer platanoides 'Pond'","Packard, S","6055V93",27,7,1993,"Aceraceae, V-62/89-58","Yes",0,0,47,NA,0,0,100,208,9
"488","113789.0","0039634MOR","Acer platanoides 'Pond'","Packard, S","6056V93",27,7,1993,"Aceraceae, V-62/07-66","Yes",0,0,2,NA,0,0,100,208,9
"489","113790.0","0039592MOR","Acer platanoides 'Almira'","Packard, S","6057V93",27,7,1993,"Aceraceae, V-62/36-78","Yes",0,0,1,NA,0,0,100,208,9
"490","113791.0","0039807MOR","Acer tataricum subsp. ginnala (Maxim.) Wesm.","Packard, S","6058V93",27,7,1993,"Aceraceae, X-62/26-93.","Yes",0,0,27,NA,0,0,100,208,9
"491","113817.0","0039307MOR","Acer campestre L.","Altvatter, K","6031V93",19,7,1993,"II-72/60-41 in Balkans Collection.","Yes",0,0,36,NA,0,0,100,200,9
"492","113819.0","0039907MOR","Acer tataricum subsp. ginnala (Maxim.) Wesm.","Altvatter, K","6024V93",19,7,1993,"China, DD-65/52-16","Yes",0,0,40,NA,0,0,100,200,9
"493","113831.0","0039921MOR","Acer tataricum subsp. ginnala (Maxim.) Wesm.","Packard, S","6052V93",27,7,1993,"Aceraceae, W-62/26-59","Yes",0,0,11,NA,0,0,100,208,9
"494","113832.0","0040052MOR","Acer tataricum L.","Packard, S","6053V93",27,7,1993,"Aceraceae, W-61/17-57.","Yes",0,0,10,NA,0,0,100,208,9
"495","114022.0","0040051MOR","Acer tataricum L.","Altvatter, K","6071V93",29,7,1993,"Rosaceae Collection, CC-70/90-42.","Yes",0,0,11,NA,0,0,100,210,9
"496","114169.0","0039642MOR","Acer platanoides 'Rubrum'","Tonsiengsom, A","6103V93",9,8,1993,"Aceraceae Collection, M-100/15-55","Yes",0,0,14,NA,0,0,100,221,9
"497","114170.0","0039583MOR","Acer platanoides 'Chas. F. Irish'","Altvatter, K","6079V93",2,8,1993,"Acer Collection, 0-102/15-50","Yes",0,0,8,NA,0,0,100,214,9
"498","114171.0","0039574MOR","Acer platanoides L.","Altvatter, K","6078V93",2,8,1993,"Acer Collection, N-101/75-75","Yes",0,0,4,NA,0,0,100,214,9
"499","114172.0","0039638MOR","Acer platanoides 'Schwedleri'","Altvatter, K","6077V93",2,8,1993,"Acer Collection, M-101/90-50","Yes",0,0,17,NA,0,0,100,214,9
"500","114173.0","0039573MOR","Acer platanoides L.","Altvatter, K","6076V93",2,8,1993,"Quercus Collection, N-99/55-40","Yes",0,0,11,NA,0,0,100,214,9
"501","114174.0","0039561MOR","Acer platanoides L.","Altvatter, K","6070V93",29,7,1993,"China Collection, CC-70/85-17","Yes",0,0,6,NA,0,0,100,210,9
"502","114175.0","0039967MOR","Acer truncatum Bunge","Altvatter, K","6068V93",29,7,1993,"China, BB-68/75-59.","Yes",0,0,11,NA,0,0,100,210,9
"503","114176.0","0039974MOR","Acer truncatum Bunge","Altvatter, K","6067V93",29,7,1993,"China, BB-68/80-43.","Yes",0,0,2,NA,0,0,100,210,9
"504","115922.0","0048536MOR","Acer mono Maxim.","Sturner, J","9668V03",22,5,2003,"Korea, R-63/72-48","Yes",0,0,28,NA,0,0,100,142,9
"506","116451.0","0048549MOR","Acer tataricum L.","Kangas, E","9986V04",29,7,2004,"Balkan, south section; FF-74/82-17","Yes",0,0,29,NA,0,0,100,211,9
"507","118361.0","0039837MOR","Acer saccharinum 'Pyramidale'","Altvatter, K","6305V94",7,4,1994,"Spike-Rush Marsh area, O-94/65-50","Yes",26,51,0,NA,33.76623377,66.23376623,0,97,NA
"508","118363.0","0039689MOR","Acer rubrum L.","Altvatter, K","6332V94",18,4,1994,"U.S. Wetlands, FF-67/75-39","Yes",0,100,0,NA,0,100,0,108,5
"509","118393.0","0039797MOR","Acer saccharinum 'Pendulum'","Altvatter, K","6307V94",7,4,1994,"Spike-Rush Marsh, O-94/95-30.","Yes",16,101,0,NA,13.67521368,86.32478632,0,97,5
"510","118397.0","0039823MOR","Acer rubrum var. drummondii (Hook. & Arn. ex Nutt.) Sarg.","Altvatter, K","6334V94",18,4,1994,"Aceraceae Collection, W-60/35-70","Yes",38,40,0,NA,48.71794872,51.28205128,0,108,3
"511","118405.0","0039836MOR","Acer saccharinum 'Pyramidale'","Altvatter, K","6304V94",7,4,1994,"Spike-Rush Marsh area, O-94/65-75","Yes",12,30,0,NA,28.57142857,71.42857143,0,97,NA
"512","118425.0","0039681MOR","Acer rubrum L.","Altvatter, K","6331V94",18,4,1994,"U.S. Wetlands, FF-67/69-22","Yes",0,130,0,NA,0,100,0,108,5
"513","118556.0","0039830MOR","Acer rubrum 'Schlesingeri'","Altvatter, K","6311V94",7,4,1994,"Aceraceae Collection, S-99/05-70","Yes",53,42,0,NA,55.78947368,44.21052632,0,97,3
"514","118557.0","0039767MOR","Acer × freemanii 'Armstrong'","Altvatter, K","6308V94",7,4,1994,"Tree Evaluation Plot, J-98/40-25.","Yes",10,23,0,NA,30.3030303,69.6969697,0,97,NA
"515","118561.0","0039772MOR","Acer rubrum 'Bowhall'","Packard, S","6335V94",19,4,1994,"Tree Evaluation Plot, row 10, E-96/Area.","Yes",0,6,142,NA,0,4.054054054,95.94594595,109,9
"516","118597.0","0039835MOR","Acer saccharinum 'Pyramidale'","Altvatter, K","6306V94",7,4,1994,"Spike-Rush Marsh area, O-94/95-65","Yes",12,22,0,NA,35.29411765,64.70588235,0,97,3
"517","118659.0","0039766MOR","Acer × freemanii 'Armstrong'","Altvatter, K","6309V94",7,4,1994,"Tree Evaluation Plot, I-99/80-95.","Yes",5,21,0,NA,19.23076923,80.76923077,0,97,5
"518","118660.0","0039764MOR","Acer × freemanii 'Armstrong'","Altvatter, K","6310V94",7,4,1994,"Tree Evaluation Plot, J-98/60-85.","Yes",19,65,0,NA,22.61904762,77.38095238,0,97,NA
"519","118668.0","0039773MOR","Acer rubrum 'Bowhall'","Packard, S","6336V94",19,4,1994,"Tree Evaluation Plot, Row 13, E-96/Area.","Yes",0,20,240,NA,0,7.692307692,92.30769231,109,9
"520","118951.0","0039507MOR","Acer miyabei Maxim.","Altvatter, K","6408V94",3,5,1994,"Arbordale (Henry), G-34/Area","Yes",161,14,0,NA,92,8,0,123,1
"521","119048.0","0039702MOR","Acer rubrum L.","Tudor, M","6450V94",14,5,1994,"Pinaceae Collection, J-54/00-10","Yes",0,0,88,NA,0,0,100,134,9
"522","119616.0","0039752MOR","Acer tataricum subsp. ginnala (Maxim.) Wesm.","Packard, S","6459V94",17,5,1994,"Near Meadow lake, S-47/00-50.","Yes",116,53,0,NA,68.63905325,31.36094675,0,137,2
"523","119617.0","0039776MOR","Acer saccharinum L.","Packard, S","6508V94",24,5,1994,"Near Spikereed Marsh, O-96/05-15.","Yes",0,0,4,NA,0,0,100,144,9
"524","119618.0","0039850MOR","Acer saccharinum L.","Packard, S","6509V94",24,5,1994,"Near Spikereed Marsh, O-95/20-60","Yes",0,0,4,NA,0,0,100,144,9
"525","119619.0","0039415MOR","Acer davidii subsp. grosseri (Pax) P.C.de Jong","Packard, S","6511V94",24,5,1994,"Z-66/97-19 in China Collection.","Yes",0,12,15,NA,0,44.44444444,55.55555556,144,7
"526","119641.0","0039414MOR","Acer davidii subsp. grosseri (Pax) P.C.de Jong","Packard, S","6512V94",24,5,1994,"AA-65/04-96 in China Collection.","Yes",0,15,12,NA,0,55.55555556,44.44444444,144,6
"527","119674.0","0039841MOR","Acer saccharinum L.","Packard, S","6506V94",24,5,1994,"Aceraceae Collection, N-98/15-80","Yes",0,0,8,NA,0,0,100,144,9
"528","119675.0","0039688MOR","Acer rubrum L.","Packard, S","6505V94",24,5,1994,"Aceraceae Collection, R-99/70-40","Yes",0,0,13,NA,0,0,100,144,9
"530","119706.0","0039775MOR","Acer saccharinum L.","Packard, S","6507V94",24,5,1994,"Aceraceae, N-97/90-55.","Yes",0,0,7,NA,0,0,100,144,9
"531","120646.0","0039637MOR","Acer platanoides 'Schwedleri'","Carlino, J","6776V94",23,8,1994,"European Collection, AA-40/08-06","Yes",0,0,4,NA,0,0,100,235,9
"532","120662.0","0039639MOR","Acer platanoides 'Schwedleri'","Carlino, J","6777V94",23,8,1994,"European Collection, BB-40/15-07","Yes",0,0,6,NA,0,0,100,235,9
"533","120663.0","0039749MOR","Acer tataricum subsp. ginnala (Maxim.) Wesm.","Carlino, J","6783V94",23,8,1994,"Northeast Asia Collection, EE-38/37-31.","Yes",0,0,18,NA,0,0,100,235,9
"534","120779.0","0039572MOR","Acer platanoides L.","Carlino, J","6739V94",16,8,1994,"Row 10 Tree Evaluation Plot, E-96/Area","Yes",0,0,7,NA,0,0,100,228,9
"535","120904.0","0039298MOR","Acer campestre L.","Packard, S","6800V94",30,8,1994,"BB-40/40-70 in European Collection.","Yes",0,0,11,NA,0,0,100,242,9
"536","122184.0","0039582MOR","Acer platanoides L.","Hess, WJ","6790V94",24,8,1994,"Acer-Quercus Collection, M-100/15-55","Yes",0,0,19,NA,0,0,100,236,9
"537","126263.0","0039532MOR","Acer negundo var. violaceum Booth ex G.Kirchn.","Packard, S","6935V95",25,4,1995,"Eastern U.S. Wetlands, GG-69/16-27","Yes",50,99,0,NA,33.55704698,66.44295302,0,115,NA
"538","126264.0","0039531MOR","Acer negundo var. violaceum Booth ex G.Kirchn.","Packard, S","6936V95",25,4,1995,"Eastern U.S. Wetlands, GG-69/19-12","Yes",0,198,0,NA,0,100,0,115,5
"539","126601.0","0039513MOR","Acer monspessulanum L.","Bradtke, HL","6946V95",4,5,1995,"Central & Western Asia Collection, EE-69/46-74","Yes",14,102,0,NA,12.06896552,87.93103448,0,124,5
"540","126602.0","0039571MOR","Acer platanoides L.","Jarvis, B","6947V95",4,5,1995,"Central and Western Asia Collection, DD-69/19-76","Yes",0,104,0,NA,0,100,0,124,5
"541","126603.0","0039575MOR","Acer platanoides L.","Bradtke, HL","6948V95",4,5,1995,"Central & Western Asia Collection, CC-70/85-17","Yes",0,99,0,NA,0,100,0,124,5
"543","127279.0","0039500MOR","Acer miyabei Maxim.","Hess, WJ","7052V95",1,6,1995,"Joy Path, V-24/22-08","Yes",0,0,3,NA,0,0,100,152,9
"544","127468.0","0039640MOR","Acer platanoides 'Schwedleri'","Altvatter, K","7022V95",19,5,1995,"Acer Collection, BB-103/35-30","Yes",0,0,15,NA,0,0,100,139,9
"545","127485.0","0039299MOR","Acer campestre L.","Hess, WJ","7051V95",31,5,1995,"U-100/10-30","Yes",0,21,0,NA,0,100,0,151,5
"546","127486.0","0040057MOR","Acer tataricum L.","Hess, WJ","7050V95",31,5,1995,"Maple Collection, T-100/25-60.","Yes",26,143,0,NA,15.38461538,84.61538462,0,151,5
"547","127610.0","0039564MOR","Acer platanoides L.","Altvatter, K","7098V95",9,6,1995,"Along east side of Rt. 53, F-38/Area","Yes",0,0,4,NA,0,0,100,160,9
"550","127621.0","0040036MOR","Acer spicatum Lam.","Altvatter, K","7155V95",21,6,1995,"Aceraceae Collection, W-62/06-07.","Yes",0,0,1,NA,0,0,100,172,9
"551","127626.0","0039603MOR","Acer platanoides 'Crimson King'","Hess, WJ","7136V95",20,6,1995,"Tree Evaluation Plot, Row 4; E-96/Area","Yes",0,0,10,NA,0,0,100,171,9
"553","127780.0","0039392MOR","Acer carpinifolium Siebold & Zucc.","Altvatter, K","7187V95",23,6,1995,"Japanese Collection, BB-61/08-26","Yes",0,0,14,NA,0,0,100,174,9
"560","127844.0","0039399MOR","Acer circinatum Pursh","Altvatter, K","7162V95",21,6,1995,"Aceraceae Collection, X-60/79-70","Yes",0,0,6,NA,0,0,100,172,9
"566","127850.0","0039670MOR","Acer pseudoplatanus L.","Altvatter, K","7168V95",21,6,1995,"Acer Collection, O-100/25-10","Yes",0,0,10,NA,0,0,100,172,9
"571","127915.0","0039562MOR","Acer platanoides L.","Altvatter, K","7189V95",23,6,1995,"Northern European Collection, BB-38/69-42","Yes",0,0,2,NA,0,0,100,174,9
"573","131350.0","0039812MOR","Acer triflorum Kom.","Packard, S","7327V96",7,5,1996,"Near Firefly Pond, H-43/47-39.","Yes",0,165,0,"Don't think this is named right",0,100,0,128,5
"574","131354.0","0039729MOR","Acer rubrum L.","Packard, S","7302V96",21,5,1996,"South side Meadow Lake, N-52/01-13.","Yes",0,0,77,NA,0,0,100,142,9
"575","131648.0","0039534MOR","Acer negundo var. violaceum Booth ex G.Kirchn.","Packard, S","7328V96",7,5,1996,"Near Meadow Lake, N-52/03-81","Yes",0,12,3,"miss id",0,80,20,128,6
"576","132134.0","0039866MOR","Acer saccharum Marshall","Allen, K","7536V96",2,7,1996,"Northern Illinois, K-58/82-99","Yes",0,0,7,NA,0,0,100,184,9
"577","132169.0","0039751MOR","Acer tataricum subsp. ginnala (Maxim.) Wesm.","Packard, S","7382V96",4,6,1996,"Near Research Building, west side, J-40/Area.","Yes",120,68,11,NA,60.30150754,34.17085427,5.527638191,156,2
"579","132918.0","0039981MOR","Acer platanoides L.","Allen, K","7561V96",22,8,1996,"Display Collection, B-48/55-55.","Yes",0,0,1,NA,0,0,100,235,9
"580","132919.0","0039980MOR","Acer platanoides L.","Allen, K","7560V96",22,8,1996,"Display Collection, B-48/75-60.","Yes",0,0,6,NA,0,0,100,235,9
"581","132934.0","0039978MOR","Acer platanoides L.","Allen, K","7559V96",22,8,1996,"Display Collection, B-48/95-50.","Yes",0,0,1,NA,0,0,100,235,9
"582","132936.0","0039979MOR","Acer platanoides L.","Allen, K","7558V96",22,8,1996,"Display Collection, B-48/75-35.","Yes",0,0,5,NA,0,0,100,235,9
"583","135085.0","0039851MOR","Acer saccharinum L.","Packard, S","7645V97",1,4,1997,"South side of Meadow Lake, N-52/35-71","Yes",31,51,0,NA,37.80487805,62.19512195,0,91,3
"585","135208.0","0039418MOR","Acer forrestii Diels","Wiegrefe, S","271.0",7,5,1993,"Acer Collection, BB-66/02-06.","Yes",68,73,2,NA,47.55244755,51.04895105,1.398601399,127,3
"586","135209.0","0039363MOR","Acer campestre var. austriacum (Tratt.) DC.","Wiegrefe, S","257.0",5,5,1993,"G-63/00-90, Frost Hill.","Yes",5,34,0,NA,12.82051282,87.17948718,0,125,5
"587","135307.0","0043804MOR","Acer japonicum 'Aconitifolium'","Wiegrefe, S","256.0",5,5,1993,"Frost Hill G-61/35-20","Yes",1,21,0,NA,4.545454545,95.45454545,0,125,5
"588","135310.0","0039703MOR","Acer tegmentosum Maxim.","Wiegrefe, S","264.0",6,5,1993,"Acer Collection, X-62/57-58.","Yes",0,17,114,NA,0,12.97709924,87.02290076,126,8
"589","135334.0","0039388MOR","Acer campestre subsp. leiocarpum (Wallr.) Pax","Wiegrefe, S","261.0",5,5,1993,"Acer Collection, T-99/30-65","Yes",10,102,0,NA,8.928571429,91.07142857,0,125,5
"590","135342.0","0043807MOR","Acer japonicum Thunb.","Wiegrefe, S","258.0",5,5,1993,"Frost Hill E-60/90-20","Yes",4,99,0,NA,3.883495146,96.11650485,0,125,5
"591","135344.0","0043803MOR","Acer circinatum Pursh","Wiegrefe, S","273.0",8,5,1993,"Aceraceae Collection X-60/99-75","Yes",0,9,0,NA,0,100,0,128,5
"592","135346.0","0039697MOR","Acer tegmentosum Maxim.","Wiegrefe, S","265.0",1,5,1993,"Aceraceae Collection, X-62/72-70.","Yes",2,14,0,NA,12.5,87.5,0,121,5
"593","135348.0","0039395MOR","Acer carpinifolium Siebold & Zucc.","Wiegrefe, S","259.0",5,5,1993,"Frost Hill, E-63/55-20","Yes",10,8,0,NA,55.55555556,44.44444444,0,125,3
"594","135412.0","0039663MOR","Acer pseudoplatanus L.","Wiegrefe, S","331.0",21,5,1997,"Acer Collection, W-63/21-87","Yes",40,31,0,NA,56.33802817,43.66197183,0,141,3
"601","135421.0","0040054MOR","Acer tataricum L.","Wiegrefe, S","324.0",21,5,1997,"Acer Collection, W-61/17-57.","Yes",12,12,0,NA,50,50,0,141,3
"602","135423.0","0039677MOR","Acer pseudosieboldianum (Pax) Kom.","Wiegrefe, S","323.0",21,5,1997,"Acer Collection, X-60/94-84","Yes",0,12,2,NA,0,85.71428571,14.28571429,141,5
"603","135424.0","0043802MOR","Acer circinatum Pursh","Wiegrefe, S","322.0",22,5,1997,"Acer Collection N section X-60/79-70","Yes",1,26,0,NA,3.703703704,96.2962963,0,142,5
"604","135425.0","0039503MOR","Acer miyabei Maxim.","Wiegrefe, S","321.0",22,5,1997,"Acer Collection, Q-99/40-10","Yes",0,49,0,NA,0,100,0,142,5
"605","135426.0","0039666MOR","Acer pseudoplatanus L.","Wiegrefe, S","320.0",21,5,1997,"Acer Collection, O-100/25-10","Yes",14,91,0,NA,13.33333333,86.66666667,0,141,5
"607","135429.0","0040055MOR","Acer tataricum L.","Wiegrefe, S","278.0",13,5,1993,"Acer Collection, T-100/45-30.","Yes",221,91,0,NA,70.83333333,29.16666667,0,133,2
"608","135430.0","0039555MOR","Acer pensylvanicum L.","Wiegrefe, S","326.0",21,5,1997,"Acer Collection, W-61/91-74","Yes",0,47,0,NA,0,100,0,141,5
"609","135432.0","0039966MOR","Acer truncatum Bunge","Wiegrefe, S","285.0",14,5,1993,"China Collection, BB-68/80-43.","Yes",0,42,0,NA,0,100,0,134,5
"610","135448.0","0039708MOR","Acer rubrum L.","Wiegrefe, S","333.0",21,5,1997,"Acer Collection, L-61/54-87.","Yes",0,0,19,NA,0,0,100,141,9
"614","135553.0","0039847MOR","Acer saccharinum L.","Wiegrefe, S","334.0",21,5,1997,"Northern IL Collection, M-59/99-93","Yes",0,0,3,NA,0,0,100,141,9
"615","135683.0","0039426MOR","Acer × freemanii 'Armstrong'","Packard, S","7782V97",19,5,1997,"Tree Evaluation Area, J-98/60-85.","Yes",0,0,18,NA,0,0,100,139,9
"616","136949.0","0039446MOR","Acer griseum (Franch.) Pax","Wise, R","7997V97",27,6,1997,"Groundcover Garden, J-45/71-23.","Yes",0,0,26,NA,0,0,100,178,9
"617","137614.0","0039990MOR","Acer","Wise, R","8178V97",28,7,1997,"Aceraceae Collection, W-60/63-69.","Yes",0,0,8,NA,0,0,100,209,9
"618","137615.0","0039400MOR","Acer circinatum Pursh","Wise, R","8179V97",28,7,1997,"Aceraceae Collection, X-60/99-75","Yes",0,0,2,NA,0,0,100,209,9
"619","137627.0","0039654MOR","Acer platanoides 'Superform'","Wise, R","8176V97",28,7,1997,"Aceraceae Collection, V-62/35-32","Yes",0,0,4,NA,0,0,100,209,9
"620","137628.0","0039653MOR","Acer platanoides 'Superform'","Wise, R","8177V97",28,7,1997,"Aceraceae Collection, V-62/67-17","Yes",0,0,3,NA,0,0,100,209,9
"621","137629.0","0039417MOR","Acer forrestii Diels","Bradtke, HL","8175V97",28,7,1997,"V-63/29-02 Aceraceae Collection.","Yes",0,0,7,NA,0,0,100,209,9
"622","137636.0","0039591MOR","Acer platanoides 'Almira'","Bradtke, HL","8217V97",28,7,1997,"Aceraceae Collection, U-62/68-78","Yes",0,0,2,NA,0,0,100,209,9
"623","138175.0","0039502MOR","Acer miyabei Maxim.","Wise, R","8229V97",6,8,1997,"West DuPage River, K-28/55-00","Yes",0,0,12,NA,0,0,100,218,9
"625","138964.0","0039810MOR","Acer tataricum subsp. ginnala (Maxim.) Wesm.","Rossi, E","268.0",15,6,1990,"On the east side of the Morton Arboretum in N-90/Area. On west side of Forest Road beside the road.","Yes",0,0,23,NA,0,0,100,166,9
"631","141134.0","0039886MOR","Acer saccharum Marshall","Allen, K","8358V98",14,4,1998,"East Cloverleaf, M-45/02-06","Yes",2,321,0,NA,0.6191950464,99.38080495,0,104,5
"633","141799.0","0039579MOR","Acer platanoides L.","Packard, S","8480V98",1,6,1998,"Along fence by Hwy 53, D-37/Area","Yes",0,0,17,NA,0,0,100,152,9
"634","142037.0","0039762MOR","Acer tataricum subsp. ginnala (Maxim.) Wesm.","DeMink, L","8564.0",2,7,1998,"Acer Collection, AA-63/62-56.","Yes",0,0,4,NA,0,0,100,183,9
"637","142185.0","0039516MOR","Acer mono Maxim.","DeMink, L","s.n.",11,8,1998,"Acer Collection, P-101/60-30","Yes",0,0,2,NA,0,0,100,223,9
"638","142825.0","0039865MOR","Acer saccharum Marshall","Kirt, S","8571V98",30,6,1998,"Hedge Collection, S side; G-44/71-77","Yes",0,0,9,NA,0,0,100,181,9
"639","142826.0","0039612MOR","Acer platanoides 'Emerald Queen'","Kirt, S","8570V98",30,6,1998,"Hedge Collection, S. section, G-44/49-49","Yes",0,0,9,NA,0,0,100,181,9
"640","142997.0","0039599MOR","Acer platanoides 'Columnare'","DeMink, L","8582V98",2,7,1998,"Acer Collection, N-100/50-95","Yes",0,0,4,NA,0,0,100,183,9
"641","142998.0","0039598MOR","Acer platanoides 'Columnare'","DeMink, L","8583V98",2,7,1998,"Acer Collection, N-100/30-80","Yes",0,0,8,NA,0,0,100,183,9
"642","142999.0","0039623MOR","Acer platanoides 'Goldsworth Purple'","DeMink, L","8584V98",2,7,1998,"Acer Collection, M-101/90-15","Yes",0,0,5,NA,0,0,100,183,9
"643","143000.0","0039869MOR","Acer saccharum Marshall","DeMink, L","8590V98",2,7,1998,"Acer Collection, O-101/70-50","Yes",0,0,8,NA,0,0,100,183,9
"644","143001.0","0039624MOR","Acer platanoides 'Goldsworth Purple'","DeMink, L","8585V98",2,7,1998,"Acer Collection, M-100/45-65","Yes",0,0,9,NA,0,0,100,183,9
"645","143002.0","0039763MOR","Acer tataricum subsp. ginnala (Maxim.) Wesm.","Kirt, S","8588V98",2,7,1998,"Acer Collection, O-101/20-10.","Yes",0,0,34,NA,0,0,100,183,9
"646","143003.0","0039622MOR","Acer platanoides 'Goldsworth Purple'","DeMink, L","8586V98",2,7,1998,"Acer Collection, L-101/50-10","Yes",0,0,8,NA,0,0,100,183,9
"647","143004.0","0039614MOR","Acer platanoides 'Faassen's Black'","DeMink, L","8587V98",2,7,1998,"Acer Collection, M-99/50-75","Yes",0,0,5,NA,0,0,100,183,9
"648","143005.0","0039991MOR","Acer","Kirt, S","8589V98",2,7,1998,"Acer Collection, O-101/65-00.","Yes",0,0,6,NA,0,0,100,183,9
"649","143055.0","0039435MOR","Acer griseum (Franch.) Pax","DeMink, L","8591V98",2,7,1998,"0-102/95-00 in Acer Collection.","Yes",0,0,4,NA,0,0,100,183,9
"650","143105.0","0040050MOR","Acer tataricum subsp. tataricum","Packard, S","8598V98",13,7,1998,"S of Hedge Garden, service area collection, East Side, B-41/Area.","Yes",0,0,69,NA,0,0,100,194,9
"652","143409.0","0039883MOR","Acer saccharum Marshall","DeMink, L","8610V98",29,7,1998,"Thornhill South Lawn Collection, GG-26/area","Yes",0,0,23,NA,0,0,100,210,9
"653","143532.0","0039295MOR","Acer barbinerve Maxim. ex Miq.","Danielson, D","8674V99",12,4,1999,"W-60/35-92 Aceraceae.","Yes",0,7,0,NA,0,100,0,102,5
"654","143533.0","0039294MOR","Acer barbinerve Maxim. ex Miq.","Danielson, D","8675V99",12,4,1999,"W-62/37-08 Aceraceae.","Yes",0,135,0,NA,0,100,0,102,5
"655","143534.0","0039519MOR","Acer negundo var. interius (Britton) Sarg.","Danielson, D","8676V99",12,4,1999,"Aceraceae, W-63/53-74","Yes",9,3,0,NA,75,25,0,102,2
"656","143553.0","0039423MOR","Acer × freemanii A.E.Murray","Allen, K","8705V99",26,4,1999,"AY-55/Area Tollway Berm.","Yes",0,0,32,NA,0,0,100,116,9
"657","143641.0","0039995MOR","Acer","Allen, K","8701V99",26,4,1999,"Display, B-48/55-55.","Yes",23,67,0,NA,25.55555556,74.44444444,0,116,NA
"658","143642.0","0039994MOR","Acer","Allen, K","8702V99",26,4,1999,"Display, B-48/75-60.","Yes",22,179,0,NA,10.94527363,89.05472637,0,116,5
"659","143643.0","0039992MOR","Acer","Allen, K","8703V99",26,4,1999,"Display, B-48/95-50.","Yes",13,93,0,NA,12.26415094,87.73584906,0,116,5
"660","143644.0","0039993MOR","Acer","Allen, K","8704V99",26,4,1999,"Display, B-48/75-35.","Yes",17,87,0,NA,16.34615385,83.65384615,0,116,5
"665","145292.0","0039712MOR","Acer rubrum L.","Crowley, W","W193",5,4,1988,"Meadow Lake, northwest side, P-46/91-59.","Yes",38,316,0,NA,10.73446328,89.26553672,0,96,5
"667","145974.0","0039362MOR","Acer campestre var. austriacum (Tratt.) DC.","Allen, K","9053V99",8,9,1999,"F-63/08-69 Frost Hill, inner loop.","Yes",0,0,3,NA,0,0,100,251,9
"864","146807.0","0054743MOR","Acer","Wiegrefe, S","650.0",30,7,1998,NA,"Yes",0,0,4,NA,0,0,100,211,9
"930","146983.0","0054824MOR","Acer","Wiegrefe, S","666.0",30,7,1998,NA,"Yes",0,0,8,NA,0,0,100,211,9
"949","147125.0","0039477MOR","Acer japonicum Thunb.","Wiegrefe, S","346.0",10,7,1997,"Frost Hill, inside loop; E-60/91-24","Yes",0,0,2,NA,0,0,100,191,9
"951","147129.0","0039676MOR","Acer pseudosieboldianum (Pax) Kom.","Wiegrefe, S","347.0",10,7,1997,"Acer Collection, V-99/55-15","Yes",0,0,3,NA,0,0,100,191,9
"985","149202.0","0039539MOR","Acer negundo var. violaceum Booth ex G.Kirchn.","Allen, K","9134V00",27,4,2000,"Near Meadow Lake, N-52/03-81","Yes",0,75,0,NA,0,100,0,118,5
"986","149203.0","0039559MOR","Acer pensylvanicum L.","Allen, K","9136V00",27,4,2000,"Aceraceae, W-61/82-38","Yes",10,15,0,NA,40,60,0,118,3
"987","149204.0","0039965MOR","Acer truncatum Bunge","Allen, K","9132V00",14,4,2000,"Aceraceae, S section, V-63/61-30.","Yes",51,23,0,NA,68.91891892,31.08108108,0,105,2
"988","149205.0","0039645MOR","Acer platanoides 'Superform'","Allen, K","9129V00",14,4,2000,"Aceraceae, S. Section, V-62/07-17","Yes",5,41,0,NA,10.86956522,89.13043478,0,105,5
"989","149206.0","0039651MOR","Acer platanoides 'Superform'","Allen, K","9130V00",14,4,2000,"Aceraceae, S. Section, V-62/25-32","Yes",9,66,0,NA,12,88,0,105,5
"990","149207.0","0039293MOR","Acer barbinerve Maxim. ex Miq.","Allen, K","9128V00",14,4,2000,"W-60/12-94 Aceraceae, S section.","Yes",32,32,0,NA,50,50,0,105,3
"991","149208.0","0039813MOR","Acer triflorum Kom.","Allen, K","9127V00",13,4,2000,"Korea Collection, S-64/53-48.","Yes",0,28,0,NA,0,100,0,104,5
"992","149210.0","0039964MOR","Acer truncatum Bunge","Allen, K","9133V00",14,4,2000,"Aceraceae, S section, V-63/76-22.","Yes",23,19,0,NA,54.76190476,45.23809524,0,105,3
"993","149211.0","0039590MOR","Acer platanoides 'Almira'","Allen, K","9131V00",14,4,2000,"Aceraceae, S. Section; V-62/68-78","Yes",7,57,0,NA,10.9375,89.0625,0,105,5
"994","149253.0","0039538MOR","Acer negundo var. violaceum Booth ex G.Kirchn.","Allen, K","9147V00",27,4,2000,"Aceraceae Collection, W-62/14-33","Yes",0,87,0,NA,0,100,0,118,5
"995","149254.0","0039877MOR","Acer saccharum Marshall","Allen, K","9149V00",4,5,2000,"Hedge Collection, G-44/71-77","Yes",2,66,0,NA,2.941176471,97.05882353,0,125,5
"996","149256.0","0039998MOR","Acer saccharum 'Green Mountain'","Allen, K","9151V00",4,5,2000,"East Cloverleaf, M-44/10-88.","Yes",0,14,3,NA,0,82.35294118,17.64705882,125,5
"997","149258.0","0039888MOR","Acer saccharum Marshall","Allen, K","9150V00",4,5,2000,"East Cloverleaf, M-45/02-06","Yes",0,27,0,NA,0,100,0,125,5
"998","149262.0","0039674MOR","Acer pseudosieboldianum (Pax) Kom.","Allen, K","9140V00",27,4,2000,"Aceraceae Collection, X-60/94-84","Yes",9,11,0,NA,45,55,0,118,3
"999","149263.0","0039540MOR","Acer negundo var. violaceum Booth ex G.Kirchn.","Allen, K","9146V00",27,4,2000,"Aceraceae Collection, W-62/58-41","Yes",0,55,0,NA,0,100,0,118,5
"1001","149265.0","0039985MOR","Acer komarovii Pojark.","Allen, K","9144V00",27,4,2000,"Aceraceae Collection, X-61/32-57.","Yes",15,20,1,NA,41.66666667,55.55555556,2.777777778,118,3
"1002","149266.0","0039413MOR","Acer davidii subsp. grosseri (Pax) P.C.de Jong","Allen, K","9143V00",27,4,2000,"X-60/63-69 Aceraceae.","Yes",0,18,0,NA,0,100,0,118,5
"1003","149267.0","0039475MOR","Acer japonicum Thunb.","Allen, K","9142V00",27,4,2000,"Aceraceae Collection, X-60/50-57","Yes",0,4,0,NA,0,100,0,118,5
"1005","149269.0","0039675MOR","Acer pseudosieboldianum (Pax) Kom.","Allen, K","9139V00",27,4,2000,"Aceraceae Collection, X-60/99-94","Yes",6,15,0,NA,28.57142857,71.42857143,0,118,NA
"1006","149270.0","0039986MOR","Acer komarovii Pojark.","Allen, K","9137V00",27,4,2000,"Aceraceae Collection, X-61/67-63.","Yes",0,3,0,NA,0,100,0,118,5
"1007","149271.0","0039487MOR","Acer miyabei 'Morton'","Allen, K","9138V00",27,4,2000,"Aceraceae Collection, X-61/95-07","Yes",5,11,0,NA,31.25,68.75,0,118,NA
"1008","149292.0","0039606MOR","Acer platanoides 'Emerald Queen'","Allen, K","9148V00",4,5,2000,"Hedge Garden, G-44/49-49","Yes",0,19,9,NA,0,67.85714286,32.14285714,125,6
"1009","149340.0","0039478MOR","Acer japonicum 'Aconitifolium'","Allen, K","9183V00",27,6,2000,"Near Administration Building, J-41/Area","Yes",0,0,5,NA,0,0,100,179,9
"1010","150471.0","0039439MOR","Acer griseum (Franch.) Pax","Allen, K","9217V00",29,8,2000,"I-42/07-97 near Firefly Pond.","Yes",0,0,20,NA,0,0,100,242,9
"1011","154773.0","0039644MOR","Acer platanoides 'Superform'","Bolger, K","9511V02",7,5,2002,"Near Parking 2, north side; N-56/35-12","Yes",0,1,43,NA,0,2.272727273,97.72727273,127,9
"1012","155464.0","0040592MOR","Acer tataricum subsp. ginnala (Maxim.) Wesm.","Bolger, K","9526V02",14,5,2002,"AA-63/16-71 China, central section","Yes",10,10,0,NA,50,50,0,134,3
"1013","155577.0","0040589MOR","Acer platanoides 'Schwedleri'","Bolger, K","9491V02",30,4,2002,"W-37/20-65, along Valley Road","Yes",0,163,0,NA,0,100,0,120,5
"1014","155903.0","0040480MOR","Acer saccharum 'Green Mountain'","Packard, S","9558V02",28,5,2002,"MM-27/area, near P19 shelter, S side","Yes",0,0,21,NA,0,0,100,148,9
"1015","155917.0","0040479MOR","Acer saccharum Marshall","Allen, K","9612V02",6,8,2002,"PP-28/area, P19, E median","Yes",0,0,21,NA,0,0,100,218,9
"1016","155929.0","0040477MOR","Acer triflorum Kom.","Packard, S","9574V02",25,6,2002,"S-64/76-89 Korea","Yes",0,0,4,NA,0,0,100,176,9
"1017","155941.0","0040478MOR","Acer saccharum subsp. nigrum (F.Michx.) Desmarais","Packard, S","9576V02",25,6,2002,"Q-67/09-60, Forestry Plot Area","Yes",0,0,14,NA,0,0,100,176,9
"1018","155987.0","0042344MOR","Acer mono Maxim.","Packard, S","9805V03",14,7,2003,"R-63/72-48 Korea","Yes",0,0,2,NA,0,0,100,195,9
"1019","156011.0","0042339MOR","Acer saccharum subsp. nigrum (F.Michx.) Desmarais","Packard, S","9632V02",27,8,2002,"N-43/07-64, East Cloverleaf","Yes",0,0,6,NA,0,0,100,239,9
"1020","156045.0","0042828MOR","Acer saccharum Marshall","Allen, K","9610V02",6,8,2002,"PP-27/area; P19, E median","Yes",0,0,5,NA,0,0,100,218,9
"1021","156047.0","0042824MOR","Acer saccharum 'Legacy'","Allen, K","9608V02",6,8,2002,"OO-25/area; P19, W median","Yes",0,0,13,NA,0,0,100,218,9
"1022","157210.0","0050512MOR","Acer forrestii Diels","Stephens, M","9831V03",18,7,2003,"China, central section: BB-66/22-06","Yes",0,0,18,NA,0,0,100,199,9
"1023","157440.0","0049359MOR","Acer campestre 'Schwerinii'","Allen, K","9680V03",13,6,2003,"Along Forest Road, south side: L-94/05-29.","Yes",0,0,7,NA,0,0,100,164,9
"1024","157550.0","0049373MOR","Acer triflorum Kom.","Stephens, M","9762V03",10,7,2003,"China, north section: CC-98/90-55","Yes",0,0,20,NA,0,0,100,191,9
"1025","158026.0","0050164MOR","Acer tataricum L.","Shroll, E","10190V05",5,7,2005,"Godshalk Meadow, north side; N-31/79-31","Yes",0,0,41,NA,0,0,100,186,9
"1029","158513.0","0050087MOR","Acer truncatum Bunge","Vogel, S","9936V03",15,9,2003,"China, central section: BB-68/62-30","Yes",0,0,6,NA,0,0,100,258,9
"1031","159693.0","0052395MOR","Acer campestre var. austriacum (Tratt.) DC.","Carle, M","10234V05",24,8,2005,"Outpost Wild Garden, southeast section; MM-32/area","Yes",0,0,10,NA,0,0,100,236,9
"1032","159828.0","0050060MOR","Acer saccharinum 'Skinneri'","Jurczynski, J","10298V06",24,4,2006,"Along the Entrance Drive: M-41/27-69","Yes",0,0,10,NA,0,0,100,114,9
"1033","159841.0","0050075MOR","Acer × freemanii 'Armstrong'","Carle, M","10135V05",27,4,2005,"Tree Evaluation Plot: J-98/40-25","Yes",0,0,46,NA,0,0,100,117,9
"1034","159852.0","0052422MOR","Acer cissifolium (Siebold & Zucc.) K.Koch","Carle, M","10337V06",10,5,2006,"Frost Hill, north side; G-59/50-30","Yes",0,3,210,NA,0,1.408450704,98.5915493,130,9
"1036","159865.0","0052552MOR","Acer carpinifolium Siebold & Zucc.","Packard, S","10330V06",8,5,2006,"Aceraceae, north section; Y-62/02-11","Yes",2,42,0,NA,4.545454545,95.45454545,0,128,5
"1037","159868.0","0052549MOR","Acer rubrum L.","Olker, B","10333V06",8,5,2006,"Aceraceae, north section; X-62/08-05","Yes",0,0,62,NA,0,0,100,128,9
"1038","159895.0","0052449MOR","Acer rubrum L.","Olker, B","10331V06",8,5,2006,"Aceraceae, north section; X-61/37-95","Yes",0,0,120,NA,0,0,100,128,9
"1039","159911.0","0052458MOR","Acer saccharinum L.","Packard, S","10288V06",17,4,2006,"Display, 1; D-44/72-39","Yes",0,0,45,NA,0,0,100,107,9
"1040","160606.0","0052419MOR","Acer saccharum Marshall","Olker, B","10307V06",1,5,2006,"Forestry Plot Area; K-62/area","Yes",0,247,7,NA,0,97.24409449,2.755905512,121,5
"1041","160618.0","0052417MOR","Acer carpinifolium Siebold & Zucc.","Olker, B","10329V06",8,5,2006,"Aceraceae, north section; Y-62/21-16","Yes",0,57,0,NA,0,100,0,128,5
"1042","160632.0","0051587MOR","Acer rubrum 'Franksred'","Carle, M","10132V05",20,4,2005,"Hedge Garden, south section; G-44/79-09","Yes",0,0,87,NA,0,0,100,110,9
"1043","160647.0","0052541MOR","Acer campestre L.","Olker, B","10332V06",8,5,2006,"Aceraceae, north section; X-62/26-59","Yes",9,181,14,NA,4.411764706,88.7254902,6.862745098,128,5
"1044","161031.0","0051361MOR","Acer tataricum L.","Packard, S","9691V03",16,6,2003,"Frost Hill, south side; D-63/70-80","Yes",0,0,11,NA,0,0,100,167,9
"1045","161899.0","0053243MOR","Acer ginnala Maxim.","Bonnewell, V",NA,14,5,2007,"Tree Breeding Nursery, EN1A/K1","Yes",13,67,0,NA,16.25,83.75,0,134,5
"1046","161900.0","0053244MOR","Acer ginnala Maxim.","Bonnewell, V",NA,14,5,2007,"Tree Breeding Nursery, EN1A/K2","Yes",19,40,0,NA,32.20338983,67.79661017,0,134,NA
"1047","161901.0","0053241MOR","Acer tataricum subsp. ginnala × tschonoskii var. rubripes","Bonnewell, V",NA,7,5,2007,"Tree Breeding Nursery, EN1A/I2","Yes",146,31,0,NA,82.48587571,17.51412429,0,127,2
"1048","161904.0","0053192MOR","Acer tataricum subsp. ginnala (Maxim.) Wesm.","Bonnewell, V",NA,7,5,2007,"Tree Breeding Nursery, EN1A/J16","Yes",34,25,0,NA,57.62711864,42.37288136,0,127,3
"1049","161905.0","0053193MOR","Acer tataricum subsp. ginnala (Maxim.) Wesm.","Bonnewell, V",NA,7,5,2007,"Tree Breeding Nursery, EN1A/J18","Yes",93,45,0,NA,67.39130435,32.60869565,0,127,2
"1050","161906.0","0053227MOR","Acer buergerianum Miq.","Bonnewell, V",NA,7,5,2007,"Tree Breeding Nursery, EN1A/J11","Yes",79,35,0,NA,69.29824561,30.70175439,0,127,2
"1051","161907.0","0053237MOR","Acer carpinifolium × tataricum subsp. ginnala [2]","Bonnewell, V",NA,14,5,2007,"Tree Breeding Nursery, EN1A/J2","Yes",9,39,0,NA,18.75,81.25,0,134,5
"1052","161908.0","0053238MOR","Acer carpinifolium × tataricum subsp. ginnala [2]","Bonnewell, V",NA,14,5,2007,"Tree Breeding Nursery, EN1A/J1","Yes",14,127,0,NA,9.929078014,90.07092199,0,134,5
"1053","161909.0","0053236MOR","Acer campestre 'Baillee'","Bonnewell, V",NA,7,5,2007,"Tree Breeding Nursery, EN1/H18","Yes",0,64,20,NA,0,76.19047619,23.80952381,127,6
"1054","161910.0","0053233MOR","Acer platanoides 'Undulatum' × platanoides","Bonnewell, V",NA,11,6,2007,"Tree Breeding Nursery, EN1/E17","Yes",0,0,9,NA,0,0,100,162,9
"1058","161914.0","0053223MOR","Acer campestre 'Baillee'","Bonnewell, V",NA,14,5,2007,"Tree Breeding Nursery, EN1/I04","Yes",0,0,9,NA,0,0,100,134,9
"1060","162070.0","0053215MOR","Acer argutum × campestre var. austriacum","Bonnewell, V",NA,7,5,2007,"Tree Breeding Nursery, EN1/F05","Yes",0,28,8,NA,0,77.77777778,22.22222222,127,6
"1062","162072.0","0053194MOR","Acer platanoides L.","Bonnewell, V",NA,7,5,2007,"Tree Breeding Nursery, EN1/C21","Yes",0,14,16,NA,0,46.66666667,53.33333333,127,7
"1063","162073.0","0053224MOR","Acer campestre 'Baillee'","Bonnewell, V",NA,7,5,2007,"Tree Breeding Nursery, EN1/H05","Yes",0,9,0,NA,0,100,0,127,5
"1065","162075.0","0053213MOR","Acer tataricum x truncatum","Bonnewell, V",NA,7,5,2007,"Tree Breeding Nursery, EN1/K18","Yes",70,26,0,NA,72.91666667,27.08333333,0,127,2
"1066","162076.0","0053212MOR","Acer tataricum x truncatum","Bonnewell, V",NA,7,5,2007,"Tree Breeding Nursery, EN1/K20","Yes",137,49,0,NA,73.65591398,26.34408602,0,127,2
"1067","162077.0","0053219MOR","Acer campestre 'Baillee'","Bonnewell, V",NA,7,5,2007,"Tree Breeding Nursery, EN1/F20","Yes",0,13,0,NA,0,100,0,127,5
"1069","162079.0","0053235MOR","Acer campestre 'Baillee'","Bonnewell, V",NA,7,5,2007,"Tree Breeding Nursery, EN1/H12","Yes",0,109,0,NA,0,100,0,127,5
"1071","162082.0","0053209MOR","Acer ginnala Maxim.","Bonnewell, V",NA,7,5,2007,"Tree Breeding Nursery, EN1A/I1","Yes",59,29,0,NA,67.04545455,32.95454545,0,127,2
"1072","162083.0","0053208MOR","Acer ginnala Maxim.","Bonnewell, V",NA,7,5,2007,"Tree Breeding Nursery, EN1A/D1","Yes",13,43,0,NA,23.21428571,76.78571429,0,127,NA
"1073","162084.0","0053207MOR","Acer ginnala Maxim.","Bonnewell, V",NA,7,5,2007,"Tree Breeding Nursery, EN1A/D2","Yes",13,20,0,NA,39.39393939,60.60606061,0,127,3
"1076","162087.0","0053204MOR","Acer ginnala Maxim.","Bonnewell, V",NA,14,5,2007,"Tree Breeding Nursery, EN1A/13","Yes",0,43,0,NA,0,100,0,134,5
"1077","162088.0","0053245MOR","Acer ginnala Maxim.","Bonnewell, V",NA,7,5,2007,"Tree Breeding Nursery, EN1A/G3","Yes",95,35,0,NA,73.07692308,26.92307692,0,127,2
"1078","163004.0","0053043MOR","Acer tataricum L.","Moran, E","10530V07",7,6,2007,"Central & Western Asia, south section: DD-70/04-82","Yes",0,0,10,NA,0,0,100,158,9
"1079","163005.0","0053044MOR","Acer pensylvanicum L.","Means, E","10522V07",7,5,2007,"Plants of Acid Soils, south section, bed 1: S-59/12-07","Yes",0,0,13,NA,0,0,100,127,9
"1080","163416.0","0053217MOR","Acer carpinifolium × tataricum subsp. ginnala [2]","Bonnewell, V",NA,7,5,2007,"Tree Breeding Nursery, EN1/I07","Yes",70,18,0,NA,79.54545455,20.45454545,0,127,2
"1081","163417.0","0053242MOR","Acer ginnala Maxim.","Bonnewell, V",NA,7,5,2007,"Tree Breeding Nursery, EN1A/G2","Yes",202,55,0,NA,78.59922179,21.40077821,0,127,2
"1082","163571.0","0053210MOR","Acer ginnala Maxim.","Bonnewell, V",NA,7,5,2007,"Tree Breeding Nursery, EN1A/J6","Yes",39,35,0,NA,52.7027027,47.2972973,0,127,3
"1083","163578.0","0053228MOR","Acer buergerianum Miq.","Bonnewell, V",NA,7,5,2007,"Tree Breeding Nursery, EN1A/J10","Yes",45,30,0,NA,60,40,0,127,2
"1087","163582.0","0053214MOR","Acer argutum × campestre var. austriacum","Bonnewell, V",NA,7,5,2007,"Tree Breeding Nursery, EN1/G19","Yes",0,21,11,NA,0,65.625,34.375,127,6
"1089","163584.0","0053225MOR","Acer campestre 'Baillee'","Bonnewell, V",NA,7,5,2007,"Tree Breeding Nursery, EN1/H23","Yes",1,3,0,NA,25,75,0,127,NA
"1091","163586.0","0053229MOR","Acer platanoides 'Undulatum' × truncatum [1]","Bonnewell, V",NA,7,5,2007,"Tree Breeding Nursery, EN1/B14","Yes",0,0,19,NA,0,0,100,127,9
"1092","163587.0","0053221MOR","Acer campestre 'Baillee'","Bonnewell, V",NA,7,5,2007,"Tree Breeding Nursery, EN1/I14","Yes",0,36,0,NA,0,100,0,127,5
"1094","163607.0","0053222MOR","Acer campestre 'Baillee'","Bonnewell, V",NA,7,5,2007,"Tree Breeding Nursery, EN1/G08","Yes",0,33,0,NA,0,100,0,127,5
"1095","163608.0","0053216MOR","Acer carpinifolium × tataricum","Bonnewell, V",NA,7,5,2007,"Tree Breeding Nursery, EN1/K11","Yes",201,79,0,NA,71.78571429,28.21428571,0,127,2
"1099","163718.0","0053220MOR","Acer campestre 'Baillee'","Bonnewell, V",NA,7,5,2007,"Tree Breeding Nursery, EN1/I19","Yes",0,14,4,NA,0,77.77777778,22.22222222,127,6
"1101","167016.0","0054405MOR","Acer rubrum 'Franksred'","Smith, AM","10962v08",19,5,2008,"Lake Marmo, east side: T-18/42-01","Yes",0,0,68,NA,0,0,100,140,9
"1102","167057.0","0054282MOR","Acer miyabei Maxim.","Carle, M","11112v08",2,7,2008,"Along the West DuPage River: K-28/55-00","Yes",0,0,29,NA,0,0,100,184,9
"1103","167058.0","0054155MOR","Acer miyabei Maxim.","Carle, M","11111v08",2,7,2008,"Along the West DuPage River: D-23/75-83","Yes",0,0,18,NA,0,0,100,184,9
"1104","167256.0","0054326MOR","Acer 'White Tigress'","Wagner, P","10963v08",20,5,2008,"Thornhill Building, founder's room, south side: JJ-27/15-63","Yes",0,34,22,NA,0,60.71428571,39.28571429,141,6
"1105","167390.0","0054647MOR","Acer pseudosieboldianum (Pax) Kom.","Means, E","11264v08",21,8,2008,"Korea: Q-66/04-12","Yes",0,0,14,NA,0,0,100,234,9
"1108","167807.0","0052204MOR","Acer miyabei Maxim.","Carle, M","11427v08",22,10,2008,"Arbordale, 23W177 Indian Hill Drive: G-32/08-61","Yes",0,0,1,NA,0,0,100,296,9
"1109","168003.0","0052246MOR","Acer mono Maxim.","Glaysher, L","11438v08",30,10,2008,"Korea: R-63/35-46","Yes",0,0,4,NA,0,0,100,304,9
"1110","168004.0","0052247MOR","Acer mono Maxim.","Means, E","11437v08",30,10,2008,"Korea: R-63/72-48","Yes",0,0,9,NA,0,0,100,304,9
"1111","168020.0","0052263MOR","Acer rubrum L.","Means, E","11506v09",16,4,2009,"Tree Evaluation Plot, 3: B-97/77-14","Yes",0,211,0,NA,0,100,0,106,5
"1114","168237.0","0052068MOR","Acer miyabei Maxim.","Carle, M","11435v08",29,10,2008,"Godshalk Meadow, south side: L-30/00-20","Yes",0,0,3,NA,0,0,100,303,9
"1117","168395.0","0054488MOR","Acer pseudosieboldianum (Pax) Kom.","Ball, K","11846v09",8,9,2009,"China, central section: Z-63/23-03","Yes",0,0,7,NA,0,0,100,251,9
"1118","168527.0","0054449MOR","Acer saccharinum L.","Sturner, J","11555v09",8,5,2009,"Ozark, north side: S-29/54-62","Yes",0,0,8,NA,0,0,100,128,9
"1121","168925.0","0054708MOR","Acer miyabei Maxim.","Potenberg, K","11419v08",14,10,2008,"Japan: AA-59/30-19","Yes",0,0,5,NA,0,0,100,288,9
"1122","168946.0","0054777MOR","Acer miyabei Maxim.","Potenberg, K","11430v08",28,10,2008,"Godshalk Meadow, south side: L-30/00-20","Yes",0,0,2,NA,0,0,100,302,9
"1123","169068.0","0054972MOR","Acer negundo var. violaceum Booth ex G.Kirchn.","Connolly, G","11292v08",2,9,2008,"Northern Illinois: J-61/91-95","Yes",0,0,18,NA,0,0,100,246,9
"1127","169930.0","0055381MOR","Acer negundo var. violaceum Booth ex G.Kirchn.","Sachdev, S","11512v09",22,4,2009,"Eastern U.S. Wetlands: GG-69/34-26","Yes",109,16,0,NA,87.2,12.8,0,112,2
"1128","169948.0","0055497MOR","Acer negundo L.","Moran, E","11515v09",29,4,2009,"Eastern U.S. Wetlands: HH-69/12-67","Yes",0,11,5,NA,0,68.75,31.25,119,6
"1129","170288.0","0055649MOR","Acer miyabei Maxim.","Carle, M","11434v08",29,10,2008,"Along the West DuPage River: K-28/55-00","Yes",0,0,5,NA,0,0,100,303,9
"1130","170304.0","0055665MOR","Acer rubrum L.","Glaysher, L","11507v09",16,4,2009,"Tree Evaluation Plot, 3: B-97/72-66","Yes",0,106,0,NA,0,100,0,106,5
"1131","170305.0","0055666MOR","Acer rubrum L.","Glaysher, L","11505v09",16,4,2009,"Tree Evaluation Plot, 3: B-96/81-65","Yes",16,200,0,NA,7.407407407,92.59259259,0,106,5
"1132","170314.0","0055777MOR","Acer cissifolium (Siebold & Zucc.) K.Koch","Carle, M","11425v08",29,10,2008,"Frost Hill, north side: G-59/50-30","Yes",0,0,8,NA,0,0,100,303,9
"1133","170318.0","0056025MOR","Acer negundo var. violaceum Booth ex G.Kirchn.","Potenberg, K","11530v09",5,5,2009,"Northern Illinois: J-61/91-95","Yes",0,1,19,NA,0,5,95,125,9
"1134","170323.0","0055947MOR","Acer miyabei Maxim.","Carle, M","11433v08",29,10,2008,"Along the West DuPage River: D-23/75-83","Yes",0,0,16,NA,0,0,100,303,9
"1135","170336.0","0056013MOR","Acer rubrum 'Bowhall'","DeVries, C","12091v10",7,4,2010,"Childrens Garden, Every Which Way: J-51/49-63","Yes",0,0,107,NA,0,0,100,97,9
"1136","170357.0","0055788MOR","Acer negundo var. texanum Pax","Carle, M","11510v09",22,4,2009,"Eastern U.S. Wetlands: EE-67/27-21","Yes",5,25,0,NA,16.66666667,83.33333333,0,112,5
"1137","170377.0","0055803MOR","Acer rubrum L.","Glaysher, L","11509v09",16,4,2009,"Tree Evaluation Plot, 3: B-96/88-16","Yes",12,158,0,NA,7.058823529,92.94117647,0,106,5
"1138","170393.0","0055549MOR","Acer rubrum L.","Means, E","11508v09",16,4,2009,"Tree Evaluation Plot, 3: B-98/69-16","Yes",4,25,1,NA,13.33333333,83.33333333,3.333333333,106,5
"1139","170394.0","0055550MOR","Acer negundo L.","Carle, M","11511v09",22,4,2009,"Eastern U.S. Wetlands: GG-69/89-58","Yes",56,20,0,"Hard to determine",73.68421053,26.31578947,0,112,2
"1140","170628.0","0055767MOR","Acer tataricum subsp. ginnala (Maxim.) Wesm.","Potenberg, K","11682v09",30,6,2009,"China, central section: AA-63/16-71","Yes",0,0,19,NA,0,0,100,181,9
"1141","171204.0","0056303MOR","Acer rubrum 'Bowhall'","DeVries, C","12095v10",7,4,2010,"Childrens Garden,Switchback: J-52/66-19","Yes",0,3,285,NA,0,1.041666667,98.95833333,97,9
"1142","171205.0","0056304MOR","Acer rubrum 'Bowhall'","Moran, E","12094v10",10,4,2010,"Childrens Garden, Central Plaza: J-51/80-67","Yes",0,1,118,NA,0,0.8403361345,99.15966387,100,9
"1143","171245.0","0056319MOR","Acer miyabei Maxim.","Sherman, L","12125v10",20,4,2010,"West DuPage River: D-23/75-83","Yes",31,104,0,NA,22.96296296,77.03703704,0,110,NA
"1144","171274.0","0056348MOR","Acer rubrum 'Bowhall'","DeVries, C","12096v10",10,4,2010,"Childrens Garden, Switchback: J-52/85-08","Yes",0,0,93,NA,0,0,100,100,9
"1145","171367.0","0056282MOR","Acer miyabei 'Morton'","Potenberg, K","12129v10",27,4,2010,"Japan: Y-61/54-09","Yes",2,50,0,NA,3.846153846,96.15384615,0,117,5
"1146","171397.0","0056391MOR","Acer carpinifolium Siebold & Zucc.","Ball, K","12139v10",27,4,2010,"Diversity: Q-58/18-49","Yes",0,26,0,NA,0,100,0,117,5
"1147","171406.0","0056396MOR","Acer miyabei 'Morton'","Potenberg, K","12131v10",27,4,2010,"Japan: Y-61/47-32","Yes",4,51,0,NA,7.272727273,92.72727273,0,117,5
"1148","171554.0","0056466MOR","Acer pensylvanicum L.","Demian, R","12500v10",17,8,2010,"Plants of Acid Soils, north section: U-59/85-95","Yes",0,0,46,NA,0,0,100,229,9
"1149","171745.0","0056665MOR","Acer negundo var. texanum Pax","Means, E","12722v10",28,10,2010,"Eastern U.S. Wetlands: EE-66/41-94","Yes",0,0,3,NA,0,0,100,301,9
"1150","171784.0","0056695MOR","Acer tataricum subsp. ginnala 'Compactum'","Packard, S","12146v10",27,4,2010,"Hedge Garden, lower terrace: I-45/71-17","Yes",64,11,0,NA,85.33333333,14.66666667,0,117,2
"1151","171808.0","0056710MOR","Acer miyabei 'Morton'","Potenberg, K","12578v10",21,9,2010,"Japan: Y-61/47-32","Yes",0,0,2,NA,0,0,100,264,9
"1152","171809.0","0056709MOR","Acer mono Maxim.","Potenberg, K","12580v10",21,9,2010,"China, south section: W-62/87-19","Yes",0,0,11,NA,0,0,100,264,9
"1153","171831.0","0056768MOR","Acer miyabei 'Morton'","Potenberg, K","12579v10",21,9,2010,"Japan: Y-61/54-09","Yes",0,0,3,NA,0,0,100,264,9
"1154","171890.0","0056937MOR","Acer rubrum L.","Potenberg, K","12811v11",3,5,2011,"Along Ridge Road: X-62/08-05","Yes",0,24,67,NA,0,26.37362637,73.62637363,123,8
"1155","171902.0","0056893MOR","Acer triflorum Kom.","Ball, K","12820v11",3,5,2011,"China: CC-65/27-44","Yes",0,17,17,NA,0,50,50,123,6
"1156","172704.0","0057729MOR","Acer mono Maxim.","Connolly, G","12852v11",10,5,2011,"Korea: R-63/35-46","Yes",0,76,9,NA,0,89.41176471,10.58823529,130,5
"1157","172757.0","0057810MOR","Acer pensylvanicum L.","Sherman, L","12861v11",10,5,2011,"Acid Soils: S-59/12-07","Yes",44,11,0,NA,80,20,0,130,2
"1158","172863.0","0057960MOR","Acer pensylvanicum L.","Vastalo, P","12886v11",16,5,2011,"Appalachia: AA-75/83-84","Yes",38,37,0,NA,50.66666667,49.33333333,0,136,3
"1159","172911.0","0058008MOR","Acer miyabei 'Morton'","Potenberg, K","13070v11",10,10,2011,"Visitor Center Parking: P45/56-03","Yes",0,0,1,NA,0,0,100,283,9
"1160","172934.0","0058051MOR","Acer pensylvanicum L.","Vastalo, P","12846v11",9,5,2011,"Appalachia: BB-73/50-57","Yes",0,48,0,NA,0,100,0,129,5
"1161","173520.0","0058862MOR","Acer japonicum 'Aconitifolium'","Hahn, M","13279v12",23,3,2012,"Administration Building, library, south side: J-42/64-01","Yes",32,23,0,NA,58.18181818,41.81818182,0,83,3
"1162","173566.0","0058854MOR","Acer × freemanii 'Jeffersred'","Potenberg, K","13293v12",28,3,2012,"Visitor Center Parking, southwest median: S-48/99-37","Yes",0,0,28,NA,0,0,100,88,9
"1163","173567.0","0058853MOR","Acer × freemanii 'Jeffersred'","Potenberg, K","13295v12",28,3,2012,"Visitor Center Parking, southwest median: S-49/79-36","Yes",0,0,23,NA,0,0,100,88,9
"1164","173568.0","0058852MOR","Acer × freemanii 'Jeffersred'","Potenberg, K","13294v12",28,3,2012,"Visitor Center Parking, southwest median: S-49/64-07","Yes",0,0,31,NA,0,0,100,88,9
"1165","173583.0","0058915MOR","Acer japonicum Thunb.","Potenberg, K","13328v12",10,4,2012,"China: X-60/94-84","Yes",0,17,10,NA,0,62.96296296,37.03703704,101,6
"1166","173599.0","0058911MOR","Acer mandshuricum Maxim.","Potenberg, K","13331v12",10,4,2012,"China: Y-65/10-58","Yes",0,16,14,NA,0,53.33333333,46.66666667,101,6
"1167","173600.0","0058910MOR","Acer davidii × davidii subsp. grosseri","Potenberg, K","13330v12",10,4,2012,"China: W-60/63-69","Yes",21,89,0,NA,19.09090909,80.90909091,0,101,5
"1168","173601.0","0058909MOR","Acer komarovii Pojark.","Potenberg, K","13329v12",10,4,2012,"China: X-61/67-63","Yes",0,9,0,NA,0,100,0,101,5
"1169","174350.0","0059271MOR","Acer campestre L.","Beck, J","13469v12",24,5,2012,"China: X-62/26-59","Yes",0,0,49,NA,0,0,100,145,9
"1170","174351.0","0059272MOR","Acer negundo var. interius (Britton) Sarg.","Glaysher, L","13470v12",24,5,2012,"Ridge Road: W-63/53-74","Yes",0,0,26,NA,0,0,100,145,9
"1171","174353.0","0059273MOR","Acer barbatum Michx.","Glaysher, L","13472v12",24,5,2012,"Ridge Road: V-60/22-66","Yes",0,0,3,NA,0,0,100,145,9
"1172","174589.0","0060013MOR","Acer pensylvanicum L.","Courtney, C","13511v12",1,8,2012,"Appalachia: AA-75/83-84","Yes",0,0,9,NA,0,0,100,214,9
"1173","175206.0","0060728MOR","Acer campestre L.","Casey, A","13581v12",11,9,2012,"Visitor Center Parking: Q-45/47-65","Yes",0,0,20,NA,0,0,100,255,9
"1174","176811.0","0063974MOR","Acer crataegifolium Siebold & Zucc.","Sherman, L","13733v13",7,5,2013,"China: X-62/87-39","Yes",44,88,0,NA,33.33333333,66.66666667,0,127,NA
"1175","176812.0","0063973MOR","Acer barbatum Michx.","Bannon, L","13732v13",7,5,2013,"Ridge Road: W-63/80-09","Yes",0,214,38,NA,0,84.92063492,15.07936508,127,5
"1176","176813.0","0063972MOR","Acer mono Maxim.","Sherman, L","13731v13",7,5,2013,"China: AA-68/96-74","Yes",0,51,0,NA,0,100,0,127,5
"1177","176818.0","0063960MOR","Acer rubrum 'Bowhall'","Hahn, M","13679v13",16,4,2013,"Childrens Garden: J-52/66-19","Yes",8,150,0,NA,5.063291139,94.93670886,0,106,5
"1178","176820.0","0063962MOR","Acer × freemanii 'DTR 102'","Hahn, M","13682v13",16,4,2013,"Administration Building: K-40/61-61","Yes",7,21,0,NA,25,75,0,106,NA
"1179","176829.0","0063930MOR","Acer saccharinum 'Skinneri'","Moran, E","13677v13",3,4,2013,"Childrens Garden: J-50/40-90","Yes",20,101,0,NA,16.52892562,83.47107438,0,93,5
"1180","176830.0","0063931MOR","Acer rubrum 'Bowhall'","Hahn, M","13680v13",16,4,2013,"Childrens Garden: J-51/80-67","Yes",14,149,0,NA,8.588957055,91.41104294,0,106,5
"1181","176902.0","0063807MOR","Acer crataegifolium Siebold & Zucc.","Hahn, M","13730v13",7,5,2013,"China: X-62/62-36","Yes",48,95,0,NA,33.56643357,66.43356643,0,127,NA
"1182","176903.0","0063806MOR","Acer barbinerve Maxim. ex Miq.","Hahn, M","13729v13",7,5,2013,"China: X-61/64-79","Yes",3,192,0,NA,1.538461538,98.46153846,0,127,5
"1183","176904.0","0063804MOR","Acer barbinerve Maxim. ex Miq.","Hahn, M","13725v13",7,5,2013,"China: W-61/40-87","Yes",0,104,0,NA,0,100,0,127,5
"1184","176908.0","0063800MOR","Acer mono Maxim.","Hahn, M","13721v13",7,5,2013,"China: W-62/87-19","Yes",5,93,0,NA,5.102040816,94.89795918,0,127,5
"1185","176911.0","0063813MOR","Acer campestre L.","DeVries, C","13740v13",8,5,2013,"Tollway Berm: AY-76/25-97","Yes",28,97,0,NA,22.4,77.6,0,128,NA
"1186","176912.0","0063812MOR","Acer saccharum Marshall","Carle, M","13739v13",8,5,2013,"Tollway Berm: AY-76/64-55","Yes",0,139,14,NA,0,90.8496732,9.150326797,128,5
"1187","176916.0","0063808MOR","Acer saccharum 'Green Mountain'","Moran, E","13734v13",8,5,2013,"Tollway Berm: AZ-70/08-78","Yes",0,154,14,NA,0,91.66666667,8.333333333,128,5
"1189","177010.0","0064034MOR","Acer mono Maxim.","Sachdev, S","13865v13",3,7,2013,"Acer: U-99/88-36","Yes",0,0,35,NA,0,0,100,184,9
"1190","177291.0","0064251MOR","Acer saccharum 'Coleman'","Carle, M","13864v13",3,7,2013,"Acer: V-99/69-86","Yes",0,0,10,NA,0,0,100,184,9
"1191","177292.0","0064250MOR","Acer cappadocicum 'Aureum'","Sachdev, S","13863v13",3,7,2013,"Acer: V-99/85-40","Yes",0,0,12,NA,0,0,100,184,9
"1192","177305.0","0064252MOR","Acer barbatum Michx.","Beck, J","13881v13",11,7,2013,"Ridge Road: X-61/44-34","Yes",0,0,7,NA,0,0,100,192,9
"1193","177315.0","0064239MOR","Acer saccharum Marshall","Beck, J","13879v13",11,7,2013,"Ridge Road: W-63/72-92","Yes",0,0,4,NA,0,0,100,192,9
"1194","177321.0","0064234MOR","Acer pseudosieboldianum (Pax) Kom.","Sachdev, S","13866v13",3,7,2013,"Acer: T-99/50-48","Yes",0,0,7,NA,0,0,100,184,9
"1195","177325.0","0064238MOR","Acer miyabei 'Morton'","DeVries, C","13878v13",10,7,2013,"Acer: P-99/49-75","Yes",0,0,6,NA,0,0,100,191,9
"1196","177330.0","0064273MOR","Acer pseudosieboldianum (Pax) Kom.","Sachdev, S","13862v13",3,7,2013,"Acer: V-99/55-15","Yes",0,0,13,NA,0,0,100,184,9
"1197","177338.0","0064279MOR","Acer monspessulanum L.","Glaysher, L","13933v13",8,8,2013,"Central & Western Asia: DD-69/49-50","Yes",0,0,14,NA,0,0,100,220,9
"1198","177392.0","0064286MOR","Acer turkestanicum Pax","Potenberg, K","13975v13",3,9,2013,"Acer: T-100/94-08","Yes",0,0,20,NA,0,0,100,246,9
"1199","177393.0","0064285MOR","Acer rufinerve Siebold & Zucc.","Potenberg, K","13974v13",3,9,2013,"Acer: U-99/30-92","Yes",0,0,38,NA,0,0,100,246,9
"1200","177394.0","0064284MOR","Acer","Potenberg, K","13972v13",3,9,2013,"Acer: V-101/93-78","Yes",0,0,26,NA,0,0,100,246,9
"1201","177462.0","0065627MOR","Acer heldreichii Orph. ex Boiss.","Potenberg, K","13873v13",9,7,2013,"Frost Hill: D-63/95-45","Yes",0,0,16,NA,0,0,100,190,9
"1202","177463.0","0065628MOR","Acer pseudosieboldianum (Pax) Kom.","Moran, E","13876v13",10,7,2013,"Acer: T-99/88-15","Yes",0,0,8,NA,0,0,100,191,9
"1203","177473.0","0065629MOR","Acer palmatum Thunb.","Sachdev, S","13877v13",10,7,2013,"Acer: T-99/27-05","Yes",0,0,8,NA,0,0,100,191,9
"1204","177518.0","0065960MOR","Acer saccharum Marshall","Potenberg, K","13870v13",9,7,2013,"Tollway Berm: AY-76/64-55","Yes",0,0,26,NA,0,0,100,190,9
"1205","177519.0","0065959MOR","Acer tataricum subsp. ginnala (Maxim.) Wesm.","Potenberg, K","13869v13",9,7,2013,"Tollway Berm: AY-73/07-93","Yes",0,0,35,NA,0,0,100,190,9
"1207","177521.0","0061776MOR","Acer griseum (Franch.) Pax","Lueders, K","KL3",4,11,2013,"Staff Parking: K-42/95-92","Yes",0,0,14,NA,0,0,100,308,9
"1208","177522.0","0061777MOR","Acer griseum (Franch.) Pax","Lueders, K","KL5",5,11,2013,"Acer: R-102/32-08","Yes",0,0,7,NA,0,0,100,309,9
"1210","177525.0","0065961MOR","Acer campestre L.","Potenberg, K","13871v13",9,7,2013,"Tollway Berm: AY-76/25-97","Yes",0,0,25,NA,0,0,100,190,9
"1211","177680.0","0065602MOR","Acer saccharum subsp. nigrum (F.Michx.) Desmarais","Hahn, M","13945v13",13,8,2013,"Midwest: L-62/51-06","Yes",0,0,16,NA,0,0,100,225,9
"1213","177724.0","0061779MOR","Acer griseum (Franch.) Pax","Lueders, K","KL4",5,11,2013,"Acer: O-102/96-03","Yes",0,0,5,NA,0,0,100,309,9
"1215","177834.0","0065921MOR","Acer saccharum Marshall","Bannon, L","13702v13",30,4,2013,"Thornhill Parking: PP-28/02-71","Yes",53,230,0,NA,18.72791519,81.27208481,0,120,5
"1216","177835.0","0065926MOR","Acer mono Maxim.","Potenberg, K","13973v13",3,9,2013,"Acer: W-100/80-59","Yes",0,0,28,NA,0,0,100,246,9
"1217","177843.0","0065925MOR","Acer pseudosieboldianum (Pax) Kom.","Potenberg, K","13967v13",27,8,2013,"Childrens Garden: K-52/54-28","Yes",0,0,5,NA,0,0,100,239,9
"1218","177858.0","0065597MOR","Acer saccharum 'Green Mountain'","Potenberg, K","13872v13",9,7,2013,"Tollway Berm: AZ-70/08-78","Yes",0,0,21,NA,0,0,100,190,9
"1219","177922.0","0065976MOR","Acer grandidentatum Nutt.","Potenberg, K","13971v13",3,9,2013,"Acer: U-102/61-10","Yes",0,0,11,NA,0,0,100,246,9
"1220","178043.0","0065986MOR","Acer saccharum Marshall","Potenberg, K","13976v13",3,9,2013,"Acer: Y-102/81-76","Yes",0,0,83,NA,0,0,100,246,9
"1221","178822.0","0068159MOR","Acer rubrum 'Bowhall'","Madden, ME","14137v14",19,5,2014,"Childrens Garden: J-51/80-67","Yes",0,0,8,NA,0,0,100,139,9
"1222","178823.0","0068161MOR","Acer carpinifolium Siebold & Zucc.","Potenberg, K","14139v14",20,5,2014,"Frost Hill: E-63/85-40","Yes",0,0,13,NA,0,0,100,140,9
"1223","178824.0","0068164MOR","Acer rubrum L.","Potenberg, K","14142v14",20,5,2014,"Midwest: K-63/65-66","Yes",0,0,15,NA,0,0,100,140,9
"1224","178825.0","0068172MOR","Acer mandshuricum Maxim.","Beck, J","14152v14",20,5,2014,"Acer: R-99/30-80","Yes",0,3,16,NA,0,15.78947368,84.21052632,140,8
"1225","178826.0","0068160MOR","Acer tataricum subsp. ginnala 'Compactum'","Madden, ME","14138v14",19,5,2014,"Hedge Garden: I-45/71-17","Yes",21,11,0,NA,65.625,34.375,0,139,2
"1226","178827.0","0068162MOR","Acer × freemanii 'Armstrong'","Potenberg, K","14140v14",20,5,2014,"Frost Hill: G-66/46-34","Yes",0,0,19,NA,0,0,100,140,9
"1227","178828.0","0068163MOR","Acer saccharinum 'Pyramidale'","Potenberg, K","14141v14",20,5,2014,"Frost Hill: G-65/11-06","Yes",0,0,4,NA,0,0,100,140,9
"1228","178829.0","0068165MOR","Acer saccharinum L.","Potenberg, K","14143v14",20,5,2014,"Midwest: O-67/85-94","Yes",0,0,10,NA,0,0,100,140,9
"1229","178830.0","0068173MOR","Acer mono Maxim.","Glaysher, L","14153v14",20,5,2014,"Acer: Q-99/90-62","Yes",0,0,4,NA,0,0,100,140,9
"1230","178831.0","0068166MOR","Acer × freemanii A.E.Murray","DeVries, C","14144v14",21,5,2014,"Acer: N-97/90-55","Yes",0,0,20,NA,0,0,100,141,9
"1231","178832.0","0068167MOR","Acer × freemanii A.E.Murray","Carle, M","14145v14",21,5,2014,"Acer: O-97/70-50","Yes",0,0,15,NA,0,0,100,141,9
"1232","178833.0","0068168MOR","Acer saccharinum 'Beebe Cutleaf Weeping'","Sachdev, S","14146v14",21,5,2014,"Acer: P-99/18-71","Yes",0,0,6,NA,0,0,100,141,9
"1233","178847.0","0068158MOR","Acer saccharinum 'Skinneri'","Madden, ME","14136v14",19,5,2014,"Childrens Garden: J-50/40-90","Yes",0,0,5,NA,0,0,100,139,9
"1234","178848.0","0068170MOR","Acer × freemanii A.E.Murray","Carle, M","14148v14",21,5,2014,"Acer: R-99/81-20","Yes",0,0,11,NA,0,0,100,141,9
"1235","178849.0","0068171MOR","Acer saccharinum L.","Sachdev, S","14149v14",21,5,2014,"Acer: R-98/08-54","Yes",0,0,4,NA,0,0,100,141,9
"1236","178850.0","0068169MOR","Acer saccharinum L.","DeVries, C","14147v14",21,5,2014,"Acer: R-98/08-54","Yes",0,0,4,NA,0,0,100,141,9
"1237","179066.0","0068201MOR","Acer komarovii Pojark.","Potenberg, K","14161v14",3,6,2014,"China: X-61/32-57","Yes",0,0,12,NA,0,0,100,154,9
"1238","180453.0","0074731MOR","Acer × freemanii 'Jeffersred'","Potenberg, K","14390v15",14,4,2015,"Childrens Garden: K-49/23-36","Yes",0,1,18,NA,0,5.263157895,94.73684211,104,9
"1239","180455.0","0074733MOR","Acer rubrum 'Autumn Flame'","Moran, E","14393v15",15,4,2015,"Lake Marmo: V-11/29-11","Yes",0,343,0,NA,0,100,0,105,5
"1240","180456.0","0074734MOR","Acer rubrum L.","DeVries, C","14394v15",15,4,2015,"Acer: R-99/44-45","Yes",90,38,0,NA,70.3125,29.6875,0,105,2
"1241","180457.0","0074735MOR","Acer rubrum L.","Carle, M","14395v15",15,4,2015,"Acer: S-103/65-45","Yes",0,58,86,NA,0,40.27777778,59.72222222,105,7
"1242","180459.0","0074737MOR","Acer rubrum 'Autumn Flame'","Potenberg, K","14392v15",14,4,2015,"Meadow Lake: N-50/71-79","Yes",4,170,0,NA,2.298850575,97.70114943,0,104,5
"1243","181621.0","0082887MOR","Acer griseum (Franch.) Pax","Potenberg, K","14577v15",1,9,2015,"Meadow Lake: N-51/50-40","Yes",0,0,10,NA,0,0,100,244,9
"1244","181660.0","0083876MOR","Acer platanoides L.","Nowicki, B","14654v15",19,10,2015,"Display: B-48/96-53","Yes",0,0,8,NA,0,0,100,292,9
"1245","182477.0","0088435MOR","Acer japonicum Thunb.","Dorrell, J","15165v16",25,10,2016,"China: X-60/94-84","Yes",0,0,6,NA,0,0,100,299,9
"1246","182692.0","0090127MOR","Acer triflorum Kom.","Potenberg, K","15195v16",8,11,2016,"Ground Cover Garden: J-45/54-43","Yes",0,0,14,NA,0,0,100,313,9
"1247","182826.0","0090171MOR","Acer saccharum Marshall","Potenberg, K","15050v16",16,8,2016,"Visitor Center: L-45/47-01","Yes",0,0,7,NA,0,0,100,229,9
"1248","182827.0","0090170MOR","Acer saccharum 'Green Mountain'","Potenberg, K","15051v16",16,8,2016,"Forecourt: M-44/76-14","Yes",0,0,15,NA,0,0,100,229,9
"1249","183337.0","0092254MOR","Acer saccharum Marshall","Nowicki, B","15074v16",29,8,2016,"Visitor Center:L-45/47-01","Yes",0,0,10,NA,0,0,100,242,9
"1252","186548.0","0098025MOR","Acer miyabei 'Morton'","Potenberg, K","15486v17",25,7,2017,"Entrance Drive: U-48/53-78","Yes",0,0,3,NA,0,0,100,206,9
"1255","186948.0","0097774MOR","Acer campestre 'JFS Schichtel2'","Beck, J","16439v19",22,8,2019,"Arbordale: F-33/44-05","Yes",0,0,3,NA,0,0,100,234,9
"1263","187235.0","0098333MOR","Acer monspessulanum L.","Worcester, L","LW354",5,9,2018,"Central & Western Asia: DD-69/49-50","Yes",0,0,18,NA,0,0,100,248,9
"1265","187241.0","0098339MOR","Acer platanoides L.","Worcester, L","LW352",5,9,2018,"Display: D-43/94-12","Yes",0,0,16,NA,0,0,100,248,9
"1266","187242.0","0098340MOR","Acer negundo var. interius (Britton) Sarg.","Worcester, L","LW355",5,9,2018,"Ridge Road: W-63/53-74","Yes",0,0,17,NA,0,0,100,248,9
"1269","187247.0","0098328MOR","Acer sterculiaceum subsp. franchetii (Pax) A.E.Murray","Worcester, L","LW274",1,8,2018,"China: Z-68/52-86","Yes",0,0,13,NA,0,0,100,213,9
"1270","187248.0","0098329MOR","Acer truncatum Bunge","Worcester, L","LW276",1,8,2018,"China: BB-68/62-30","Yes",0,0,11,NA,0,0,100,213,9
"1277","187438.0","0098323MOR","Acer crataegifolium Siebold & Zucc.","Worcester, L","LW262",31,7,2018,"China: X-62/62-36","Yes",42,79,0,NA,34.7107438,65.2892562,0,212,NA
"1278","187439.0","0098324MOR","Acer campestre L.","Worcester, L","LW263",31,7,2018,"China: X-62/26-59","Yes",0,0,19,NA,0,0,100,212,9
"1279","187440.0","0098325MOR","Acer miyabei subsp. miaotaiense (P.C.Tsoong) A.E.Murray","Worcester, L","LW264",31,7,2018,"China: X-62/02-84","Yes",0,0,7,NA,0,0,100,212,9
"1281","187442.0","0098327MOR","Acer pseudoplatanus L.","Worcester, L","LW266",31,7,2018,"China: W-63/21-87","Yes",0,0,2,NA,0,0,100,212,9
"1283","187593.0","0098493MOR","Acer pseudosieboldianum (Pax) Kom.","Worcester, L","LW277",1,8,2018,"China: Z-63/23-03","Yes",0,0,2,NA,0,0,100,213,9
"1284","187594.0","0098492MOR","Acer campestre var. austriacum (Tratt.) DC.","Worcester, L","LW282",3,8,2018,"Oleaceae: P-39/24-20","Yes",0,0,2,NA,0,0,100,215,9
"1285","187595.0","0098491MOR","Acer micranthum Siebold & Zucc.","Worcester, L","LW287",4,8,2018,"Acer: T-100/34-58","Yes",0,0,3,NA,0,0,100,216,9
"1291","187601.0","0098428MOR","Acer rufinerve Siebold & Zucc.","Worcester, L","LW292",4,8,2018,"Acer: U-99/30-92","Yes",0,0,12,NA,0,0,100,216,9
"1298","187858.0","0099252MOR","Acer tegmentosum Maxim.","Worcester, L","LW270",31,7,2018,"China: Y-65/25-69","Yes",0,0,4,NA,0,0,100,212,9
"1299","187859.0","0099251MOR","Acer davidii subsp. grosseri (Pax) P.C.de Jong","Worcester, L","LW269",31,7,2018,"China: X-65/83-47","Yes",0,0,5,NA,0,0,100,212,9
"1305","187865.0","0099247MOR","Acer tschonoskii Maxim.","Worcester, L","LW256",19,7,2018,"Acer: Q-100/86-96","Yes",0,0,10,NA,0,0,100,200,9
"1307","187867.0","0099245MOR","Acer palmatum subsp. amoenum (Carrière) H.Hara","Worcester, L","LW254",19,7,2018,"Acer: P-100/95-84","Yes",0,0,2,NA,0,0,100,200,9
"1309","187871.0","0099217MOR","Acer pentapomicum J.L.Stewart","Worcester, L","LW321",16,8,2018,"Central & Western Asia: CC-70/30-42","Yes",0,0,8,NA,0,0,100,228,9
"1310","187872.0","0099262MOR","Acer carpinifolium Siebold & Zucc.","Worcester, L","LW318",14,8,2018,"Frost Hill: E-63/85-40","Yes",0,0,30,NA,0,0,100,226,9
"1314","187876.0","0099258MOR","Acer ginnala Maxim.","Worcester, L","LW314",14,8,2018,"China: AA-63/16-71","Yes",0,0,5,NA,0,0,100,226,9
"1322","187884.0","0099226MOR","Acer leucoderme Small","Worcester, L","LW338",28,8,2018,"Forest Road: J-94/78-36","Yes",0,0,24,NA,0,0,100,240,9
"1326","187888.0","0099222MOR","Acer tataricum L.","Worcester, L","LW331",17,8,2018,"Central & Western Asia: DD-70/04-82","Yes",0,0,2,NA,0,0,100,229,9
"1344","188352.0","0100194MOR","Acer saccharum 'Green Mountain'","Dorrell, J","16926v21",26,8,2021,"Acer: P-101/91-75","Yes",0,0,15,NA,0,0,100,238,9
"1348","188356.0","0099887MOR","Acer mandshuricum Maxim.","Potenberg, K","16907v21",19,8,2021,"Acer: R-101/09-45","Yes",0,0,7,NA,0,0,100,231,9
"1352","188372.0","0099743MOR","Acer 'Morton UW'","Potenberg, K","16902v21",19,8,2021,"Acer: O-97/26-21","Yes",0,0,2,NA,0,0,100,231,9
"1353","188375.0","0099740MOR","Acer pseudosieboldianum (Pax) Kom.","Potenberg, K","16905v21",19,8,2021,"Acer: S-99/40-27","Yes",0,0,8,NA,0,0,100,231,9
"1356","188423.0","0099510MOR","Acer nikoense Maxim.","Dorrell, J","16917v21",26,8,2021,"Acer: V-98/54-87","Yes",0,0,5,NA,0,0,100,238,9
"1359","188662.0","0099695MOR","Acer mandshuricum Maxim.","Dorrell,","16761v21",27,5,2021,"China: south section: X-65/33-24","Yes",0,0,2,NA,0,0,100,147,9
"1360","188732.0","0100109MOR","Acer turkestanicum Pax","Potenberg, K","17141v22",5,5,2022,"Frost Hill: Inner Loop: E-64/97-00","Yes",49,108,0,NA,31.21019108,68.78980892,0,125,NA
"1361","188734.0","0100107MOR","Acer 'Morton UW'","Potenberg, K","17137v22",5,5,2022,"Frost Hill: North Side: G-59/52-34","Yes",35,30,0,NA,53.84615385,46.15384615,0,125,3
"1362","188767.0","0099923MOR","Acer pseudosieboldianum (Pax) Kom.","Dorrell, J","16923v21",26,8,2021,"Acer: S-99/40-27","Yes",0,0,8,NA,0,0,100,238,9
"1363","188784.0","0099960MOR","Acer pseudosieboldianum (Pax) Kom.","Potenberg, K","17144v22",5,5,2022,"Korea: R-67/85-50","Yes",8,123,0,NA,6.106870229,93.89312977,0,125,5
"1364","188785.0","0099959MOR","Acer pictum subsp. mono H.Ohashi","Potenberg, K","17146v22",5,5,2022,"Korea: R-63/72-48","Yes",8,120,0,NA,6.25,93.75,0,125,5
"1365","188786.0","0099958MOR","Acer pictum subsp. mono H.Ohashi","Potenberg, K","17147v22",5,5,2022,"Korea: R-63/52-55","Yes",8,65,0,NA,10.95890411,89.04109589,0,125,5
"1367","188791.0","0099875MOR","Acer saccharum 'Green Mountain'","Potenberg, K","16910v21",19,8,2021,"Acer: P-101/91-75","Yes",0,0,10,NA,0,0,100,231,9
"1368","188832.0","0099893MOR","Acer miyabei 'Morton'","Potenberg, K","16952v21",21,10,2021,"Visitor center parking west side north: T-47/47-76","Yes",0,0,7,NA,0,0,100,294,9
"1369","188833.0","0099735MOR","Acer mandshuricum Maxim.","Potenberg, K","16497v19",12,9,2019,"Korea: R-64/25-16","Yes",0,0,7,NA,0,0,100,255,9
"1371","188940.0","0100408MOR","Acer × freemanii 'Jeffersred'","Dorrell, J","16729v21",1,4,2021,"Thornhill: Thornhill parking: OO-27/10-28","Yes",12,57,7,NA,15.78947368,75,9.210526316,91,5
"1372","188942.0","0100407MOR","Acer campestre L.","Potenberg, K","16805v21",17,6,2021,"European Central Europe: Z-32/47-65","Yes",0,0,18,NA,0,0,100,168,9
"1373","188959.0","0099856MOR","Acer mono Maxim.","Potenberg, K","16496v19",12,9,2019,"Korea: R-63/52-55","Yes",0,0,3,NA,0,0,100,255,9
"1375","188961.0","0100403MOR","Acer turkestanicum Pax","Potenberg, K","17183v22",26,5,2022,"Acer: T-100/94-08","Yes",2,50,0,NA,3.846153846,96.15384615,0,146,5
"1376","188962.0","0099872MOR","Acer davidii × davidii subsp. grosseri","Potenberg, K","17184v22",26,5,2022,"Acer: T-100/63-05","Yes",0,0,7,NA,0,0,100,146,9
"1382","188990.0","0100218MOR","Acer campestre 'Postelense'","Potenberg, K","17185v22",26,5,2022,"Acer: U-100/89-34","Yes",0,0,16,NA,0,0,100,146,9
"1383","189170.0","0100145MOR","Acer nikoense Maxim.","Potenberg, K","16939v21",30,9,2021,"Acer: V-98/54-87","Yes",0,0,1,NA,0,0,100,273,9
"1386","189272.0","0100525MOR","Acer mandshuricum Maxim.","Potenberg, K","16938v21",30,9,2021,"Acer: R-99/52-91","Yes",0,0,5,NA,0,0,100,273,9
"1390","189530.0","0102313MOR","Acer crataegifolium Siebold & Zucc.","Potenberg, K","17297v22",4,8,2022,"China: X-62/87-39","Yes",0,0,13,NA,0,0,100,216,9
"1393","189575.0","0100954MOR","Acer pseudosieboldianum (Pax) Kom.","Potenberg, K","17321v22",11,8,2022,"China: Y-66/00-39","Yes",0,0,2,NA,0,0,100,223,9
"1397","189608.0","0100852MOR","Acer tegmentosum Maxim.","Potenberg, K","17174v22",26,5,2022,"Acer: R-98/57-34","Yes",0,0,1,NA,0,0,100,146,9
"1398","189609.0","0100851MOR","Acer davidii Franch.","Potenberg, K","17175v22",26,5,2022,"Acer: R-98/60-78","Yes",0,0,18,NA,0,0,100,146,9
"1405","189669.0","0101016MOR","Acer stachyophyllum Hiern","Potenberg, K","17302v22",4,8,2022,"China: W-61/22-72","Yes",0,0,2,NA,0,0,100,216,9
"1408","189701.0","0100981MOR","Acer pictum subsp. mono H.Ohashi","Potenberg, K","17420v22",29,9,2022,"Japan: Z-58/86-65","Yes",0,0,11,NA,0,0,100,272,9
"1410","189729.0","0102268MOR","Acer 'Morton UW'","Potenberg, K","17423v22",29,9,2022,"China: south section: X-60/90-63","Yes",0,0,6,NA,0,0,100,272,9
"1411","190003.0","0100911MOR","Acer pseudosieboldianum (Pax) Kom.","Madden, M.E.","17152v22",16,5,2022,"Children's Garden: K-52/54-28","Yes",0,54,7,NA,0,88.52459016,11.47540984,136,5
"1415","190668.0","0101526MOR","Acer miyabei 'Morton'","Potenberg, K","17861v23",4,5,2023,"Entrance Drive: U-48/53-78","Yes",13,37,0,NA,26,74,0,124,NA
"1416","190669.0","0101525MOR","Acer miyabei 'Morton'","Potenberg, K","17862v23",4,5,2023,"Visitor Center Parking Northwest side: U-48/02-69","Yes",13,51,0,NA,20.3125,79.6875,0,124,NA
"1417","190670.0","0101524MOR","Acer miyabei 'Morton'","Potenberg, K","17863v23",4,5,2023,"Visitor Center Parking Northwest: T-48/83-31","Yes",7,22,0,NA,24.13793103,75.86206897,0,124,NA
"1418","190678.0","0101516MOR","Acer saccharinum L.","Dorrell, J","17814v23",13,4,2023,"Eastern North America Appalachia: AA-75/68-22","Yes",0,67,0,NA,0,100,0,103,5
"1419","190693.0","0101501MOR","Acer nigrum F.Michx.","Dorrell, J","17809v23",13,4,2023,"Midwest East Section: P-71/42-57","Yes",90,13,0,NA,87.37864078,12.62135922,0,103,2
"1420","190745.0","0102074MOR","Acer nigrum F.Michx.","Dorrell, J","17911v23",25,5,2023,"Midwest east section: O-67/97-20","Yes",0,0,13,NA,0,0,100,145,9
"1421","190865.0","0102609MOR","Acer spicatum Lam.","Dorrell, J","17967v23",15,6,2023,"Eastern North America: Z-75/21-10","Yes",0,0,34,NA,0,0,100,166,9
"1424","191013.0","0102915MOR","Acer monspessulanum L.","Potenberg, K","18002v23",29,6,2023,"Acer: X-101/03-98","Yes",0,0,8,NA,0,0,100,180,9
"1426","191180.0","0102844MOR","Acer saccharinum L.","Potenberg, K","17801v23",6,4,2023,"China: Landscape Planting: V-61/93-35","Yes",16,33,0,NA,32.65306122,67.34693878,0,96,NA
"1427","191181.0","0102845MOR","Acer saccharinum 'Laciniatum'","Potenberg, K","17800v23",6,4,2023,"China: Landscape Planting: V-61/01-31","Yes",4,104,0,NA,3.703703704,96.2962963,0,96,5
"1428","191213.0","0102909MOR","Acer rubrum 'Frank Jr.'","Potenberg, K","17832v23",20,4,2023,"Visitor Center Parking: West Side North: S-47/16-41","Yes",0,78,29,NA,0,72.89719626,27.10280374,110,6
"1429","192034.0","0103372MOR","Acer mono Maxim.","Potenberg, K","18324v24",4,4,2024,"Acer: Q-99/90-62","Yes",15,20,0,NA,42.85714286,57.14285714,0,95,3
"1430","192035.0","0103373MOR","Acer negundo var. violaceum Booth ex G.Kirchn.","Potenberg, K","18326v24",4,4,2024,"Acer: P-98/90-00","Yes",116,235,0,NA,33.04843305,66.95156695,0,95,NA
"1431","192036.0","0103374MOR","Acer triflorum Kom.","Potenberg, K","18327v24",4,4,2024,"Visitors Center, raised entrance bed: L-45/83-28","Yes",0,46,0,NA,0,100,0,95,5
"1432","192040.0","0103378MOR","Acer tegmentosum 'Joe Witt'","Hartley, C.","18331v24",11,4,2024,"Arbor Court: J-46/79-61","Yes",0,61,0,NA,0,100,0,102,5
"1433","192062.0","0103402MOR","Acer negundo var. violaceum Booth ex G.Kirchn.","Potenberg, K","18322v24",4,4,2024,"Acer: S-102/49-89","Yes",147,62,0,NA,70.33492823,29.66507177,0,95,2
"1434","192066.0","0103405MOR","Acer tschonoskii Maxim.","Potenberg, K","18323v24",4,4,2024,"Acer: Q-100/86-96","Yes",7,42,0,NA,14.28571429,85.71428571,0,95,5
"1435","192084.0","0103441MOR","Acer rubrum 'Frank Jr.'","Dorrell, J","18307v24",21,3,2024,"Visitors Center Parking: southwest: R-46/32-32","Yes",0,315,8,NA,0,97.52321981,2.476780186,81,5
"1436","192086.0","0103443MOR","Acer × freemanii 'Jeffersred'","Dorrell, J","18305v24",21,3,2004,"Visitor Center Parking - northeast: R-49/90-18","Yes",0,4,42,NA,0,8.695652174,91.30434783,81,9
"1437","192096.0","0103417MOR","Acer rubrum 'Frank Jr.'","Dorrell, J","18378v24",9,5,2024,"Firefly Pond: F-42-04-14","Yes",0,0,15,NA,0,0,100,130,9
"1439","192468.0","0103539MOR","Acer × freemanii 'DTR 102'","Dorrell, J","18382v24",9,5,2024,"Admin Bldg - Library - west: K-40/61-61","Yes",0,0,15,NA,0,0,100,130,9
"1446","194662.0","0109305MOR","Acer saccharum Marshall","Chen, S","18820v25",8,5,2025,"Acer: R-101/61-38","Yes",0,0,17,NA,0,0,100,128,9
"1447","194663.0","0109304MOR","Acer triflorum Kom.","Chen, S","18819v25",8,5,2025,"Acer: R-101/29-18","Yes",0,0,9,NA,0,0,100,128,9
"1448","194664.0","0109303MOR","Acer tschonoskii Maxim.","Chen, S","18818v25",8,5,2025,"Acer: Q-100/86-96","Yes",0,0,53,NA,0,0,100,128,9
"1449","194665.0","0109302MOR","Acer maximowiczii Pax","Chen, S","18817v25",8,5,2025,"Acer: Q-100/38-90","Yes",1,79,0,NA,1.25,98.75,0,128,5
"1450","194666.0","0109301MOR","Acer palmatum var. heptalobum Rehder","Chen, S","18816v25",8,5,2025,"Acer: P-100/95-84","Yes",0,42,23,NA,0,64.61538462,35.38461538,128,6
"1451","194675.0","0109320MOR","Acer rubrum var. drummondii (Hook. & Arn. ex Nutt.) Sarg.","Potenberg, K","18768v25",3,4,2025,"Entrance Drive: Q-42/88-33","Yes",0,131,2,NA,0,98.4962406,1.503759398,93,5
"1452","194676.0","0109319MOR","Acer rubrum 'Frank Jr.'","Potenberg, K","18767v25",3,4,2025,"Firefly Pond: F-42/04-14","Yes",0,86,35,NA,0,71.07438017,28.92561983,93,6
"1453","194690.0","0109339MOR","Acer nigrum F.Michx.","Dorrell, J","18796v25",24,4,2025,"Midwwest-East section: O-67/60-21","Yes",3,38,0,NA,7.317073171,92.68292683,0,114,5
"1454","194713.0","0109341MOR","Acer rubrum L.","Chen, S","18824v25",8,5,2025,"Acer: S-103/65-45","Yes",0,0,24,NA,0,0,100,128,9
"1455","194714.0","0109342MOR","Acer tegmentosum 'Joe Witt'","Chen, S","18826v25",15,5,2025,"Meadow Lake - South side: M-51/92-84","Yes",0,0,9,NA,0,0,100,135,9
"1456","194716.0","0109344MOR","Acer negundo L.","Chen, S","18822v25",8,5,2025,"Acer: S-102/49-89","Yes",0,56,0,"Hard to determine",0,100,0,128,5
"1457","194717.0","0109345MOR","Acer negundo var. interius (Britton) Sarg.","Chen, S","18823v25",8,5,2025,"Acer: S-102/73-88","Yes",0,0,34,NA,0,0,100,128,9
"1458","194749.0","0112546MOR","Acer sterculiaceum subsp. franchetii (Pax) A.E.Murray","Potenberg, K","18857v25",19,6,2025,"China: central section: Z-64/45-55","Yes",0,0,17,NA,0,0,100,170,9
"1459","194750.0","0112551MOR","Acer pictum subsp. mono H.Ohashi","Chen, S","18791v25",17,4,2025,"Acer: P-101/61-30","Yes",8,22,0,NA,26.66666667,73.33333333,0,107,NA
"1460","194751.0","0112552MOR","Acer triflorum Kom.","Chen, S","18794v25",17,4,2025,"Acer: R-100/4747-98","Yes",0,58,0,NA,0,100,0,107,5
"1461","194754.0","0112555MOR","Acer saccharum Marshall","Sila, H","18795v25",17,4,2025,"Acer: S-101/13-12","Yes",13,275,0,NA,4.513888889,95.48611111,0,107,5
"1463","195008.0","0112607MOR","Acer triflorum Kom.","Potenberg, K","18851v25",12,6,2025,"Firefly Pond: H-42/35-75","Yes",0,0,4,NA,0,0,100,163,9
"1465","195205.0","0112647MOR","Acer saccharum 'Bailsta'","Chen, S","18898v25",17,7,2025,"Acer: X-102/88-43","Yes",0,0,7,NA,0,0,100,198,9
"1466","195209.0","0112651MOR","Acer cappadocicum Gled.","Chen, S","18926v25",7,8,2025,"Acer: P-101/54-73","Yes",0,0,5,NA,0,0,100,219,9
"1467","195210.0","0112652MOR","Acer saccharum 'Green Mountain'","Chen, S","18927v25",7,8,2025,"Acer: P-101/26-50","Yes",0,0,3,NA,0,0,100,219,9
"1468","195211.0","0112653MOR","Acer saccharum 'Temples Upright'","Chen, S","18928v25",7,8,2025,"Acer: Q-101/73-65","Yes",0,0,2,NA,0,0,100,219,9
"1470","195233.0","0112632MOR","Acer miyabei 'Morton'","Potenberg, K","18935v25",14,8,2025,"Research Parking Median: G-39/74-63","Yes",0,0,8,NA,0,0,100,226,9
"1471","195739.0",NA,"Acer pentapomicum J.L.Stewart","Dorrell, J","19012v25",16,10,2025,"Central & Western Asia: EE-71/60-66","Yes",0,0,11,NA,0,0,100,289,9
"1472","195749.0",NA,"Acer pauciflorum W.P.Fang","Dorrell, J","19003v25",16,10,2025,"China: south section: X-65/17-00","Yes",0,0,5,NA,0,0,100,289,9
"1473","195750.0",NA,"Acer palmatum subsp. amoenum (Carrière) H.Hara","Dorrell, J","19004v25",16,10,2025,"China: south section: W-65/24-21","Yes",0,0,9,NA,0,0,100,289,9
"1474","195752.0",NA,"Acer mono Maxim.","Dorrell, J","19008v25",16,10,2025,"China: central section: AA-68/96-74","Yes",0,0,14,NA,0,0,100,289,9
"1475","195767.0",NA,"Acer × freemanii 'Marmo'","Potenberg, K","19083v26",12,3,2026,"Children's Garden: south fence line: J-48/89-74","Yes",5,24,0,NA,17.24137931,82.75862069,0,71,5
"1476","195774.0",NA,"Acer saccharum Marshall","Dorrell, J","18991v25",2,10,2025,"Midwest: west section: L-62/66-18","Yes",0,0,18,NA,0,0,100,275,9
"1477","195803.0",NA,"Acer saccharum Marshall","Chen, S","18899v25",17,7,2025,"Acer: Y-104/77-22","Yes",0,0,9,NA,0,0,100,198,9
"1478","195826.0",NA,"Acer × freemanii 'Jenner'","Hartley, C.","19088v26",19,3,2026,"Acer: T-101/83-94","Yes",9,123,0,NA,6.818181818,93.18181818,0,78,5
"1479","195830.0",NA,"Acer saccharinum 'Laciniatum'","Hartley, C.","19089v26",19,3,2026,"Acer: U-103/49-00","Yes",58,0,0,NA,100,0,0,78,1
"1480","195831.0",NA,"Acer rufinerve Siebold & Zucc.","Hartley, C.","19090v26",19,3,2026,"Acer: T-99/57-30","Yes",0,0,3,NA,0,0,100,78,9
"1481","195835.0",NA,"Acer rubrum 'Frank Jr.'","Potenberg, K","19102v26",9,4,2026,"Service Area: C-38/96-50","Yes",0,26,323,NA,0,7.449856734,92.55014327,99,9
"1482","195836.0",NA,"Acer triflorum Kom.","Potenberg, K","19103v26",9,4,2026,"Service Area: D-41/30-04","Yes",0,1,16,NA,0,5.882352941,94.11764706,99,9
"1483","196366.0","0039388MOR","Acer campestre subsp. leiocarpum (Wallr.) Pax","Wiegrefe, S","261.0",5,5,1993,"Acer Collection, T-99/30-65","Yes",0,27,24,NA,0,52.94117647,47.05882353,125,6
"1484","1.0",NA,"Acer pseudoplatanus L.","Beck, J","13471v12",24,5,2012,"China: W-63/21-87","Yes",0,0,11,NA,0,0,100,145,9
"1510","59.0",NA,"Acer pseudosieboldianum (Pax) Kom.","Morrison, K","56.0",5,7,2019,"Acer: T-99/67-00","Yes",0,0,6,NA,0,0,100,186,9
"1522","39.0",NA,"Acer turkestanicum Pax","Morrison, K","55.0",5,7,2019,"Acer: T-99/75-79","Yes",0,0,1,NA,0,0,100,186,9
"1523","40.0",NA,"Acer saccharum Marshall.","Potenberg, K","CRTI",17,4,2025,"NN-26/64-90","Yes",77,213,0,"Not in permanent collection",26.55172414,73.44827586,0,107,NA
"1524","41.0",NA,"Acer 'Morton UW'","Shearer, KM","41.0",25,4,2017,"China: X-60/90-63.","Yes",2,19,0,NA,9.523809524,90.47619048,0,115,5
"1525","61.0",NA,"Acer 'Morton UW'","Shearer, KM","40.0",25,4,2017,"China: X-60/90-63.","Yes",10,37,0,NA,21.27659574,78.72340426,0,115,NA
"1526","62.0",NA,"Acer palmatum var. heptalobum Rehder","Dorrell, J","16921v21",26,8,2021,"Acer: S-99/98-17","Yes",0,0,19,NA,0,0,100,238,9
"1527","44.0",NA,"Acer palmatum var. heptalobum Rehder","Dorrell, J","16924v21",26,8,2021,"Acer: Q-101/42-38","Yes",0,0,9,NA,0,0,100,238,9
